scheduler,failure_probability,capacity_per_worker,carbon_condition,carbon_scale,seed,execution_time_seconds,energy_kwh,carbon_emissions_g,carbon_reduction_percent,total_attempts,failed_attempts,failure_rate_percent,completed_tasks,permanently_failed_tasks,recovery_time_seconds,recovered_task_count,workflow_status,assignments,worker_failures,worker_interrupted_tasks,worker_failure_retries,worker_recoveries,repetition
Round Robin,0.0,1,Low,0.5,20261029,27.30952380952381,0.003347883597883599,0.5838029100529101,,12,0,0.0,12,0,0.0,0,COMPLETED,12,0,0,0,0,1
Least Loaded,0.0,1,Low,0.5,20261029,29.0,0.003436243386243386,0.610010582010582,,12,0,0.0,12,0,0.0,0,COMPLETED,12,0,0,0,0,1
Performance Only,0.0,1,Low,0.5,20261029,25.5952380952381,0.002820899470899471,0.37672751322751324,,12,0,0.0,12,0,0.0,0,COMPLETED,12,0,0,0,0,1
CEDAR-inspired,0.0,1,Low,0.5,20261029,25.5952380952381,0.002820899470899471,0.37672751322751324,,12,0,0.0,12,0,0.0,0,COMPLETED,12,0,0,0,0,1
Proposed Failure-Aware Carbon,0.0,1,Low,0.5,20261029,26.380952380952383,0.002824074074074074,0.39064814814814813,,12,0,0.0,12,0,0.0,0,COMPLETED,12,0,0,0,0,1
Round Robin,0.0,1,Low,0.5,20261030,27.30952380952381,0.003347883597883599,0.5838029100529101,,12,0,0.0,12,0,0.0,0,COMPLETED,12,0,0,0,0,2
Least Loaded,0.0,1,Low,0.5,20261030,29.0,0.003436243386243386,0.610010582010582,,12,0,0.0,12,0,0.0,0,COMPLETED,12,0,0,0,0,2
Performance Only,0.0,1,Low,0.5,20261030,25.5952380952381,0.002820899470899471,0.37672751322751324,,12,0,0.0,12,0,0.0,0,COMPLETED,12,0,0,0,0,2
CEDAR-inspired,0.0,1,Low,0.5,20261030,25.5952380952381,0.002820899470899471,0.37672751322751324,,12,0,0.0,12,0,0.0,0,COMPLETED,12,0,0,0,0,2
Proposed Failure-Aware Carbon,0.0,1,Low,0.5,20261030,26.380952380952383,0.002824074074074074,0.39064814814814813,,12,0,0.0,12,0,0.0,0,COMPLETED,12,0,0,0,0,2
Round Robin,0.0,1,Low,0.5,20261031,27.30952380952381,0.003347883597883599,0.5838029100529101,,12,0,0.0,12,0,0.0,0,COMPLETED,12,0,0,0,0,3
Least Loaded,0.0,1,Low,0.5,20261031,29.0,0.003436243386243386,0.610010582010582,,12,0,0.0,12,0,0.0,0,COMPLETED,12,0,0,0,0,3
Performance Only,0.0,1,Low,0.5,20261031,25.5952380952381,0.002820899470899471,0.37672751322751324,,12,0,0.0,12,0,0.0,0,COMPLETED,12,0,0,0,0,3
CEDAR-inspired,0.0,1,Low,0.5,20261031,25.5952380952381,0.002820899470899471,0.37672751322751324,,12,0,0.0,12,0,0.0,0,COMPLETED,12,0,0,0,0,3
Proposed Failure-Aware Carbon,0.0,1,Low,0.5,20261031,26.380952380952383,0.002824074074074074,0.39064814814814813,,12,0,0.0,12,0,0.0,0,COMPLETED,12,0,0,0,0,3
Round Robin,0.0,1,Medium,1.0,20261129,27.30952380952381,0.003347883597883599,1.1676058201058201,,12,0,0.0,12,0,0.0,0,COMPLETED,12,0,0,0,0,1
Least Loaded,0.0,1,Medium,1.0,20261129,29.0,0.003436243386243386,1.220021164021164,,12,0,0.0,12,0,0.0,0,COMPLETED,12,0,0,0,0,1
Performance Only,0.0,1,Medium,1.0,20261129,25.5952380952381,0.002820899470899471,0.7534550264550265,,12,0,0.0,12,0,0.0,0,COMPLETED,12,0,0,0,0,1
CEDAR-inspired,0.0,1,Medium,1.0,20261129,25.5952380952381,0.002820899470899471,0.7534550264550265,,12,0,0.0,12,0,0.0,0,COMPLETED,12,0,0,0,0,1
Proposed Failure-Aware Carbon,0.0,1,Medium,1.0,20261129,26.380952380952383,0.002824074074074074,0.7812962962962963,,12,0,0.0,12,0,0.0,0,COMPLETED,12,0,0,0,0,1
Round Robin,0.0,1,Medium,1.0,20261130,27.30952380952381,0.003347883597883599,1.1676058201058201,,12,0,0.0,12,0,0.0,0,COMPLETED,12,0,0,0,0,2
Least Loaded,0.0,1,Medium,1.0,20261130,29.0,0.003436243386243386,1.220021164021164,,12,0,0.0,12,0,0.0,0,COMPLETED,12,0,0,0,0,2
Performance Only,0.0,1,Medium,1.0,20261130,25.5952380952381,0.002820899470899471,0.7534550264550265,,12,0,0.0,12,0,0.0,0,COMPLETED,12,0,0,0,0,2
CEDAR-inspired,0.0,1,Medium,1.0,20261130,25.5952380952381,0.002820899470899471,0.7534550264550265,,12,0,0.0,12,0,0.0,0,COMPLETED,12,0,0,0,0,2
Proposed Failure-Aware Carbon,0.0,1,Medium,1.0,20261130,26.380952380952383,0.002824074074074074,0.7812962962962963,,12,0,0.0,12,0,0.0,0,COMPLETED,12,0,0,0,0,2
Round Robin,0.0,1,Medium,1.0,20261131,27.30952380952381,0.003347883597883599,1.1676058201058201,,12,0,0.0,12,0,0.0,0,COMPLETED,12,0,0,0,0,3
Least Loaded,0.0,1,Medium,1.0,20261131,29.0,0.003436243386243386,1.220021164021164,,12,0,0.0,12,0,0.0,0,COMPLETED,12,0,0,0,0,3
Performance Only,0.0,1,Medium,1.0,20261131,25.5952380952381,0.002820899470899471,0.7534550264550265,,12,0,0.0,12,0,0.0,0,COMPLETED,12,0,0,0,0,3
CEDAR-inspired,0.0,1,Medium,1.0,20261131,25.5952380952381,0.002820899470899471,0.7534550264550265,,12,0,0.0,12,0,0.0,0,COMPLETED,12,0,0,0,0,3
Proposed Failure-Aware Carbon,0.0,1,Medium,1.0,20261131,26.380952380952383,0.002824074074074074,0.7812962962962963,,12,0,0.0,12,0,0.0,0,COMPLETED,12,0,0,0,0,3
Round Robin,0.0,1,High,1.5,20261229,27.30952380952381,0.003347883597883599,1.7514087301587302,,12,0,0.0,12,0,0.0,0,COMPLETED,12,0,0,0,0,1
Least Loaded,0.0,1,High,1.5,20261229,29.0,0.003436243386243386,1.8300317460317463,,12,0,0.0,12,0,0.0,0,COMPLETED,12,0,0,0,0,1
Performance Only,0.0,1,High,1.5,20261229,25.5952380952381,0.002820899470899471,1.1301825396825398,,12,0,0.0,12,0,0.0,0,COMPLETED,12,0,0,0,0,1
CEDAR-inspired,0.0,1,High,1.5,20261229,25.5952380952381,0.002820899470899471,1.1301825396825398,,12,0,0.0,12,0,0.0,0,COMPLETED,12,0,0,0,0,1
Proposed Failure-Aware Carbon,0.0,1,High,1.5,20261229,26.380952380952383,0.002824074074074074,1.1719444444444445,,12,0,0.0,12,0,0.0,0,COMPLETED,12,0,0,0,0,1
Round Robin,0.0,1,High,1.5,20261230,27.30952380952381,0.003347883597883599,1.7514087301587302,,12,0,0.0,12,0,0.0,0,COMPLETED,12,0,0,0,0,2
Least Loaded,0.0,1,High,1.5,20261230,29.0,0.003436243386243386,1.8300317460317463,,12,0,0.0,12,0,0.0,0,COMPLETED,12,0,0,0,0,2
Performance Only,0.0,1,High,1.5,20261230,25.5952380952381,0.002820899470899471,1.1301825396825398,,12,0,0.0,12,0,0.0,0,COMPLETED,12,0,0,0,0,2
CEDAR-inspired,0.0,1,High,1.5,20261230,25.5952380952381,0.002820899470899471,1.1301825396825398,,12,0,0.0,12,0,0.0,0,COMPLETED,12,0,0,0,0,2
Proposed Failure-Aware Carbon,0.0,1,High,1.5,20261230,26.380952380952383,0.002824074074074074,1.1719444444444445,,12,0,0.0,12,0,0.0,0,COMPLETED,12,0,0,0,0,2
Round Robin,0.0,1,High,1.5,20261231,27.30952380952381,0.003347883597883599,1.7514087301587302,,12,0,0.0,12,0,0.0,0,COMPLETED,12,0,0,0,0,3
Least Loaded,0.0,1,High,1.5,20261231,29.0,0.003436243386243386,1.8300317460317463,,12,0,0.0,12,0,0.0,0,COMPLETED,12,0,0,0,0,3
Performance Only,0.0,1,High,1.5,20261231,25.5952380952381,0.002820899470899471,1.1301825396825398,,12,0,0.0,12,0,0.0,0,COMPLETED,12,0,0,0,0,3
CEDAR-inspired,0.0,1,High,1.5,20261231,25.5952380952381,0.002820899470899471,1.1301825396825398,,12,0,0.0,12,0,0.0,0,COMPLETED,12,0,0,0,0,3
Proposed Failure-Aware Carbon,0.0,1,High,1.5,20261231,26.380952380952383,0.002824074074074074,1.1719444444444445,,12,0,0.0,12,0,0.0,0,COMPLETED,12,0,0,0,0,3
Round Robin,0.0,2,Low,0.5,20261329,27.30952380952381,0.003347883597883599,0.5838029100529101,,12,0,0.0,12,0,0.0,0,COMPLETED,12,0,0,0,0,1
Least Loaded,0.0,2,Low,0.5,20261329,29.0,0.003436243386243386,0.610010582010582,,12,0,0.0,12,0,0.0,0,COMPLETED,12,0,0,0,0,1
Performance Only,0.0,2,Low,0.5,20261329,22.857142857142858,0.002671957671957672,0.36820105820105814,,12,0,0.0,12,0,0.0,0,COMPLETED,12,0,0,0,0,1
CEDAR-inspired,0.0,2,Low,0.5,20261329,25.5952380952381,0.0026304232804232803,0.30648941798941803,,12,0,0.0,12,0,0.0,0,COMPLETED,12,0,0,0,0,1
Proposed Failure-Aware Carbon,0.0,2,Low,0.5,20261329,25.5952380952381,0.0026304232804232803,0.30648941798941803,,12,0,0.0,12,0,0.0,0,COMPLETED,12,0,0,0,0,1
Round Robin,0.0,2,Low,0.5,20261330,27.30952380952381,0.003347883597883599,0.5838029100529101,,12,0,0.0,12,0,0.0,0,COMPLETED,12,0,0,0,0,2
Least Loaded,0.0,2,Low,0.5,20261330,29.0,0.003436243386243386,0.610010582010582,,12,0,0.0,12,0,0.0,0,COMPLETED,12,0,0,0,0,2
Performance Only,0.0,2,Low,0.5,20261330,22.857142857142858,0.002671957671957672,0.36820105820105814,,12,0,0.0,12,0,0.0,0,COMPLETED,12,0,0,0,0,2
CEDAR-inspired,0.0,2,Low,0.5,20261330,25.5952380952381,0.0026304232804232803,0.30648941798941803,,12,0,0.0,12,0,0.0,0,COMPLETED,12,0,0,0,0,2
Proposed Failure-Aware Carbon,0.0,2,Low,0.5,20261330,25.5952380952381,0.0026304232804232803,0.30648941798941803,,12,0,0.0,12,0,0.0,0,COMPLETED,12,0,0,0,0,2
Round Robin,0.0,2,Low,0.5,20261331,27.30952380952381,0.003347883597883599,0.5838029100529101,,12,0,0.0,12,0,0.0,0,COMPLETED,12,0,0,0,0,3
Least Loaded,0.0,2,Low,0.5,20261331,29.0,0.003436243386243386,0.610010582010582,,12,0,0.0,12,0,0.0,0,COMPLETED,12,0,0,0,0,3
Performance Only,0.0,2,Low,0.5,20261331,22.857142857142858,0.002671957671957672,0.36820105820105814,,12,0,0.0,12,0,0.0,0,COMPLETED,12,0,0,0,0,3
CEDAR-inspired,0.0,2,Low,0.5,20261331,25.5952380952381,0.0026304232804232803,0.30648941798941803,,12,0,0.0,12,0,0.0,0,COMPLETED,12,0,0,0,0,3
Proposed Failure-Aware Carbon,0.0,2,Low,0.5,20261331,25.5952380952381,0.0026304232804232803,0.30648941798941803,,12,0,0.0,12,0,0.0,0,COMPLETED,12,0,0,0,0,3
Round Robin,0.0,2,Medium,1.0,20261429,27.30952380952381,0.003347883597883599,1.1676058201058201,,12,0,0.0,12,0,0.0,0,COMPLETED,12,0,0,0,0,1
Least Loaded,0.0,2,Medium,1.0,20261429,29.0,0.003436243386243386,1.220021164021164,,12,0,0.0,12,0,0.0,0,COMPLETED,12,0,0,0,0,1
Performance Only,0.0,2,Medium,1.0,20261429,22.857142857142858,0.002671957671957672,0.7364021164021163,,12,0,0.0,12,0,0.0,0,COMPLETED,12,0,0,0,0,1
CEDAR-inspired,0.0,2,Medium,1.0,20261429,25.5952380952381,0.0026304232804232803,0.6129788359788361,,12,0,0.0,12,0,0.0,0,COMPLETED,12,0,0,0,0,1
Proposed Failure-Aware Carbon,0.0,2,Medium,1.0,20261429,25.5952380952381,0.0026304232804232803,0.6129788359788361,,12,0,0.0,12,0,0.0,0,COMPLETED,12,0,0,0,0,1
Round Robin,0.0,2,Medium,1.0,20261430,27.30952380952381,0.003347883597883599,1.1676058201058201,,12,0,0.0,12,0,0.0,0,COMPLETED,12,0,0,0,0,2
Least Loaded,0.0,2,Medium,1.0,20261430,29.0,0.003436243386243386,1.220021164021164,,12,0,0.0,12,0,0.0,0,COMPLETED,12,0,0,0,0,2
Performance Only,0.0,2,Medium,1.0,20261430,22.857142857142858,0.002671957671957672,0.7364021164021163,,12,0,0.0,12,0,0.0,0,COMPLETED,12,0,0,0,0,2
CEDAR-inspired,0.0,2,Medium,1.0,20261430,25.5952380952381,0.0026304232804232803,0.6129788359788361,,12,0,0.0,12,0,0.0,0,COMPLETED,12,0,0,0,0,2
Proposed Failure-Aware Carbon,0.0,2,Medium,1.0,20261430,25.5952380952381,0.0026304232804232803,0.6129788359788361,,12,0,0.0,12,0,0.0,0,COMPLETED,12,0,0,0,0,2
Round Robin,0.0,2,Medium,1.0,20261431,27.30952380952381,0.003347883597883599,1.1676058201058201,,12,0,0.0,12,0,0.0,0,COMPLETED,12,0,0,0,0,3
Least Loaded,0.0,2,Medium,1.0,20261431,29.0,0.003436243386243386,1.220021164021164,,12,0,0.0,12,0,0.0,0,COMPLETED,12,0,0,0,0,3
Performance Only,0.0,2,Medium,1.0,20261431,22.857142857142858,0.002671957671957672,0.7364021164021163,,12,0,0.0,12,0,0.0,0,COMPLETED,12,0,0,0,0,3
CEDAR-inspired,0.0,2,Medium,1.0,20261431,25.5952380952381,0.0026304232804232803,0.6129788359788361,,12,0,0.0,12,0,0.0,0,COMPLETED,12,0,0,0,0,3
Proposed Failure-Aware Carbon,0.0,2,Medium,1.0,20261431,25.5952380952381,0.0026304232804232803,0.6129788359788361,,12,0,0.0,12,0,0.0,0,COMPLETED,12,0,0,0,0,3
Round Robin,0.0,2,High,1.5,20261529,27.30952380952381,0.003347883597883599,1.7514087301587302,,12,0,0.0,12,0,0.0,0,COMPLETED,12,0,0,0,0,1
Least Loaded,0.0,2,High,1.5,20261529,29.0,0.003436243386243386,1.8300317460317463,,12,0,0.0,12,0,0.0,0,COMPLETED,12,0,0,0,0,1
Performance Only,0.0,2,High,1.5,20261529,22.857142857142858,0.002671957671957672,1.1046031746031746,,12,0,0.0,12,0,0.0,0,COMPLETED,12,0,0,0,0,1
CEDAR-inspired,0.0,2,High,1.5,20261529,25.5952380952381,0.0026304232804232803,0.919468253968254,,12,0,0.0,12,0,0.0,0,COMPLETED,12,0,0,0,0,1
Proposed Failure-Aware Carbon,0.0,2,High,1.5,20261529,25.5952380952381,0.0026304232804232803,0.919468253968254,,12,0,0.0,12,0,0.0,0,COMPLETED,12,0,0,0,0,1
Round Robin,0.0,2,High,1.5,20261530,27.30952380952381,0.003347883597883599,1.7514087301587302,,12,0,0.0,12,0,0.0,0,COMPLETED,12,0,0,0,0,2
Least Loaded,0.0,2,High,1.5,20261530,29.0,0.003436243386243386,1.8300317460317463,,12,0,0.0,12,0,0.0,0,COMPLETED,12,0,0,0,0,2
Performance Only,0.0,2,High,1.5,20261530,22.857142857142858,0.002671957671957672,1.1046031746031746,,12,0,0.0,12,0,0.0,0,COMPLETED,12,0,0,0,0,2
CEDAR-inspired,0.0,2,High,1.5,20261530,25.5952380952381,0.0026304232804232803,0.919468253968254,,12,0,0.0,12,0,0.0,0,COMPLETED,12,0,0,0,0,2
Proposed Failure-Aware Carbon,0.0,2,High,1.5,20261530,25.5952380952381,0.0026304232804232803,0.919468253968254,,12,0,0.0,12,0,0.0,0,COMPLETED,12,0,0,0,0,2
Round Robin,0.0,2,High,1.5,20261531,27.30952380952381,0.003347883597883599,1.7514087301587302,,12,0,0.0,12,0,0.0,0,COMPLETED,12,0,0,0,0,3
Least Loaded,0.0,2,High,1.5,20261531,29.0,0.003436243386243386,1.8300317460317463,,12,0,0.0,12,0,0.0,0,COMPLETED,12,0,0,0,0,3
Performance Only,0.0,2,High,1.5,20261531,22.857142857142858,0.002671957671957672,1.1046031746031746,,12,0,0.0,12,0,0.0,0,COMPLETED,12,0,0,0,0,3
CEDAR-inspired,0.0,2,High,1.5,20261531,25.5952380952381,0.0026304232804232803,0.919468253968254,,12,0,0.0,12,0,0.0,0,COMPLETED,12,0,0,0,0,3
Proposed Failure-Aware Carbon,0.0,2,High,1.5,20261531,25.5952380952381,0.0026304232804232803,0.919468253968254,,12,0,0.0,12,0,0.0,0,COMPLETED,12,0,0,0,0,3
Round Robin,0.0,3,Low,0.5,20261629,27.30952380952381,0.003347883597883599,0.5838029100529101,,12,0,0.0,12,0,0.0,0,COMPLETED,12,0,0,0,0,1
Least Loaded,0.0,3,Low,0.5,20261629,29.0,0.003436243386243386,0.610010582010582,,12,0,0.0,12,0,0.0,0,COMPLETED,12,0,0,0,0,1
Performance Only,0.0,3,Low,0.5,20261629,22.857142857142858,0.002648148148148148,0.39129629629629625,,12,0,0.0,12,0,0.0,0,COMPLETED,12,0,0,0,0,1
CEDAR-inspired,0.0,3,Low,0.5,20261629,25.5952380952381,0.0026637566137566134,0.35348941798941796,,12,0,0.0,12,0,0.0,0,COMPLETED,12,0,0,0,0,1
Proposed Failure-Aware Carbon,0.0,3,Low,0.5,20261629,25.5952380952381,0.0026304232804232803,0.30648941798941803,,12,0,0.0,12,0,0.0,0,COMPLETED,12,0,0,0,0,1
Round Robin,0.0,3,Low,0.5,20261630,27.30952380952381,0.003347883597883599,0.5838029100529101,,12,0,0.0,12,0,0.0,0,COMPLETED,12,0,0,0,0,2
Least Loaded,0.0,3,Low,0.5,20261630,29.0,0.003436243386243386,0.610010582010582,,12,0,0.0,12,0,0.0,0,COMPLETED,12,0,0,0,0,2
Performance Only,0.0,3,Low,0.5,20261630,22.857142857142858,0.002648148148148148,0.39129629629629625,,12,0,0.0,12,0,0.0,0,COMPLETED,12,0,0,0,0,2
CEDAR-inspired,0.0,3,Low,0.5,20261630,25.5952380952381,0.0026637566137566134,0.35348941798941796,,12,0,0.0,12,0,0.0,0,COMPLETED,12,0,0,0,0,2
Proposed Failure-Aware Carbon,0.0,3,Low,0.5,20261630,25.5952380952381,0.0026304232804232803,0.30648941798941803,,12,0,0.0,12,0,0.0,0,COMPLETED,12,0,0,0,0,2
Round Robin,0.0,3,Low,0.5,20261631,27.30952380952381,0.003347883597883599,0.5838029100529101,,12,0,0.0,12,0,0.0,0,COMPLETED,12,0,0,0,0,3
Least Loaded,0.0,3,Low,0.5,20261631,29.0,0.003436243386243386,0.610010582010582,,12,0,0.0,12,0,0.0,0,COMPLETED,12,0,0,0,0,3
Performance Only,0.0,3,Low,0.5,20261631,22.857142857142858,0.002648148148148148,0.39129629629629625,,12,0,0.0,12,0,0.0,0,COMPLETED,12,0,0,0,0,3
CEDAR-inspired,0.0,3,Low,0.5,20261631,25.5952380952381,0.0026637566137566134,0.35348941798941796,,12,0,0.0,12,0,0.0,0,COMPLETED,12,0,0,0,0,3
Proposed Failure-Aware Carbon,0.0,3,Low,0.5,20261631,25.5952380952381,0.0026304232804232803,0.30648941798941803,,12,0,0.0,12,0,0.0,0,COMPLETED,12,0,0,0,0,3
Round Robin,0.0,3,Medium,1.0,20261729,27.30952380952381,0.003347883597883599,1.1676058201058201,,12,0,0.0,12,0,0.0,0,COMPLETED,12,0,0,0,0,1
Least Loaded,0.0,3,Medium,1.0,20261729,29.0,0.003436243386243386,1.220021164021164,,12,0,0.0,12,0,0.0,0,COMPLETED,12,0,0,0,0,1
Performance Only,0.0,3,Medium,1.0,20261729,22.857142857142858,0.002648148148148148,0.7825925925925925,,12,0,0.0,12,0,0.0,0,COMPLETED,12,0,0,0,0,1
CEDAR-inspired,0.0,3,Medium,1.0,20261729,25.5952380952381,0.0026637566137566134,0.7069788359788359,,12,0,0.0,12,0,0.0,0,COMPLETED,12,0,0,0,0,1
Proposed Failure-Aware Carbon,0.0,3,Medium,1.0,20261729,25.5952380952381,0.0026304232804232803,0.6129788359788361,,12,0,0.0,12,0,0.0,0,COMPLETED,12,0,0,0,0,1
Round Robin,0.0,3,Medium,1.0,20261730,27.30952380952381,0.003347883597883599,1.1676058201058201,,12,0,0.0,12,0,0.0,0,COMPLETED,12,0,0,0,0,2
Least Loaded,0.0,3,Medium,1.0,20261730,29.0,0.003436243386243386,1.220021164021164,,12,0,0.0,12,0,0.0,0,COMPLETED,12,0,0,0,0,2
Performance Only,0.0,3,Medium,1.0,20261730,22.857142857142858,0.002648148148148148,0.7825925925925925,,12,0,0.0,12,0,0.0,0,COMPLETED,12,0,0,0,0,2
CEDAR-inspired,0.0,3,Medium,1.0,20261730,25.5952380952381,0.0026637566137566134,0.7069788359788359,,12,0,0.0,12,0,0.0,0,COMPLETED,12,0,0,0,0,2
Proposed Failure-Aware Carbon,0.0,3,Medium,1.0,20261730,25.5952380952381,0.0026304232804232803,0.6129788359788361,,12,0,0.0,12,0,0.0,0,COMPLETED,12,0,0,0,0,2
Round Robin,0.0,3,Medium,1.0,20261731,27.30952380952381,0.003347883597883599,1.1676058201058201,,12,0,0.0,12,0,0.0,0,COMPLETED,12,0,0,0,0,3
Least Loaded,0.0,3,Medium,1.0,20261731,29.0,0.003436243386243386,1.220021164021164,,12,0,0.0,12,0,0.0,0,COMPLETED,12,0,0,0,0,3
Performance Only,0.0,3,Medium,1.0,20261731,22.857142857142858,0.002648148148148148,0.7825925925925925,,12,0,0.0,12,0,0.0,0,COMPLETED,12,0,0,0,0,3
CEDAR-inspired,0.0,3,Medium,1.0,20261731,25.5952380952381,0.0026637566137566134,0.7069788359788359,,12,0,0.0,12,0,0.0,0,COMPLETED,12,0,0,0,0,3
Proposed Failure-Aware Carbon,0.0,3,Medium,1.0,20261731,25.5952380952381,0.0026304232804232803,0.6129788359788361,,12,0,0.0,12,0,0.0,0,COMPLETED,12,0,0,0,0,3
Round Robin,0.0,3,High,1.5,20261829,27.30952380952381,0.003347883597883599,1.7514087301587302,,12,0,0.0,12,0,0.0,0,COMPLETED,12,0,0,0,0,1
Least Loaded,0.0,3,High,1.5,20261829,29.0,0.003436243386243386,1.8300317460317463,,12,0,0.0,12,0,0.0,0,COMPLETED,12,0,0,0,0,1
Performance Only,0.0,3,High,1.5,20261829,22.857142857142858,0.002648148148148148,1.173888888888889,,12,0,0.0,12,0,0.0,0,COMPLETED,12,0,0,0,0,1
CEDAR-inspired,0.0,3,High,1.5,20261829,25.5952380952381,0.0026637566137566134,1.060468253968254,,12,0,0.0,12,0,0.0,0,COMPLETED,12,0,0,0,0,1
Proposed Failure-Aware Carbon,0.0,3,High,1.5,20261829,25.5952380952381,0.0026304232804232803,0.919468253968254,,12,0,0.0,12,0,0.0,0,COMPLETED,12,0,0,0,0,1
Round Robin,0.0,3,High,1.5,20261830,27.30952380952381,0.003347883597883599,1.7514087301587302,,12,0,0.0,12,0,0.0,0,COMPLETED,12,0,0,0,0,2
Least Loaded,0.0,3,High,1.5,20261830,29.0,0.003436243386243386,1.8300317460317463,,12,0,0.0,12,0,0.0,0,COMPLETED,12,0,0,0,0,2
Performance Only,0.0,3,High,1.5,20261830,22.857142857142858,0.002648148148148148,1.173888888888889,,12,0,0.0,12,0,0.0,0,COMPLETED,12,0,0,0,0,2
CEDAR-inspired,0.0,3,High,1.5,20261830,25.5952380952381,0.0026637566137566134,1.060468253968254,,12,0,0.0,12,0,0.0,0,COMPLETED,12,0,0,0,0,2
Proposed Failure-Aware Carbon,0.0,3,High,1.5,20261830,25.5952380952381,0.0026304232804232803,0.919468253968254,,12,0,0.0,12,0,0.0,0,COMPLETED,12,0,0,0,0,2
Round Robin,0.0,3,High,1.5,20261831,27.30952380952381,0.003347883597883599,1.7514087301587302,,12,0,0.0,12,0,0.0,0,COMPLETED,12,0,0,0,0,3
Least Loaded,0.0,3,High,1.5,20261831,29.0,0.003436243386243386,1.8300317460317463,,12,0,0.0,12,0,0.0,0,COMPLETED,12,0,0,0,0,3
Performance Only,0.0,3,High,1.5,20261831,22.857142857142858,0.002648148148148148,1.173888888888889,,12,0,0.0,12,0,0.0,0,COMPLETED,12,0,0,0,0,3
CEDAR-inspired,0.0,3,High,1.5,20261831,25.5952380952381,0.0026637566137566134,1.060468253968254,,12,0,0.0,12,0,0.0,0,COMPLETED,12,0,0,0,0,3
Proposed Failure-Aware Carbon,0.0,3,High,1.5,20261831,25.5952380952381,0.0026304232804232803,0.919468253968254,,12,0,0.0,12,0,0.0,0,COMPLETED,12,0,0,0,0,3
Round Robin,0.0,1,Low,0.5,20261929,27.30952380952381,0.003347883597883599,0.5838029100529101,,12,0,0.0,12,0,0.0,0,COMPLETED,12,0,0,0,0,1
Least Loaded,0.0,1,Low,0.5,20261929,29.0,0.003436243386243386,0.610010582010582,,12,0,0.0,12,0,0.0,0,COMPLETED,12,0,0,0,0,1
Performance Only,0.0,1,Low,0.5,20261929,25.5952380952381,0.002820899470899471,0.37672751322751324,,12,0,0.0,12,0,0.0,0,COMPLETED,12,0,0,0,0,1
CEDAR-inspired,0.0,1,Low,0.5,20261929,25.5952380952381,0.002820899470899471,0.37672751322751324,,12,0,0.0,12,0,0.0,0,COMPLETED,12,0,0,0,0,1
Proposed Failure-Aware Carbon,0.0,1,Low,0.5,20261929,26.380952380952383,0.002824074074074074,0.39064814814814813,,12,0,0.0,12,0,0.0,0,COMPLETED,12,0,0,0,0,1
Round Robin,0.0,1,Low,0.5,20261930,27.30952380952381,0.003347883597883599,0.5838029100529101,,12,0,0.0,12,0,0.0,0,COMPLETED,12,0,0,0,0,2
Least Loaded,0.0,1,Low,0.5,20261930,29.0,0.003436243386243386,0.610010582010582,,12,0,0.0,12,0,0.0,0,COMPLETED,12,0,0,0,0,2
Performance Only,0.0,1,Low,0.5,20261930,25.5952380952381,0.002820899470899471,0.37672751322751324,,12,0,0.0,12,0,0.0,0,COMPLETED,12,0,0,0,0,2
CEDAR-inspired,0.0,1,Low,0.5,20261930,25.5952380952381,0.002820899470899471,0.37672751322751324,,12,0,0.0,12,0,0.0,0,COMPLETED,12,0,0,0,0,2
Proposed Failure-Aware Carbon,0.0,1,Low,0.5,20261930,26.380952380952383,0.002824074074074074,0.39064814814814813,,12,0,0.0,12,0,0.0,0,COMPLETED,12,0,0,0,0,2
Round Robin,0.0,1,Low,0.5,20261931,27.30952380952381,0.003347883597883599,0.5838029100529101,,12,0,0.0,12,0,0.0,0,COMPLETED,12,0,0,0,0,3
Least Loaded,0.0,1,Low,0.5,20261931,29.0,0.003436243386243386,0.610010582010582,,12,0,0.0,12,0,0.0,0,COMPLETED,12,0,0,0,0,3
Performance Only,0.0,1,Low,0.5,20261931,25.5952380952381,0.002820899470899471,0.37672751322751324,,12,0,0.0,12,0,0.0,0,COMPLETED,12,0,0,0,0,3
CEDAR-inspired,0.0,1,Low,0.5,20261931,25.5952380952381,0.002820899470899471,0.37672751322751324,,12,0,0.0,12,0,0.0,0,COMPLETED,12,0,0,0,0,3
Proposed Failure-Aware Carbon,0.0,1,Low,0.5,20261931,26.380952380952383,0.002824074074074074,0.39064814814814813,,12,0,0.0,12,0,0.0,0,COMPLETED,12,0,0,0,0,3
Round Robin,0.0,1,Medium,1.0,20262029,27.30952380952381,0.003347883597883599,1.1676058201058201,,12,0,0.0,12,0,0.0,0,COMPLETED,12,0,0,0,0,1
Least Loaded,0.0,1,Medium,1.0,20262029,29.0,0.003436243386243386,1.220021164021164,,12,0,0.0,12,0,0.0,0,COMPLETED,12,0,0,0,0,1
Performance Only,0.0,1,Medium,1.0,20262029,25.5952380952381,0.002820899470899471,0.7534550264550265,,12,0,0.0,12,0,0.0,0,COMPLETED,12,0,0,0,0,1
CEDAR-inspired,0.0,1,Medium,1.0,20262029,25.5952380952381,0.002820899470899471,0.7534550264550265,,12,0,0.0,12,0,0.0,0,COMPLETED,12,0,0,0,0,1
Proposed Failure-Aware Carbon,0.0,1,Medium,1.0,20262029,26.380952380952383,0.002824074074074074,0.7812962962962963,,12,0,0.0,12,0,0.0,0,COMPLETED,12,0,0,0,0,1
Round Robin,0.0,1,Medium,1.0,20262030,27.30952380952381,0.003347883597883599,1.1676058201058201,,12,0,0.0,12,0,0.0,0,COMPLETED,12,0,0,0,0,2
Least Loaded,0.0,1,Medium,1.0,20262030,29.0,0.003436243386243386,1.220021164021164,,12,0,0.0,12,0,0.0,0,COMPLETED,12,0,0,0,0,2
Performance Only,0.0,1,Medium,1.0,20262030,25.5952380952381,0.002820899470899471,0.7534550264550265,,12,0,0.0,12,0,0.0,0,COMPLETED,12,0,0,0,0,2
CEDAR-inspired,0.0,1,Medium,1.0,20262030,25.5952380952381,0.002820899470899471,0.7534550264550265,,12,0,0.0,12,0,0.0,0,COMPLETED,12,0,0,0,0,2
Proposed Failure-Aware Carbon,0.0,1,Medium,1.0,20262030,26.380952380952383,0.002824074074074074,0.7812962962962963,,12,0,0.0,12,0,0.0,0,COMPLETED,12,0,0,0,0,2
Round Robin,0.0,1,Medium,1.0,20262031,27.30952380952381,0.003347883597883599,1.1676058201058201,,12,0,0.0,12,0,0.0,0,COMPLETED,12,0,0,0,0,3
Least Loaded,0.0,1,Medium,1.0,20262031,29.0,0.003436243386243386,1.220021164021164,,12,0,0.0,12,0,0.0,0,COMPLETED,12,0,0,0,0,3
Performance Only,0.0,1,Medium,1.0,20262031,25.5952380952381,0.002820899470899471,0.7534550264550265,,12,0,0.0,12,0,0.0,0,COMPLETED,12,0,0,0,0,3
CEDAR-inspired,0.0,1,Medium,1.0,20262031,25.5952380952381,0.002820899470899471,0.7534550264550265,,12,0,0.0,12,0,0.0,0,COMPLETED,12,0,0,0,0,3
Proposed Failure-Aware Carbon,0.0,1,Medium,1.0,20262031,26.380952380952383,0.002824074074074074,0.7812962962962963,,12,0,0.0,12,0,0.0,0,COMPLETED,12,0,0,0,0,3
Round Robin,0.0,1,High,1.5,20262129,27.30952380952381,0.003347883597883599,1.7514087301587302,,12,0,0.0,12,0,0.0,0,COMPLETED,12,0,0,0,0,1
Least Loaded,0.0,1,High,1.5,20262129,29.0,0.003436243386243386,1.8300317460317463,,12,0,0.0,12,0,0.0,0,COMPLETED,12,0,0,0,0,1
Performance Only,0.0,1,High,1.5,20262129,25.5952380952381,0.002820899470899471,1.1301825396825398,,12,0,0.0,12,0,0.0,0,COMPLETED,12,0,0,0,0,1
CEDAR-inspired,0.0,1,High,1.5,20262129,25.5952380952381,0.002820899470899471,1.1301825396825398,,12,0,0.0,12,0,0.0,0,COMPLETED,12,0,0,0,0,1
Proposed Failure-Aware Carbon,0.0,1,High,1.5,20262129,26.380952380952383,0.002824074074074074,1.1719444444444445,,12,0,0.0,12,0,0.0,0,COMPLETED,12,0,0,0,0,1
Round Robin,0.0,1,High,1.5,20262130,27.30952380952381,0.003347883597883599,1.7514087301587302,,12,0,0.0,12,0,0.0,0,COMPLETED,12,0,0,0,0,2
Least Loaded,0.0,1,High,1.5,20262130,29.0,0.003436243386243386,1.8300317460317463,,12,0,0.0,12,0,0.0,0,COMPLETED,12,0,0,0,0,2
Performance Only,0.0,1,High,1.5,20262130,25.5952380952381,0.002820899470899471,1.1301825396825398,,12,0,0.0,12,0,0.0,0,COMPLETED,12,0,0,0,0,2
CEDAR-inspired,0.0,1,High,1.5,20262130,25.5952380952381,0.002820899470899471,1.1301825396825398,,12,0,0.0,12,0,0.0,0,COMPLETED,12,0,0,0,0,2
Proposed Failure-Aware Carbon,0.0,1,High,1.5,20262130,26.380952380952383,0.002824074074074074,1.1719444444444445,,12,0,0.0,12,0,0.0,0,COMPLETED,12,0,0,0,0,2
Round Robin,0.0,1,High,1.5,20262131,27.30952380952381,0.003347883597883599,1.7514087301587302,,12,0,0.0,12,0,0.0,0,COMPLETED,12,0,0,0,0,3
Least Loaded,0.0,1,High,1.5,20262131,29.0,0.003436243386243386,1.8300317460317463,,12,0,0.0,12,0,0.0,0,COMPLETED,12,0,0,0,0,3
Performance Only,0.0,1,High,1.5,20262131,25.5952380952381,0.002820899470899471,1.1301825396825398,,12,0,0.0,12,0,0.0,0,COMPLETED,12,0,0,0,0,3
CEDAR-inspired,0.0,1,High,1.5,20262131,25.5952380952381,0.002820899470899471,1.1301825396825398,,12,0,0.0,12,0,0.0,0,COMPLETED,12,0,0,0,0,3
Proposed Failure-Aware Carbon,0.0,1,High,1.5,20262131,26.380952380952383,0.002824074074074074,1.1719444444444445,,12,0,0.0,12,0,0.0,0,COMPLETED,12,0,0,0,0,3
Round Robin,0.0,2,Low,0.5,20262229,27.30952380952381,0.003347883597883599,0.5838029100529101,,12,0,0.0,12,0,0.0,0,COMPLETED,12,0,0,0,0,1
Least Loaded,0.0,2,Low,0.5,20262229,29.0,0.003436243386243386,0.610010582010582,,12,0,0.0,12,0,0.0,0,COMPLETED,12,0,0,0,0,1
Performance Only,0.0,2,Low,0.5,20262229,22.857142857142858,0.002671957671957672,0.36820105820105814,,12,0,0.0,12,0,0.0,0,COMPLETED,12,0,0,0,0,1
CEDAR-inspired,0.0,2,Low,0.5,20262229,25.5952380952381,0.0026304232804232803,0.30648941798941803,,12,0,0.0,12,0,0.0,0,COMPLETED,12,0,0,0,0,1
Proposed Failure-Aware Carbon,0.0,2,Low,0.5,20262229,25.5952380952381,0.0026304232804232803,0.30648941798941803,,12,0,0.0,12,0,0.0,0,COMPLETED,12,0,0,0,0,1
Round Robin,0.0,2,Low,0.5,20262230,27.30952380952381,0.003347883597883599,0.5838029100529101,,12,0,0.0,12,0,0.0,0,COMPLETED,12,0,0,0,0,2
Least Loaded,0.0,2,Low,0.5,20262230,29.0,0.003436243386243386,0.610010582010582,,12,0,0.0,12,0,0.0,0,COMPLETED,12,0,0,0,0,2
Performance Only,0.0,2,Low,0.5,20262230,22.857142857142858,0.002671957671957672,0.36820105820105814,,12,0,0.0,12,0,0.0,0,COMPLETED,12,0,0,0,0,2
CEDAR-inspired,0.0,2,Low,0.5,20262230,25.5952380952381,0.0026304232804232803,0.30648941798941803,,12,0,0.0,12,0,0.0,0,COMPLETED,12,0,0,0,0,2
Proposed Failure-Aware Carbon,0.0,2,Low,0.5,20262230,25.5952380952381,0.0026304232804232803,0.30648941798941803,,12,0,0.0,12,0,0.0,0,COMPLETED,12,0,0,0,0,2
Round Robin,0.0,2,Low,0.5,20262231,27.30952380952381,0.003347883597883599,0.5838029100529101,,12,0,0.0,12,0,0.0,0,COMPLETED,12,0,0,0,0,3
Least Loaded,0.0,2,Low,0.5,20262231,29.0,0.003436243386243386,0.610010582010582,,12,0,0.0,12,0,0.0,0,COMPLETED,12,0,0,0,0,3
Performance Only,0.0,2,Low,0.5,20262231,22.857142857142858,0.002671957671957672,0.36820105820105814,,12,0,0.0,12,0,0.0,0,COMPLETED,12,0,0,0,0,3
CEDAR-inspired,0.0,2,Low,0.5,20262231,25.5952380952381,0.0026304232804232803,0.30648941798941803,,12,0,0.0,12,0,0.0,0,COMPLETED,12,0,0,0,0,3
Proposed Failure-Aware Carbon,0.0,2,Low,0.5,20262231,25.5952380952381,0.0026304232804232803,0.30648941798941803,,12,0,0.0,12,0,0.0,0,COMPLETED,12,0,0,0,0,3
Round Robin,0.0,2,Medium,1.0,20262329,27.30952380952381,0.003347883597883599,1.1676058201058201,,12,0,0.0,12,0,0.0,0,COMPLETED,12,0,0,0,0,1
Least Loaded,0.0,2,Medium,1.0,20262329,29.0,0.003436243386243386,1.220021164021164,,12,0,0.0,12,0,0.0,0,COMPLETED,12,0,0,0,0,1
Performance Only,0.0,2,Medium,1.0,20262329,22.857142857142858,0.002671957671957672,0.7364021164021163,,12,0,0.0,12,0,0.0,0,COMPLETED,12,0,0,0,0,1
CEDAR-inspired,0.0,2,Medium,1.0,20262329,25.5952380952381,0.0026304232804232803,0.6129788359788361,,12,0,0.0,12,0,0.0,0,COMPLETED,12,0,0,0,0,1
Proposed Failure-Aware Carbon,0.0,2,Medium,1.0,20262329,25.5952380952381,0.0026304232804232803,0.6129788359788361,,12,0,0.0,12,0,0.0,0,COMPLETED,12,0,0,0,0,1
Round Robin,0.0,2,Medium,1.0,20262330,27.30952380952381,0.003347883597883599,1.1676058201058201,,12,0,0.0,12,0,0.0,0,COMPLETED,12,0,0,0,0,2
Least Loaded,0.0,2,Medium,1.0,20262330,29.0,0.003436243386243386,1.220021164021164,,12,0,0.0,12,0,0.0,0,COMPLETED,12,0,0,0,0,2
Performance Only,0.0,2,Medium,1.0,20262330,22.857142857142858,0.002671957671957672,0.7364021164021163,,12,0,0.0,12,0,0.0,0,COMPLETED,12,0,0,0,0,2
CEDAR-inspired,0.0,2,Medium,1.0,20262330,25.5952380952381,0.0026304232804232803,0.6129788359788361,,12,0,0.0,12,0,0.0,0,COMPLETED,12,0,0,0,0,2
Proposed Failure-Aware Carbon,0.0,2,Medium,1.0,20262330,25.5952380952381,0.0026304232804232803,0.6129788359788361,,12,0,0.0,12,0,0.0,0,COMPLETED,12,0,0,0,0,2
Round Robin,0.0,2,Medium,1.0,20262331,27.30952380952381,0.003347883597883599,1.1676058201058201,,12,0,0.0,12,0,0.0,0,COMPLETED,12,0,0,0,0,3
Least Loaded,0.0,2,Medium,1.0,20262331,29.0,0.003436243386243386,1.220021164021164,,12,0,0.0,12,0,0.0,0,COMPLETED,12,0,0,0,0,3
Performance Only,0.0,2,Medium,1.0,20262331,22.857142857142858,0.002671957671957672,0.7364021164021163,,12,0,0.0,12,0,0.0,0,COMPLETED,12,0,0,0,0,3
CEDAR-inspired,0.0,2,Medium,1.0,20262331,25.5952380952381,0.0026304232804232803,0.6129788359788361,,12,0,0.0,12,0,0.0,0,COMPLETED,12,0,0,0,0,3
Proposed Failure-Aware Carbon,0.0,2,Medium,1.0,20262331,25.5952380952381,0.0026304232804232803,0.6129788359788361,,12,0,0.0,12,0,0.0,0,COMPLETED,12,0,0,0,0,3
Round Robin,0.0,2,High,1.5,20262429,27.30952380952381,0.003347883597883599,1.7514087301587302,,12,0,0.0,12,0,0.0,0,COMPLETED,12,0,0,0,0,1
Least Loaded,0.0,2,High,1.5,20262429,29.0,0.003436243386243386,1.8300317460317463,,12,0,0.0,12,0,0.0,0,COMPLETED,12,0,0,0,0,1
Performance Only,0.0,2,High,1.5,20262429,22.857142857142858,0.002671957671957672,1.1046031746031746,,12,0,0.0,12,0,0.0,0,COMPLETED,12,0,0,0,0,1
CEDAR-inspired,0.0,2,High,1.5,20262429,25.5952380952381,0.0026304232804232803,0.919468253968254,,12,0,0.0,12,0,0.0,0,COMPLETED,12,0,0,0,0,1
Proposed Failure-Aware Carbon,0.0,2,High,1.5,20262429,25.5952380952381,0.0026304232804232803,0.919468253968254,,12,0,0.0,12,0,0.0,0,COMPLETED,12,0,0,0,0,1
Round Robin,0.0,2,High,1.5,20262430,27.30952380952381,0.003347883597883599,1.7514087301587302,,12,0,0.0,12,0,0.0,0,COMPLETED,12,0,0,0,0,2
Least Loaded,0.0,2,High,1.5,20262430,29.0,0.003436243386243386,1.8300317460317463,,12,0,0.0,12,0,0.0,0,COMPLETED,12,0,0,0,0,2
Performance Only,0.0,2,High,1.5,20262430,22.857142857142858,0.002671957671957672,1.1046031746031746,,12,0,0.0,12,0,0.0,0,COMPLETED,12,0,0,0,0,2
CEDAR-inspired,0.0,2,High,1.5,20262430,25.5952380952381,0.0026304232804232803,0.919468253968254,,12,0,0.0,12,0,0.0,0,COMPLETED,12,0,0,0,0,2
Proposed Failure-Aware Carbon,0.0,2,High,1.5,20262430,25.5952380952381,0.0026304232804232803,0.919468253968254,,12,0,0.0,12,0,0.0,0,COMPLETED,12,0,0,0,0,2
Round Robin,0.0,2,High,1.5,20262431,27.30952380952381,0.003347883597883599,1.7514087301587302,,12,0,0.0,12,0,0.0,0,COMPLETED,12,0,0,0,0,3
Least Loaded,0.0,2,High,1.5,20262431,29.0,0.003436243386243386,1.8300317460317463,,12,0,0.0,12,0,0.0,0,COMPLETED,12,0,0,0,0,3
Performance Only,0.0,2,High,1.5,20262431,22.857142857142858,0.002671957671957672,1.1046031746031746,,12,0,0.0,12,0,0.0,0,COMPLETED,12,0,0,0,0,3
CEDAR-inspired,0.0,2,High,1.5,20262431,25.5952380952381,0.0026304232804232803,0.919468253968254,,12,0,0.0,12,0,0.0,0,COMPLETED,12,0,0,0,0,3
Proposed Failure-Aware Carbon,0.0,2,High,1.5,20262431,25.5952380952381,0.0026304232804232803,0.919468253968254,,12,0,0.0,12,0,0.0,0,COMPLETED,12,0,0,0,0,3
Round Robin,0.0,3,Low,0.5,20262529,27.30952380952381,0.003347883597883599,0.5838029100529101,,12,0,0.0,12,0,0.0,0,COMPLETED,12,0,0,0,0,1
Least Loaded,0.0,3,Low,0.5,20262529,29.0,0.003436243386243386,0.610010582010582,,12,0,0.0,12,0,0.0,0,COMPLETED,12,0,0,0,0,1
Performance Only,0.0,3,Low,0.5,20262529,22.857142857142858,0.002648148148148148,0.39129629629629625,,12,0,0.0,12,0,0.0,0,COMPLETED,12,0,0,0,0,1
CEDAR-inspired,0.0,3,Low,0.5,20262529,25.5952380952381,0.0026637566137566134,0.35348941798941796,,12,0,0.0,12,0,0.0,0,COMPLETED,12,0,0,0,0,1
Proposed Failure-Aware Carbon,0.0,3,Low,0.5,20262529,25.5952380952381,0.0026304232804232803,0.30648941798941803,,12,0,0.0,12,0,0.0,0,COMPLETED,12,0,0,0,0,1
Round Robin,0.0,3,Low,0.5,20262530,27.30952380952381,0.003347883597883599,0.5838029100529101,,12,0,0.0,12,0,0.0,0,COMPLETED,12,0,0,0,0,2
Least Loaded,0.0,3,Low,0.5,20262530,29.0,0.003436243386243386,0.610010582010582,,12,0,0.0,12,0,0.0,0,COMPLETED,12,0,0,0,0,2
Performance Only,0.0,3,Low,0.5,20262530,22.857142857142858,0.002648148148148148,0.39129629629629625,,12,0,0.0,12,0,0.0,0,COMPLETED,12,0,0,0,0,2
CEDAR-inspired,0.0,3,Low,0.5,20262530,25.5952380952381,0.0026637566137566134,0.35348941798941796,,12,0,0.0,12,0,0.0,0,COMPLETED,12,0,0,0,0,2
Proposed Failure-Aware Carbon,0.0,3,Low,0.5,20262530,25.5952380952381,0.0026304232804232803,0.30648941798941803,,12,0,0.0,12,0,0.0,0,COMPLETED,12,0,0,0,0,2
Round Robin,0.0,3,Low,0.5,20262531,27.30952380952381,0.003347883597883599,0.5838029100529101,,12,0,0.0,12,0,0.0,0,COMPLETED,12,0,0,0,0,3
Least Loaded,0.0,3,Low,0.5,20262531,29.0,0.003436243386243386,0.610010582010582,,12,0,0.0,12,0,0.0,0,COMPLETED,12,0,0,0,0,3
Performance Only,0.0,3,Low,0.5,20262531,22.857142857142858,0.002648148148148148,0.39129629629629625,,12,0,0.0,12,0,0.0,0,COMPLETED,12,0,0,0,0,3
CEDAR-inspired,0.0,3,Low,0.5,20262531,25.5952380952381,0.0026637566137566134,0.35348941798941796,,12,0,0.0,12,0,0.0,0,COMPLETED,12,0,0,0,0,3
Proposed Failure-Aware Carbon,0.0,3,Low,0.5,20262531,25.5952380952381,0.0026304232804232803,0.30648941798941803,,12,0,0.0,12,0,0.0,0,COMPLETED,12,0,0,0,0,3
Round Robin,0.0,3,Medium,1.0,20262629,27.30952380952381,0.003347883597883599,1.1676058201058201,,12,0,0.0,12,0,0.0,0,COMPLETED,12,0,0,0,0,1
Least Loaded,0.0,3,Medium,1.0,20262629,29.0,0.003436243386243386,1.220021164021164,,12,0,0.0,12,0,0.0,0,COMPLETED,12,0,0,0,0,1
Performance Only,0.0,3,Medium,1.0,20262629,22.857142857142858,0.002648148148148148,0.7825925925925925,,12,0,0.0,12,0,0.0,0,COMPLETED,12,0,0,0,0,1
CEDAR-inspired,0.0,3,Medium,1.0,20262629,25.5952380952381,0.0026637566137566134,0.7069788359788359,,12,0,0.0,12,0,0.0,0,COMPLETED,12,0,0,0,0,1
Proposed Failure-Aware Carbon,0.0,3,Medium,1.0,20262629,25.5952380952381,0.0026304232804232803,0.6129788359788361,,12,0,0.0,12,0,0.0,0,COMPLETED,12,0,0,0,0,1
Round Robin,0.0,3,Medium,1.0,20262630,27.30952380952381,0.003347883597883599,1.1676058201058201,,12,0,0.0,12,0,0.0,0,COMPLETED,12,0,0,0,0,2
Least Loaded,0.0,3,Medium,1.0,20262630,29.0,0.003436243386243386,1.220021164021164,,12,0,0.0,12,0,0.0,0,COMPLETED,12,0,0,0,0,2
Performance Only,0.0,3,Medium,1.0,20262630,22.857142857142858,0.002648148148148148,0.7825925925925925,,12,0,0.0,12,0,0.0,0,COMPLETED,12,0,0,0,0,2
CEDAR-inspired,0.0,3,Medium,1.0,20262630,25.5952380952381,0.0026637566137566134,0.7069788359788359,,12,0,0.0,12,0,0.0,0,COMPLETED,12,0,0,0,0,2
Proposed Failure-Aware Carbon,0.0,3,Medium,1.0,20262630,25.5952380952381,0.0026304232804232803,0.6129788359788361,,12,0,0.0,12,0,0.0,0,COMPLETED,12,0,0,0,0,2
Round Robin,0.0,3,Medium,1.0,20262631,27.30952380952381,0.003347883597883599,1.1676058201058201,,12,0,0.0,12,0,0.0,0,COMPLETED,12,0,0,0,0,3
Least Loaded,0.0,3,Medium,1.0,20262631,29.0,0.003436243386243386,1.220021164021164,,12,0,0.0,12,0,0.0,0,COMPLETED,12,0,0,0,0,3
Performance Only,0.0,3,Medium,1.0,20262631,22.857142857142858,0.002648148148148148,0.7825925925925925,,12,0,0.0,12,0,0.0,0,COMPLETED,12,0,0,0,0,3
CEDAR-inspired,0.0,3,Medium,1.0,20262631,25.5952380952381,0.0026637566137566134,0.7069788359788359,,12,0,0.0,12,0,0.0,0,COMPLETED,12,0,0,0,0,3
Proposed Failure-Aware Carbon,0.0,3,Medium,1.0,20262631,25.5952380952381,0.0026304232804232803,0.6129788359788361,,12,0,0.0,12,0,0.0,0,COMPLETED,12,0,0,0,0,3
Round Robin,0.0,3,High,1.5,20262729,27.30952380952381,0.003347883597883599,1.7514087301587302,,12,0,0.0,12,0,0.0,0,COMPLETED,12,0,0,0,0,1
Least Loaded,0.0,3,High,1.5,20262729,29.0,0.003436243386243386,1.8300317460317463,,12,0,0.0,12,0,0.0,0,COMPLETED,12,0,0,0,0,1
Performance Only,0.0,3,High,1.5,20262729,22.857142857142858,0.002648148148148148,1.173888888888889,,12,0,0.0,12,0,0.0,0,COMPLETED,12,0,0,0,0,1
CEDAR-inspired,0.0,3,High,1.5,20262729,25.5952380952381,0.0026637566137566134,1.060468253968254,,12,0,0.0,12,0,0.0,0,COMPLETED,12,0,0,0,0,1
Proposed Failure-Aware Carbon,0.0,3,High,1.5,20262729,25.5952380952381,0.0026304232804232803,0.919468253968254,,12,0,0.0,12,0,0.0,0,COMPLETED,12,0,0,0,0,1
Round Robin,0.0,3,High,1.5,20262730,27.30952380952381,0.003347883597883599,1.7514087301587302,,12,0,0.0,12,0,0.0,0,COMPLETED,12,0,0,0,0,2
Least Loaded,0.0,3,High,1.5,20262730,29.0,0.003436243386243386,1.8300317460317463,,12,0,0.0,12,0,0.0,0,COMPLETED,12,0,0,0,0,2
Performance Only,0.0,3,High,1.5,20262730,22.857142857142858,0.002648148148148148,1.173888888888889,,12,0,0.0,12,0,0.0,0,COMPLETED,12,0,0,0,0,2
CEDAR-inspired,0.0,3,High,1.5,20262730,25.5952380952381,0.0026637566137566134,1.060468253968254,,12,0,0.0,12,0,0.0,0,COMPLETED,12,0,0,0,0,2
Proposed Failure-Aware Carbon,0.0,3,High,1.5,20262730,25.5952380952381,0.0026304232804232803,0.919468253968254,,12,0,0.0,12,0,0.0,0,COMPLETED,12,0,0,0,0,2
Round Robin,0.0,3,High,1.5,20262731,27.30952380952381,0.003347883597883599,1.7514087301587302,,12,0,0.0,12,0,0.0,0,COMPLETED,12,0,0,0,0,3
Least Loaded,0.0,3,High,1.5,20262731,29.0,0.003436243386243386,1.8300317460317463,,12,0,0.0,12,0,0.0,0,COMPLETED,12,0,0,0,0,3
Performance Only,0.0,3,High,1.5,20262731,22.857142857142858,0.002648148148148148,1.173888888888889,,12,0,0.0,12,0,0.0,0,COMPLETED,12,0,0,0,0,3
CEDAR-inspired,0.0,3,High,1.5,20262731,25.5952380952381,0.0026637566137566134,1.060468253968254,,12,0,0.0,12,0,0.0,0,COMPLETED,12,0,0,0,0,3
Proposed Failure-Aware Carbon,0.0,3,High,1.5,20262731,25.5952380952381,0.0026304232804232803,0.919468253968254,,12,0,0.0,12,0,0.0,0,COMPLETED,12,0,0,0,0,3
Round Robin,0.0,1,Low,0.5,20262829,27.30952380952381,0.003347883597883599,0.5838029100529101,,12,0,0.0,12,0,0.0,0,COMPLETED,12,0,0,0,0,1
Least Loaded,0.0,1,Low,0.5,20262829,29.0,0.003436243386243386,0.610010582010582,,12,0,0.0,12,0,0.0,0,COMPLETED,12,0,0,0,0,1
Performance Only,0.0,1,Low,0.5,20262829,25.5952380952381,0.002820899470899471,0.37672751322751324,,12,0,0.0,12,0,0.0,0,COMPLETED,12,0,0,0,0,1
CEDAR-inspired,0.0,1,Low,0.5,20262829,25.5952380952381,0.002820899470899471,0.37672751322751324,,12,0,0.0,12,0,0.0,0,COMPLETED,12,0,0,0,0,1
Proposed Failure-Aware Carbon,0.0,1,Low,0.5,20262829,26.380952380952383,0.002824074074074074,0.39064814814814813,,12,0,0.0,12,0,0.0,0,COMPLETED,12,0,0,0,0,1
Round Robin,0.0,1,Low,0.5,20262830,27.30952380952381,0.003347883597883599,0.5838029100529101,,12,0,0.0,12,0,0.0,0,COMPLETED,12,0,0,0,0,2
Least Loaded,0.0,1,Low,0.5,20262830,29.0,0.003436243386243386,0.610010582010582,,12,0,0.0,12,0,0.0,0,COMPLETED,12,0,0,0,0,2
Performance Only,0.0,1,Low,0.5,20262830,25.5952380952381,0.002820899470899471,0.37672751322751324,,12,0,0.0,12,0,0.0,0,COMPLETED,12,0,0,0,0,2
CEDAR-inspired,0.0,1,Low,0.5,20262830,25.5952380952381,0.002820899470899471,0.37672751322751324,,12,0,0.0,12,0,0.0,0,COMPLETED,12,0,0,0,0,2
Proposed Failure-Aware Carbon,0.0,1,Low,0.5,20262830,26.380952380952383,0.002824074074074074,0.39064814814814813,,12,0,0.0,12,0,0.0,0,COMPLETED,12,0,0,0,0,2
Round Robin,0.0,1,Low,0.5,20262831,27.30952380952381,0.003347883597883599,0.5838029100529101,,12,0,0.0,12,0,0.0,0,COMPLETED,12,0,0,0,0,3
Least Loaded,0.0,1,Low,0.5,20262831,29.0,0.003436243386243386,0.610010582010582,,12,0,0.0,12,0,0.0,0,COMPLETED,12,0,0,0,0,3
Performance Only,0.0,1,Low,0.5,20262831,25.5952380952381,0.002820899470899471,0.37672751322751324,,12,0,0.0,12,0,0.0,0,COMPLETED,12,0,0,0,0,3
CEDAR-inspired,0.0,1,Low,0.5,20262831,25.5952380952381,0.002820899470899471,0.37672751322751324,,12,0,0.0,12,0,0.0,0,COMPLETED,12,0,0,0,0,3
Proposed Failure-Aware Carbon,0.0,1,Low,0.5,20262831,26.380952380952383,0.002824074074074074,0.39064814814814813,,12,0,0.0,12,0,0.0,0,COMPLETED,12,0,0,0,0,3
Round Robin,0.0,1,Medium,1.0,20262929,27.30952380952381,0.003347883597883599,1.1676058201058201,,12,0,0.0,12,0,0.0,0,COMPLETED,12,0,0,0,0,1
Least Loaded,0.0,1,Medium,1.0,20262929,29.0,0.003436243386243386,1.220021164021164,,12,0,0.0,12,0,0.0,0,COMPLETED,12,0,0,0,0,1
Performance Only,0.0,1,Medium,1.0,20262929,25.5952380952381,0.002820899470899471,0.7534550264550265,,12,0,0.0,12,0,0.0,0,COMPLETED,12,0,0,0,0,1
CEDAR-inspired,0.0,1,Medium,1.0,20262929,25.5952380952381,0.002820899470899471,0.7534550264550265,,12,0,0.0,12,0,0.0,0,COMPLETED,12,0,0,0,0,1
Proposed Failure-Aware Carbon,0.0,1,Medium,1.0,20262929,26.380952380952383,0.002824074074074074,0.7812962962962963,,12,0,0.0,12,0,0.0,0,COMPLETED,12,0,0,0,0,1
Round Robin,0.0,1,Medium,1.0,20262930,27.30952380952381,0.003347883597883599,1.1676058201058201,,12,0,0.0,12,0,0.0,0,COMPLETED,12,0,0,0,0,2
Least Loaded,0.0,1,Medium,1.0,20262930,29.0,0.003436243386243386,1.220021164021164,,12,0,0.0,12,0,0.0,0,COMPLETED,12,0,0,0,0,2
Performance Only,0.0,1,Medium,1.0,20262930,25.5952380952381,0.002820899470899471,0.7534550264550265,,12,0,0.0,12,0,0.0,0,COMPLETED,12,0,0,0,0,2
CEDAR-inspired,0.0,1,Medium,1.0,20262930,25.5952380952381,0.002820899470899471,0.7534550264550265,,12,0,0.0,12,0,0.0,0,COMPLETED,12,0,0,0,0,2
Proposed Failure-Aware Carbon,0.0,1,Medium,1.0,20262930,26.380952380952383,0.002824074074074074,0.7812962962962963,,12,0,0.0,12,0,0.0,0,COMPLETED,12,0,0,0,0,2
Round Robin,0.0,1,Medium,1.0,20262931,27.30952380952381,0.003347883597883599,1.1676058201058201,,12,0,0.0,12,0,0.0,0,COMPLETED,12,0,0,0,0,3
Least Loaded,0.0,1,Medium,1.0,20262931,29.0,0.003436243386243386,1.220021164021164,,12,0,0.0,12,0,0.0,0,COMPLETED,12,0,0,0,0,3
Performance Only,0.0,1,Medium,1.0,20262931,25.5952380952381,0.002820899470899471,0.7534550264550265,,12,0,0.0,12,0,0.0,0,COMPLETED,12,0,0,0,0,3
CEDAR-inspired,0.0,1,Medium,1.0,20262931,25.5952380952381,0.002820899470899471,0.7534550264550265,,12,0,0.0,12,0,0.0,0,COMPLETED,12,0,0,0,0,3
Proposed Failure-Aware Carbon,0.0,1,Medium,1.0,20262931,26.380952380952383,0.002824074074074074,0.7812962962962963,,12,0,0.0,12,0,0.0,0,COMPLETED,12,0,0,0,0,3
Round Robin,0.0,1,High,1.5,20263029,27.30952380952381,0.003347883597883599,1.7514087301587302,,12,0,0.0,12,0,0.0,0,COMPLETED,12,0,0,0,0,1
Least Loaded,0.0,1,High,1.5,20263029,29.0,0.003436243386243386,1.8300317460317463,,12,0,0.0,12,0,0.0,0,COMPLETED,12,0,0,0,0,1
Performance Only,0.0,1,High,1.5,20263029,25.5952380952381,0.002820899470899471,1.1301825396825398,,12,0,0.0,12,0,0.0,0,COMPLETED,12,0,0,0,0,1
CEDAR-inspired,0.0,1,High,1.5,20263029,25.5952380952381,0.002820899470899471,1.1301825396825398,,12,0,0.0,12,0,0.0,0,COMPLETED,12,0,0,0,0,1
Proposed Failure-Aware Carbon,0.0,1,High,1.5,20263029,26.380952380952383,0.002824074074074074,1.1719444444444445,,12,0,0.0,12,0,0.0,0,COMPLETED,12,0,0,0,0,1
Round Robin,0.0,1,High,1.5,20263030,27.30952380952381,0.003347883597883599,1.7514087301587302,,12,0,0.0,12,0,0.0,0,COMPLETED,12,0,0,0,0,2
Least Loaded,0.0,1,High,1.5,20263030,29.0,0.003436243386243386,1.8300317460317463,,12,0,0.0,12,0,0.0,0,COMPLETED,12,0,0,0,0,2
Performance Only,0.0,1,High,1.5,20263030,25.5952380952381,0.002820899470899471,1.1301825396825398,,12,0,0.0,12,0,0.0,0,COMPLETED,12,0,0,0,0,2
CEDAR-inspired,0.0,1,High,1.5,20263030,25.5952380952381,0.002820899470899471,1.1301825396825398,,12,0,0.0,12,0,0.0,0,COMPLETED,12,0,0,0,0,2
Proposed Failure-Aware Carbon,0.0,1,High,1.5,20263030,26.380952380952383,0.002824074074074074,1.1719444444444445,,12,0,0.0,12,0,0.0,0,COMPLETED,12,0,0,0,0,2
Round Robin,0.0,1,High,1.5,20263031,27.30952380952381,0.003347883597883599,1.7514087301587302,,12,0,0.0,12,0,0.0,0,COMPLETED,12,0,0,0,0,3
Least Loaded,0.0,1,High,1.5,20263031,29.0,0.003436243386243386,1.8300317460317463,,12,0,0.0,12,0,0.0,0,COMPLETED,12,0,0,0,0,3
Performance Only,0.0,1,High,1.5,20263031,25.5952380952381,0.002820899470899471,1.1301825396825398,,12,0,0.0,12,0,0.0,0,COMPLETED,12,0,0,0,0,3
CEDAR-inspired,0.0,1,High,1.5,20263031,25.5952380952381,0.002820899470899471,1.1301825396825398,,12,0,0.0,12,0,0.0,0,COMPLETED,12,0,0,0,0,3
Proposed Failure-Aware Carbon,0.0,1,High,1.5,20263031,26.380952380952383,0.002824074074074074,1.1719444444444445,,12,0,0.0,12,0,0.0,0,COMPLETED,12,0,0,0,0,3
Round Robin,0.0,2,Low,0.5,20263129,27.30952380952381,0.003347883597883599,0.5838029100529101,,12,0,0.0,12,0,0.0,0,COMPLETED,12,0,0,0,0,1
Least Loaded,0.0,2,Low,0.5,20263129,29.0,0.003436243386243386,0.610010582010582,,12,0,0.0,12,0,0.0,0,COMPLETED,12,0,0,0,0,1
Performance Only,0.0,2,Low,0.5,20263129,22.857142857142858,0.002671957671957672,0.36820105820105814,,12,0,0.0,12,0,0.0,0,COMPLETED,12,0,0,0,0,1
CEDAR-inspired,0.0,2,Low,0.5,20263129,25.5952380952381,0.0026304232804232803,0.30648941798941803,,12,0,0.0,12,0,0.0,0,COMPLETED,12,0,0,0,0,1
Proposed Failure-Aware Carbon,0.0,2,Low,0.5,20263129,25.5952380952381,0.0026304232804232803,0.30648941798941803,,12,0,0.0,12,0,0.0,0,COMPLETED,12,0,0,0,0,1
Round Robin,0.0,2,Low,0.5,20263130,27.30952380952381,0.003347883597883599,0.5838029100529101,,12,0,0.0,12,0,0.0,0,COMPLETED,12,0,0,0,0,2
Least Loaded,0.0,2,Low,0.5,20263130,29.0,0.003436243386243386,0.610010582010582,,12,0,0.0,12,0,0.0,0,COMPLETED,12,0,0,0,0,2
Performance Only,0.0,2,Low,0.5,20263130,22.857142857142858,0.002671957671957672,0.36820105820105814,,12,0,0.0,12,0,0.0,0,COMPLETED,12,0,0,0,0,2
CEDAR-inspired,0.0,2,Low,0.5,20263130,25.5952380952381,0.0026304232804232803,0.30648941798941803,,12,0,0.0,12,0,0.0,0,COMPLETED,12,0,0,0,0,2
Proposed Failure-Aware Carbon,0.0,2,Low,0.5,20263130,25.5952380952381,0.0026304232804232803,0.30648941798941803,,12,0,0.0,12,0,0.0,0,COMPLETED,12,0,0,0,0,2
Round Robin,0.0,2,Low,0.5,20263131,27.30952380952381,0.003347883597883599,0.5838029100529101,,12,0,0.0,12,0,0.0,0,COMPLETED,12,0,0,0,0,3
Least Loaded,0.0,2,Low,0.5,20263131,29.0,0.003436243386243386,0.610010582010582,,12,0,0.0,12,0,0.0,0,COMPLETED,12,0,0,0,0,3
Performance Only,0.0,2,Low,0.5,20263131,22.857142857142858,0.002671957671957672,0.36820105820105814,,12,0,0.0,12,0,0.0,0,COMPLETED,12,0,0,0,0,3
CEDAR-inspired,0.0,2,Low,0.5,20263131,25.5952380952381,0.0026304232804232803,0.30648941798941803,,12,0,0.0,12,0,0.0,0,COMPLETED,12,0,0,0,0,3
Proposed Failure-Aware Carbon,0.0,2,Low,0.5,20263131,25.5952380952381,0.0026304232804232803,0.30648941798941803,,12,0,0.0,12,0,0.0,0,COMPLETED,12,0,0,0,0,3
Round Robin,0.0,2,Medium,1.0,20263229,27.30952380952381,0.003347883597883599,1.1676058201058201,,12,0,0.0,12,0,0.0,0,COMPLETED,12,0,0,0,0,1
Least Loaded,0.0,2,Medium,1.0,20263229,29.0,0.003436243386243386,1.220021164021164,,12,0,0.0,12,0,0.0,0,COMPLETED,12,0,0,0,0,1
Performance Only,0.0,2,Medium,1.0,20263229,22.857142857142858,0.002671957671957672,0.7364021164021163,,12,0,0.0,12,0,0.0,0,COMPLETED,12,0,0,0,0,1
CEDAR-inspired,0.0,2,Medium,1.0,20263229,25.5952380952381,0.0026304232804232803,0.6129788359788361,,12,0,0.0,12,0,0.0,0,COMPLETED,12,0,0,0,0,1
Proposed Failure-Aware Carbon,0.0,2,Medium,1.0,20263229,25.5952380952381,0.0026304232804232803,0.6129788359788361,,12,0,0.0,12,0,0.0,0,COMPLETED,12,0,0,0,0,1
Round Robin,0.0,2,Medium,1.0,20263230,27.30952380952381,0.003347883597883599,1.1676058201058201,,12,0,0.0,12,0,0.0,0,COMPLETED,12,0,0,0,0,2
Least Loaded,0.0,2,Medium,1.0,20263230,29.0,0.003436243386243386,1.220021164021164,,12,0,0.0,12,0,0.0,0,COMPLETED,12,0,0,0,0,2
Performance Only,0.0,2,Medium,1.0,20263230,22.857142857142858,0.002671957671957672,0.7364021164021163,,12,0,0.0,12,0,0.0,0,COMPLETED,12,0,0,0,0,2
CEDAR-inspired,0.0,2,Medium,1.0,20263230,25.5952380952381,0.0026304232804232803,0.6129788359788361,,12,0,0.0,12,0,0.0,0,COMPLETED,12,0,0,0,0,2
Proposed Failure-Aware Carbon,0.0,2,Medium,1.0,20263230,25.5952380952381,0.0026304232804232803,0.6129788359788361,,12,0,0.0,12,0,0.0,0,COMPLETED,12,0,0,0,0,2
Round Robin,0.0,2,Medium,1.0,20263231,27.30952380952381,0.003347883597883599,1.1676058201058201,,12,0,0.0,12,0,0.0,0,COMPLETED,12,0,0,0,0,3
Least Loaded,0.0,2,Medium,1.0,20263231,29.0,0.003436243386243386,1.220021164021164,,12,0,0.0,12,0,0.0,0,COMPLETED,12,0,0,0,0,3
Performance Only,0.0,2,Medium,1.0,20263231,22.857142857142858,0.002671957671957672,0.7364021164021163,,12,0,0.0,12,0,0.0,0,COMPLETED,12,0,0,0,0,3
CEDAR-inspired,0.0,2,Medium,1.0,20263231,25.5952380952381,0.0026304232804232803,0.6129788359788361,,12,0,0.0,12,0,0.0,0,COMPLETED,12,0,0,0,0,3
Proposed Failure-Aware Carbon,0.0,2,Medium,1.0,20263231,25.5952380952381,0.0026304232804232803,0.6129788359788361,,12,0,0.0,12,0,0.0,0,COMPLETED,12,0,0,0,0,3
Round Robin,0.0,2,High,1.5,20263329,27.30952380952381,0.003347883597883599,1.7514087301587302,,12,0,0.0,12,0,0.0,0,COMPLETED,12,0,0,0,0,1
Least Loaded,0.0,2,High,1.5,20263329,29.0,0.003436243386243386,1.8300317460317463,,12,0,0.0,12,0,0.0,0,COMPLETED,12,0,0,0,0,1
Performance Only,0.0,2,High,1.5,20263329,22.857142857142858,0.002671957671957672,1.1046031746031746,,12,0,0.0,12,0,0.0,0,COMPLETED,12,0,0,0,0,1
CEDAR-inspired,0.0,2,High,1.5,20263329,25.5952380952381,0.0026304232804232803,0.919468253968254,,12,0,0.0,12,0,0.0,0,COMPLETED,12,0,0,0,0,1
Proposed Failure-Aware Carbon,0.0,2,High,1.5,20263329,25.5952380952381,0.0026304232804232803,0.919468253968254,,12,0,0.0,12,0,0.0,0,COMPLETED,12,0,0,0,0,1
Round Robin,0.0,2,High,1.5,20263330,27.30952380952381,0.003347883597883599,1.7514087301587302,,12,0,0.0,12,0,0.0,0,COMPLETED,12,0,0,0,0,2
Least Loaded,0.0,2,High,1.5,20263330,29.0,0.003436243386243386,1.8300317460317463,,12,0,0.0,12,0,0.0,0,COMPLETED,12,0,0,0,0,2
Performance Only,0.0,2,High,1.5,20263330,22.857142857142858,0.002671957671957672,1.1046031746031746,,12,0,0.0,12,0,0.0,0,COMPLETED,12,0,0,0,0,2
CEDAR-inspired,0.0,2,High,1.5,20263330,25.5952380952381,0.0026304232804232803,0.919468253968254,,12,0,0.0,12,0,0.0,0,COMPLETED,12,0,0,0,0,2
Proposed Failure-Aware Carbon,0.0,2,High,1.5,20263330,25.5952380952381,0.0026304232804232803,0.919468253968254,,12,0,0.0,12,0,0.0,0,COMPLETED,12,0,0,0,0,2
Round Robin,0.0,2,High,1.5,20263331,27.30952380952381,0.003347883597883599,1.7514087301587302,,12,0,0.0,12,0,0.0,0,COMPLETED,12,0,0,0,0,3
Least Loaded,0.0,2,High,1.5,20263331,29.0,0.003436243386243386,1.8300317460317463,,12,0,0.0,12,0,0.0,0,COMPLETED,12,0,0,0,0,3
Performance Only,0.0,2,High,1.5,20263331,22.857142857142858,0.002671957671957672,1.1046031746031746,,12,0,0.0,12,0,0.0,0,COMPLETED,12,0,0,0,0,3
CEDAR-inspired,0.0,2,High,1.5,20263331,25.5952380952381,0.0026304232804232803,0.919468253968254,,12,0,0.0,12,0,0.0,0,COMPLETED,12,0,0,0,0,3
Proposed Failure-Aware Carbon,0.0,2,High,1.5,20263331,25.5952380952381,0.0026304232804232803,0.919468253968254,,12,0,0.0,12,0,0.0,0,COMPLETED,12,0,0,0,0,3
Round Robin,0.0,3,Low,0.5,20263429,27.30952380952381,0.003347883597883599,0.5838029100529101,,12,0,0.0,12,0,0.0,0,COMPLETED,12,0,0,0,0,1
Least Loaded,0.0,3,Low,0.5,20263429,29.0,0.003436243386243386,0.610010582010582,,12,0,0.0,12,0,0.0,0,COMPLETED,12,0,0,0,0,1
Performance Only,0.0,3,Low,0.5,20263429,22.857142857142858,0.002648148148148148,0.39129629629629625,,12,0,0.0,12,0,0.0,0,COMPLETED,12,0,0,0,0,1
CEDAR-inspired,0.0,3,Low,0.5,20263429,25.5952380952381,0.0026637566137566134,0.35348941798941796,,12,0,0.0,12,0,0.0,0,COMPLETED,12,0,0,0,0,1
Proposed Failure-Aware Carbon,0.0,3,Low,0.5,20263429,25.5952380952381,0.0026304232804232803,0.30648941798941803,,12,0,0.0,12,0,0.0,0,COMPLETED,12,0,0,0,0,1
Round Robin,0.0,3,Low,0.5,20263430,27.30952380952381,0.003347883597883599,0.5838029100529101,,12,0,0.0,12,0,0.0,0,COMPLETED,12,0,0,0,0,2
Least Loaded,0.0,3,Low,0.5,20263430,29.0,0.003436243386243386,0.610010582010582,,12,0,0.0,12,0,0.0,0,COMPLETED,12,0,0,0,0,2
Performance Only,0.0,3,Low,0.5,20263430,22.857142857142858,0.002648148148148148,0.39129629629629625,,12,0,0.0,12,0,0.0,0,COMPLETED,12,0,0,0,0,2
CEDAR-inspired,0.0,3,Low,0.5,20263430,25.5952380952381,0.0026637566137566134,0.35348941798941796,,12,0,0.0,12,0,0.0,0,COMPLETED,12,0,0,0,0,2
Proposed Failure-Aware Carbon,0.0,3,Low,0.5,20263430,25.5952380952381,0.0026304232804232803,0.30648941798941803,,12,0,0.0,12,0,0.0,0,COMPLETED,12,0,0,0,0,2
Round Robin,0.0,3,Low,0.5,20263431,27.30952380952381,0.003347883597883599,0.5838029100529101,,12,0,0.0,12,0,0.0,0,COMPLETED,12,0,0,0,0,3
Least Loaded,0.0,3,Low,0.5,20263431,29.0,0.003436243386243386,0.610010582010582,,12,0,0.0,12,0,0.0,0,COMPLETED,12,0,0,0,0,3
Performance Only,0.0,3,Low,0.5,20263431,22.857142857142858,0.002648148148148148,0.39129629629629625,,12,0,0.0,12,0,0.0,0,COMPLETED,12,0,0,0,0,3
CEDAR-inspired,0.0,3,Low,0.5,20263431,25.5952380952381,0.0026637566137566134,0.35348941798941796,,12,0,0.0,12,0,0.0,0,COMPLETED,12,0,0,0,0,3
Proposed Failure-Aware Carbon,0.0,3,Low,0.5,20263431,25.5952380952381,0.0026304232804232803,0.30648941798941803,,12,0,0.0,12,0,0.0,0,COMPLETED,12,0,0,0,0,3
Round Robin,0.0,3,Medium,1.0,20263529,27.30952380952381,0.003347883597883599,1.1676058201058201,,12,0,0.0,12,0,0.0,0,COMPLETED,12,0,0,0,0,1
Least Loaded,0.0,3,Medium,1.0,20263529,29.0,0.003436243386243386,1.220021164021164,,12,0,0.0,12,0,0.0,0,COMPLETED,12,0,0,0,0,1
Performance Only,0.0,3,Medium,1.0,20263529,22.857142857142858,0.002648148148148148,0.7825925925925925,,12,0,0.0,12,0,0.0,0,COMPLETED,12,0,0,0,0,1
CEDAR-inspired,0.0,3,Medium,1.0,20263529,25.5952380952381,0.0026637566137566134,0.7069788359788359,,12,0,0.0,12,0,0.0,0,COMPLETED,12,0,0,0,0,1
Proposed Failure-Aware Carbon,0.0,3,Medium,1.0,20263529,25.5952380952381,0.0026304232804232803,0.6129788359788361,,12,0,0.0,12,0,0.0,0,COMPLETED,12,0,0,0,0,1
Round Robin,0.0,3,Medium,1.0,20263530,27.30952380952381,0.003347883597883599,1.1676058201058201,,12,0,0.0,12,0,0.0,0,COMPLETED,12,0,0,0,0,2
Least Loaded,0.0,3,Medium,1.0,20263530,29.0,0.003436243386243386,1.220021164021164,,12,0,0.0,12,0,0.0,0,COMPLETED,12,0,0,0,0,2
Performance Only,0.0,3,Medium,1.0,20263530,22.857142857142858,0.002648148148148148,0.7825925925925925,,12,0,0.0,12,0,0.0,0,COMPLETED,12,0,0,0,0,2
CEDAR-inspired,0.0,3,Medium,1.0,20263530,25.5952380952381,0.0026637566137566134,0.7069788359788359,,12,0,0.0,12,0,0.0,0,COMPLETED,12,0,0,0,0,2
Proposed Failure-Aware Carbon,0.0,3,Medium,1.0,20263530,25.5952380952381,0.0026304232804232803,0.6129788359788361,,12,0,0.0,12,0,0.0,0,COMPLETED,12,0,0,0,0,2
Round Robin,0.0,3,Medium,1.0,20263531,27.30952380952381,0.003347883597883599,1.1676058201058201,,12,0,0.0,12,0,0.0,0,COMPLETED,12,0,0,0,0,3
Least Loaded,0.0,3,Medium,1.0,20263531,29.0,0.003436243386243386,1.220021164021164,,12,0,0.0,12,0,0.0,0,COMPLETED,12,0,0,0,0,3
Performance Only,0.0,3,Medium,1.0,20263531,22.857142857142858,0.002648148148148148,0.7825925925925925,,12,0,0.0,12,0,0.0,0,COMPLETED,12,0,0,0,0,3
CEDAR-inspired,0.0,3,Medium,1.0,20263531,25.5952380952381,0.0026637566137566134,0.7069788359788359,,12,0,0.0,12,0,0.0,0,COMPLETED,12,0,0,0,0,3
Proposed Failure-Aware Carbon,0.0,3,Medium,1.0,20263531,25.5952380952381,0.0026304232804232803,0.6129788359788361,,12,0,0.0,12,0,0.0,0,COMPLETED,12,0,0,0,0,3
Round Robin,0.0,3,High,1.5,20263629,27.30952380952381,0.003347883597883599,1.7514087301587302,,12,0,0.0,12,0,0.0,0,COMPLETED,12,0,0,0,0,1
Least Loaded,0.0,3,High,1.5,20263629,29.0,0.003436243386243386,1.8300317460317463,,12,0,0.0,12,0,0.0,0,COMPLETED,12,0,0,0,0,1
Performance Only,0.0,3,High,1.5,20263629,22.857142857142858,0.002648148148148148,1.173888888888889,,12,0,0.0,12,0,0.0,0,COMPLETED,12,0,0,0,0,1
CEDAR-inspired,0.0,3,High,1.5,20263629,25.5952380952381,0.0026637566137566134,1.060468253968254,,12,0,0.0,12,0,0.0,0,COMPLETED,12,0,0,0,0,1
Proposed Failure-Aware Carbon,0.0,3,High,1.5,20263629,25.5952380952381,0.0026304232804232803,0.919468253968254,,12,0,0.0,12,0,0.0,0,COMPLETED,12,0,0,0,0,1
Round Robin,0.0,3,High,1.5,20263630,27.30952380952381,0.003347883597883599,1.7514087301587302,,12,0,0.0,12,0,0.0,0,COMPLETED,12,0,0,0,0,2
Least Loaded,0.0,3,High,1.5,20263630,29.0,0.003436243386243386,1.8300317460317463,,12,0,0.0,12,0,0.0,0,COMPLETED,12,0,0,0,0,2
Performance Only,0.0,3,High,1.5,20263630,22.857142857142858,0.002648148148148148,1.173888888888889,,12,0,0.0,12,0,0.0,0,COMPLETED,12,0,0,0,0,2
CEDAR-inspired,0.0,3,High,1.5,20263630,25.5952380952381,0.0026637566137566134,1.060468253968254,,12,0,0.0,12,0,0.0,0,COMPLETED,12,0,0,0,0,2
Proposed Failure-Aware Carbon,0.0,3,High,1.5,20263630,25.5952380952381,0.0026304232804232803,0.919468253968254,,12,0,0.0,12,0,0.0,0,COMPLETED,12,0,0,0,0,2
Round Robin,0.0,3,High,1.5,20263631,27.30952380952381,0.003347883597883599,1.7514087301587302,,12,0,0.0,12,0,0.0,0,COMPLETED,12,0,0,0,0,3
Least Loaded,0.0,3,High,1.5,20263631,29.0,0.003436243386243386,1.8300317460317463,,12,0,0.0,12,0,0.0,0,COMPLETED,12,0,0,0,0,3
Performance Only,0.0,3,High,1.5,20263631,22.857142857142858,0.002648148148148148,1.173888888888889,,12,0,0.0,12,0,0.0,0,COMPLETED,12,0,0,0,0,3
CEDAR-inspired,0.0,3,High,1.5,20263631,25.5952380952381,0.0026637566137566134,1.060468253968254,,12,0,0.0,12,0,0.0,0,COMPLETED,12,0,0,0,0,3
Proposed Failure-Aware Carbon,0.0,3,High,1.5,20263631,25.5952380952381,0.0026304232804232803,0.919468253968254,,12,0,0.0,12,0,0.0,0,COMPLETED,12,0,0,0,0,3
Round Robin,0.0,1,Low,0.5,20263729,27.30952380952381,0.003347883597883599,0.5838029100529101,,12,0,0.0,12,0,0.0,0,COMPLETED,12,0,0,0,0,1
Least Loaded,0.0,1,Low,0.5,20263729,29.0,0.003436243386243386,0.610010582010582,,12,0,0.0,12,0,0.0,0,COMPLETED,12,0,0,0,0,1
Performance Only,0.0,1,Low,0.5,20263729,25.5952380952381,0.002820899470899471,0.37672751322751324,,12,0,0.0,12,0,0.0,0,COMPLETED,12,0,0,0,0,1
CEDAR-inspired,0.0,1,Low,0.5,20263729,25.5952380952381,0.002820899470899471,0.37672751322751324,,12,0,0.0,12,0,0.0,0,COMPLETED,12,0,0,0,0,1
Proposed Failure-Aware Carbon,0.0,1,Low,0.5,20263729,26.380952380952383,0.002824074074074074,0.39064814814814813,,12,0,0.0,12,0,0.0,0,COMPLETED,12,0,0,0,0,1
Round Robin,0.0,1,Low,0.5,20263730,27.30952380952381,0.003347883597883599,0.5838029100529101,,12,0,0.0,12,0,0.0,0,COMPLETED,12,0,0,0,0,2
Least Loaded,0.0,1,Low,0.5,20263730,29.0,0.003436243386243386,0.610010582010582,,12,0,0.0,12,0,0.0,0,COMPLETED,12,0,0,0,0,2
Performance Only,0.0,1,Low,0.5,20263730,25.5952380952381,0.002820899470899471,0.37672751322751324,,12,0,0.0,12,0,0.0,0,COMPLETED,12,0,0,0,0,2
CEDAR-inspired,0.0,1,Low,0.5,20263730,25.5952380952381,0.002820899470899471,0.37672751322751324,,12,0,0.0,12,0,0.0,0,COMPLETED,12,0,0,0,0,2
Proposed Failure-Aware Carbon,0.0,1,Low,0.5,20263730,26.380952380952383,0.002824074074074074,0.39064814814814813,,12,0,0.0,12,0,0.0,0,COMPLETED,12,0,0,0,0,2
Round Robin,0.0,1,Low,0.5,20263731,27.30952380952381,0.003347883597883599,0.5838029100529101,,12,0,0.0,12,0,0.0,0,COMPLETED,12,0,0,0,0,3
Least Loaded,0.0,1,Low,0.5,20263731,29.0,0.003436243386243386,0.610010582010582,,12,0,0.0,12,0,0.0,0,COMPLETED,12,0,0,0,0,3
Performance Only,0.0,1,Low,0.5,20263731,25.5952380952381,0.002820899470899471,0.37672751322751324,,12,0,0.0,12,0,0.0,0,COMPLETED,12,0,0,0,0,3
CEDAR-inspired,0.0,1,Low,0.5,20263731,25.5952380952381,0.002820899470899471,0.37672751322751324,,12,0,0.0,12,0,0.0,0,COMPLETED,12,0,0,0,0,3
Proposed Failure-Aware Carbon,0.0,1,Low,0.5,20263731,26.380952380952383,0.002824074074074074,0.39064814814814813,,12,0,0.0,12,0,0.0,0,COMPLETED,12,0,0,0,0,3
Round Robin,0.0,1,Medium,1.0,20263829,27.30952380952381,0.003347883597883599,1.1676058201058201,,12,0,0.0,12,0,0.0,0,COMPLETED,12,0,0,0,0,1
Least Loaded,0.0,1,Medium,1.0,20263829,29.0,0.003436243386243386,1.220021164021164,,12,0,0.0,12,0,0.0,0,COMPLETED,12,0,0,0,0,1
Performance Only,0.0,1,Medium,1.0,20263829,25.5952380952381,0.002820899470899471,0.7534550264550265,,12,0,0.0,12,0,0.0,0,COMPLETED,12,0,0,0,0,1
CEDAR-inspired,0.0,1,Medium,1.0,20263829,25.5952380952381,0.002820899470899471,0.7534550264550265,,12,0,0.0,12,0,0.0,0,COMPLETED,12,0,0,0,0,1
Proposed Failure-Aware Carbon,0.0,1,Medium,1.0,20263829,26.380952380952383,0.002824074074074074,0.7812962962962963,,12,0,0.0,12,0,0.0,0,COMPLETED,12,0,0,0,0,1
Round Robin,0.0,1,Medium,1.0,20263830,27.30952380952381,0.003347883597883599,1.1676058201058201,,12,0,0.0,12,0,0.0,0,COMPLETED,12,0,0,0,0,2
Least Loaded,0.0,1,Medium,1.0,20263830,29.0,0.003436243386243386,1.220021164021164,,12,0,0.0,12,0,0.0,0,COMPLETED,12,0,0,0,0,2
Performance Only,0.0,1,Medium,1.0,20263830,25.5952380952381,0.002820899470899471,0.7534550264550265,,12,0,0.0,12,0,0.0,0,COMPLETED,12,0,0,0,0,2
CEDAR-inspired,0.0,1,Medium,1.0,20263830,25.5952380952381,0.002820899470899471,0.7534550264550265,,12,0,0.0,12,0,0.0,0,COMPLETED,12,0,0,0,0,2
Proposed Failure-Aware Carbon,0.0,1,Medium,1.0,20263830,26.380952380952383,0.002824074074074074,0.7812962962962963,,12,0,0.0,12,0,0.0,0,COMPLETED,12,0,0,0,0,2
Round Robin,0.0,1,Medium,1.0,20263831,27.30952380952381,0.003347883597883599,1.1676058201058201,,12,0,0.0,12,0,0.0,0,COMPLETED,12,0,0,0,0,3
Least Loaded,0.0,1,Medium,1.0,20263831,29.0,0.003436243386243386,1.220021164021164,,12,0,0.0,12,0,0.0,0,COMPLETED,12,0,0,0,0,3
Performance Only,0.0,1,Medium,1.0,20263831,25.5952380952381,0.002820899470899471,0.7534550264550265,,12,0,0.0,12,0,0.0,0,COMPLETED,12,0,0,0,0,3
CEDAR-inspired,0.0,1,Medium,1.0,20263831,25.5952380952381,0.002820899470899471,0.7534550264550265,,12,0,0.0,12,0,0.0,0,COMPLETED,12,0,0,0,0,3
Proposed Failure-Aware Carbon,0.0,1,Medium,1.0,20263831,26.380952380952383,0.002824074074074074,0.7812962962962963,,12,0,0.0,12,0,0.0,0,COMPLETED,12,0,0,0,0,3
Round Robin,0.0,1,High,1.5,20263929,27.30952380952381,0.003347883597883599,1.7514087301587302,,12,0,0.0,12,0,0.0,0,COMPLETED,12,0,0,0,0,1
Least Loaded,0.0,1,High,1.5,20263929,29.0,0.003436243386243386,1.8300317460317463,,12,0,0.0,12,0,0.0,0,COMPLETED,12,0,0,0,0,1
Performance Only,0.0,1,High,1.5,20263929,25.5952380952381,0.002820899470899471,1.1301825396825398,,12,0,0.0,12,0,0.0,0,COMPLETED,12,0,0,0,0,1
CEDAR-inspired,0.0,1,High,1.5,20263929,25.5952380952381,0.002820899470899471,1.1301825396825398,,12,0,0.0,12,0,0.0,0,COMPLETED,12,0,0,0,0,1
Proposed Failure-Aware Carbon,0.0,1,High,1.5,20263929,26.380952380952383,0.002824074074074074,1.1719444444444445,,12,0,0.0,12,0,0.0,0,COMPLETED,12,0,0,0,0,1
Round Robin,0.0,1,High,1.5,20263930,27.30952380952381,0.003347883597883599,1.7514087301587302,,12,0,0.0,12,0,0.0,0,COMPLETED,12,0,0,0,0,2
Least Loaded,0.0,1,High,1.5,20263930,29.0,0.003436243386243386,1.8300317460317463,,12,0,0.0,12,0,0.0,0,COMPLETED,12,0,0,0,0,2
Performance Only,0.0,1,High,1.5,20263930,25.5952380952381,0.002820899470899471,1.1301825396825398,,12,0,0.0,12,0,0.0,0,COMPLETED,12,0,0,0,0,2
CEDAR-inspired,0.0,1,High,1.5,20263930,25.5952380952381,0.002820899470899471,1.1301825396825398,,12,0,0.0,12,0,0.0,0,COMPLETED,12,0,0,0,0,2
Proposed Failure-Aware Carbon,0.0,1,High,1.5,20263930,26.380952380952383,0.002824074074074074,1.1719444444444445,,12,0,0.0,12,0,0.0,0,COMPLETED,12,0,0,0,0,2
Round Robin,0.0,1,High,1.5,20263931,27.30952380952381,0.003347883597883599,1.7514087301587302,,12,0,0.0,12,0,0.0,0,COMPLETED,12,0,0,0,0,3
Least Loaded,0.0,1,High,1.5,20263931,29.0,0.003436243386243386,1.8300317460317463,,12,0,0.0,12,0,0.0,0,COMPLETED,12,0,0,0,0,3
Performance Only,0.0,1,High,1.5,20263931,25.5952380952381,0.002820899470899471,1.1301825396825398,,12,0,0.0,12,0,0.0,0,COMPLETED,12,0,0,0,0,3
CEDAR-inspired,0.0,1,High,1.5,20263931,25.5952380952381,0.002820899470899471,1.1301825396825398,,12,0,0.0,12,0,0.0,0,COMPLETED,12,0,0,0,0,3
Proposed Failure-Aware Carbon,0.0,1,High,1.5,20263931,26.380952380952383,0.002824074074074074,1.1719444444444445,,12,0,0.0,12,0,0.0,0,COMPLETED,12,0,0,0,0,3
Round Robin,0.0,2,Low,0.5,20264029,27.30952380952381,0.003347883597883599,0.5838029100529101,,12,0,0.0,12,0,0.0,0,COMPLETED,12,0,0,0,0,1
Least Loaded,0.0,2,Low,0.5,20264029,29.0,0.003436243386243386,0.610010582010582,,12,0,0.0,12,0,0.0,0,COMPLETED,12,0,0,0,0,1
Performance Only,0.0,2,Low,0.5,20264029,22.857142857142858,0.002671957671957672,0.36820105820105814,,12,0,0.0,12,0,0.0,0,COMPLETED,12,0,0,0,0,1
CEDAR-inspired,0.0,2,Low,0.5,20264029,25.5952380952381,0.0026304232804232803,0.30648941798941803,,12,0,0.0,12,0,0.0,0,COMPLETED,12,0,0,0,0,1
Proposed Failure-Aware Carbon,0.0,2,Low,0.5,20264029,25.5952380952381,0.0026304232804232803,0.30648941798941803,,12,0,0.0,12,0,0.0,0,COMPLETED,12,0,0,0,0,1
Round Robin,0.0,2,Low,0.5,20264030,27.30952380952381,0.003347883597883599,0.5838029100529101,,12,0,0.0,12,0,0.0,0,COMPLETED,12,0,0,0,0,2
Least Loaded,0.0,2,Low,0.5,20264030,29.0,0.003436243386243386,0.610010582010582,,12,0,0.0,12,0,0.0,0,COMPLETED,12,0,0,0,0,2
Performance Only,0.0,2,Low,0.5,20264030,22.857142857142858,0.002671957671957672,0.36820105820105814,,12,0,0.0,12,0,0.0,0,COMPLETED,12,0,0,0,0,2
CEDAR-inspired,0.0,2,Low,0.5,20264030,25.5952380952381,0.0026304232804232803,0.30648941798941803,,12,0,0.0,12,0,0.0,0,COMPLETED,12,0,0,0,0,2
Proposed Failure-Aware Carbon,0.0,2,Low,0.5,20264030,25.5952380952381,0.0026304232804232803,0.30648941798941803,,12,0,0.0,12,0,0.0,0,COMPLETED,12,0,0,0,0,2
Round Robin,0.0,2,Low,0.5,20264031,27.30952380952381,0.003347883597883599,0.5838029100529101,,12,0,0.0,12,0,0.0,0,COMPLETED,12,0,0,0,0,3
Least Loaded,0.0,2,Low,0.5,20264031,29.0,0.003436243386243386,0.610010582010582,,12,0,0.0,12,0,0.0,0,COMPLETED,12,0,0,0,0,3
Performance Only,0.0,2,Low,0.5,20264031,22.857142857142858,0.002671957671957672,0.36820105820105814,,12,0,0.0,12,0,0.0,0,COMPLETED,12,0,0,0,0,3
CEDAR-inspired,0.0,2,Low,0.5,20264031,25.5952380952381,0.0026304232804232803,0.30648941798941803,,12,0,0.0,12,0,0.0,0,COMPLETED,12,0,0,0,0,3
Proposed Failure-Aware Carbon,0.0,2,Low,0.5,20264031,25.5952380952381,0.0026304232804232803,0.30648941798941803,,12,0,0.0,12,0,0.0,0,COMPLETED,12,0,0,0,0,3
Round Robin,0.0,2,Medium,1.0,20264129,27.30952380952381,0.003347883597883599,1.1676058201058201,,12,0,0.0,12,0,0.0,0,COMPLETED,12,0,0,0,0,1
Least Loaded,0.0,2,Medium,1.0,20264129,29.0,0.003436243386243386,1.220021164021164,,12,0,0.0,12,0,0.0,0,COMPLETED,12,0,0,0,0,1
Performance Only,0.0,2,Medium,1.0,20264129,22.857142857142858,0.002671957671957672,0.7364021164021163,,12,0,0.0,12,0,0.0,0,COMPLETED,12,0,0,0,0,1
CEDAR-inspired,0.0,2,Medium,1.0,20264129,25.5952380952381,0.0026304232804232803,0.6129788359788361,,12,0,0.0,12,0,0.0,0,COMPLETED,12,0,0,0,0,1
Proposed Failure-Aware Carbon,0.0,2,Medium,1.0,20264129,25.5952380952381,0.0026304232804232803,0.6129788359788361,,12,0,0.0,12,0,0.0,0,COMPLETED,12,0,0,0,0,1
Round Robin,0.0,2,Medium,1.0,20264130,27.30952380952381,0.003347883597883599,1.1676058201058201,,12,0,0.0,12,0,0.0,0,COMPLETED,12,0,0,0,0,2
Least Loaded,0.0,2,Medium,1.0,20264130,29.0,0.003436243386243386,1.220021164021164,,12,0,0.0,12,0,0.0,0,COMPLETED,12,0,0,0,0,2
Performance Only,0.0,2,Medium,1.0,20264130,22.857142857142858,0.002671957671957672,0.7364021164021163,,12,0,0.0,12,0,0.0,0,COMPLETED,12,0,0,0,0,2
CEDAR-inspired,0.0,2,Medium,1.0,20264130,25.5952380952381,0.0026304232804232803,0.6129788359788361,,12,0,0.0,12,0,0.0,0,COMPLETED,12,0,0,0,0,2
Proposed Failure-Aware Carbon,0.0,2,Medium,1.0,20264130,25.5952380952381,0.0026304232804232803,0.6129788359788361,,12,0,0.0,12,0,0.0,0,COMPLETED,12,0,0,0,0,2
Round Robin,0.0,2,Medium,1.0,20264131,27.30952380952381,0.003347883597883599,1.1676058201058201,,12,0,0.0,12,0,0.0,0,COMPLETED,12,0,0,0,0,3
Least Loaded,0.0,2,Medium,1.0,20264131,29.0,0.003436243386243386,1.220021164021164,,12,0,0.0,12,0,0.0,0,COMPLETED,12,0,0,0,0,3
Performance Only,0.0,2,Medium,1.0,20264131,22.857142857142858,0.002671957671957672,0.7364021164021163,,12,0,0.0,12,0,0.0,0,COMPLETED,12,0,0,0,0,3
CEDAR-inspired,0.0,2,Medium,1.0,20264131,25.5952380952381,0.0026304232804232803,0.6129788359788361,,12,0,0.0,12,0,0.0,0,COMPLETED,12,0,0,0,0,3
Proposed Failure-Aware Carbon,0.0,2,Medium,1.0,20264131,25.5952380952381,0.0026304232804232803,0.6129788359788361,,12,0,0.0,12,0,0.0,0,COMPLETED,12,0,0,0,0,3
Round Robin,0.0,2,High,1.5,20264229,27.30952380952381,0.003347883597883599,1.7514087301587302,,12,0,0.0,12,0,0.0,0,COMPLETED,12,0,0,0,0,1
Least Loaded,0.0,2,High,1.5,20264229,29.0,0.003436243386243386,1.8300317460317463,,12,0,0.0,12,0,0.0,0,COMPLETED,12,0,0,0,0,1
Performance Only,0.0,2,High,1.5,20264229,22.857142857142858,0.002671957671957672,1.1046031746031746,,12,0,0.0,12,0,0.0,0,COMPLETED,12,0,0,0,0,1
CEDAR-inspired,0.0,2,High,1.5,20264229,25.5952380952381,0.0026304232804232803,0.919468253968254,,12,0,0.0,12,0,0.0,0,COMPLETED,12,0,0,0,0,1
Proposed Failure-Aware Carbon,0.0,2,High,1.5,20264229,25.5952380952381,0.0026304232804232803,0.919468253968254,,12,0,0.0,12,0,0.0,0,COMPLETED,12,0,0,0,0,1
Round Robin,0.0,2,High,1.5,20264230,27.30952380952381,0.003347883597883599,1.7514087301587302,,12,0,0.0,12,0,0.0,0,COMPLETED,12,0,0,0,0,2
Least Loaded,0.0,2,High,1.5,20264230,29.0,0.003436243386243386,1.8300317460317463,,12,0,0.0,12,0,0.0,0,COMPLETED,12,0,0,0,0,2
Performance Only,0.0,2,High,1.5,20264230,22.857142857142858,0.002671957671957672,1.1046031746031746,,12,0,0.0,12,0,0.0,0,COMPLETED,12,0,0,0,0,2
CEDAR-inspired,0.0,2,High,1.5,20264230,25.5952380952381,0.0026304232804232803,0.919468253968254,,12,0,0.0,12,0,0.0,0,COMPLETED,12,0,0,0,0,2
Proposed Failure-Aware Carbon,0.0,2,High,1.5,20264230,25.5952380952381,0.0026304232804232803,0.919468253968254,,12,0,0.0,12,0,0.0,0,COMPLETED,12,0,0,0,0,2
Round Robin,0.0,2,High,1.5,20264231,27.30952380952381,0.003347883597883599,1.7514087301587302,,12,0,0.0,12,0,0.0,0,COMPLETED,12,0,0,0,0,3
Least Loaded,0.0,2,High,1.5,20264231,29.0,0.003436243386243386,1.8300317460317463,,12,0,0.0,12,0,0.0,0,COMPLETED,12,0,0,0,0,3
Performance Only,0.0,2,High,1.5,20264231,22.857142857142858,0.002671957671957672,1.1046031746031746,,12,0,0.0,12,0,0.0,0,COMPLETED,12,0,0,0,0,3
CEDAR-inspired,0.0,2,High,1.5,20264231,25.5952380952381,0.0026304232804232803,0.919468253968254,,12,0,0.0,12,0,0.0,0,COMPLETED,12,0,0,0,0,3
Proposed Failure-Aware Carbon,0.0,2,High,1.5,20264231,25.5952380952381,0.0026304232804232803,0.919468253968254,,12,0,0.0,12,0,0.0,0,COMPLETED,12,0,0,0,0,3
Round Robin,0.0,3,Low,0.5,20264329,27.30952380952381,0.003347883597883599,0.5838029100529101,,12,0,0.0,12,0,0.0,0,COMPLETED,12,0,0,0,0,1
Least Loaded,0.0,3,Low,0.5,20264329,29.0,0.003436243386243386,0.610010582010582,,12,0,0.0,12,0,0.0,0,COMPLETED,12,0,0,0,0,1
Performance Only,0.0,3,Low,0.5,20264329,22.857142857142858,0.002648148148148148,0.39129629629629625,,12,0,0.0,12,0,0.0,0,COMPLETED,12,0,0,0,0,1
CEDAR-inspired,0.0,3,Low,0.5,20264329,25.5952380952381,0.0026637566137566134,0.35348941798941796,,12,0,0.0,12,0,0.0,0,COMPLETED,12,0,0,0,0,1
Proposed Failure-Aware Carbon,0.0,3,Low,0.5,20264329,25.5952380952381,0.0026304232804232803,0.30648941798941803,,12,0,0.0,12,0,0.0,0,COMPLETED,12,0,0,0,0,1
Round Robin,0.0,3,Low,0.5,20264330,27.30952380952381,0.003347883597883599,0.5838029100529101,,12,0,0.0,12,0,0.0,0,COMPLETED,12,0,0,0,0,2
Least Loaded,0.0,3,Low,0.5,20264330,29.0,0.003436243386243386,0.610010582010582,,12,0,0.0,12,0,0.0,0,COMPLETED,12,0,0,0,0,2
Performance Only,0.0,3,Low,0.5,20264330,22.857142857142858,0.002648148148148148,0.39129629629629625,,12,0,0.0,12,0,0.0,0,COMPLETED,12,0,0,0,0,2
CEDAR-inspired,0.0,3,Low,0.5,20264330,25.5952380952381,0.0026637566137566134,0.35348941798941796,,12,0,0.0,12,0,0.0,0,COMPLETED,12,0,0,0,0,2
Proposed Failure-Aware Carbon,0.0,3,Low,0.5,20264330,25.5952380952381,0.0026304232804232803,0.30648941798941803,,12,0,0.0,12,0,0.0,0,COMPLETED,12,0,0,0,0,2
Round Robin,0.0,3,Low,0.5,20264331,27.30952380952381,0.003347883597883599,0.5838029100529101,,12,0,0.0,12,0,0.0,0,COMPLETED,12,0,0,0,0,3
Least Loaded,0.0,3,Low,0.5,20264331,29.0,0.003436243386243386,0.610010582010582,,12,0,0.0,12,0,0.0,0,COMPLETED,12,0,0,0,0,3
Performance Only,0.0,3,Low,0.5,20264331,22.857142857142858,0.002648148148148148,0.39129629629629625,,12,0,0.0,12,0,0.0,0,COMPLETED,12,0,0,0,0,3
CEDAR-inspired,0.0,3,Low,0.5,20264331,25.5952380952381,0.0026637566137566134,0.35348941798941796,,12,0,0.0,12,0,0.0,0,COMPLETED,12,0,0,0,0,3
Proposed Failure-Aware Carbon,0.0,3,Low,0.5,20264331,25.5952380952381,0.0026304232804232803,0.30648941798941803,,12,0,0.0,12,0,0.0,0,COMPLETED,12,0,0,0,0,3
Round Robin,0.0,3,Medium,1.0,20264429,27.30952380952381,0.003347883597883599,1.1676058201058201,,12,0,0.0,12,0,0.0,0,COMPLETED,12,0,0,0,0,1
Least Loaded,0.0,3,Medium,1.0,20264429,29.0,0.003436243386243386,1.220021164021164,,12,0,0.0,12,0,0.0,0,COMPLETED,12,0,0,0,0,1
Performance Only,0.0,3,Medium,1.0,20264429,22.857142857142858,0.002648148148148148,0.7825925925925925,,12,0,0.0,12,0,0.0,0,COMPLETED,12,0,0,0,0,1
CEDAR-inspired,0.0,3,Medium,1.0,20264429,25.5952380952381,0.0026637566137566134,0.7069788359788359,,12,0,0.0,12,0,0.0,0,COMPLETED,12,0,0,0,0,1
Proposed Failure-Aware Carbon,0.0,3,Medium,1.0,20264429,25.5952380952381,0.0026304232804232803,0.6129788359788361,,12,0,0.0,12,0,0.0,0,COMPLETED,12,0,0,0,0,1
Round Robin,0.0,3,Medium,1.0,20264430,27.30952380952381,0.003347883597883599,1.1676058201058201,,12,0,0.0,12,0,0.0,0,COMPLETED,12,0,0,0,0,2
Least Loaded,0.0,3,Medium,1.0,20264430,29.0,0.003436243386243386,1.220021164021164,,12,0,0.0,12,0,0.0,0,COMPLETED,12,0,0,0,0,2
Performance Only,0.0,3,Medium,1.0,20264430,22.857142857142858,0.002648148148148148,0.7825925925925925,,12,0,0.0,12,0,0.0,0,COMPLETED,12,0,0,0,0,2
CEDAR-inspired,0.0,3,Medium,1.0,20264430,25.5952380952381,0.0026637566137566134,0.7069788359788359,,12,0,0.0,12,0,0.0,0,COMPLETED,12,0,0,0,0,2
Proposed Failure-Aware Carbon,0.0,3,Medium,1.0,20264430,25.5952380952381,0.0026304232804232803,0.6129788359788361,,12,0,0.0,12,0,0.0,0,COMPLETED,12,0,0,0,0,2
Round Robin,0.0,3,Medium,1.0,20264431,27.30952380952381,0.003347883597883599,1.1676058201058201,,12,0,0.0,12,0,0.0,0,COMPLETED,12,0,0,0,0,3
Least Loaded,0.0,3,Medium,1.0,20264431,29.0,0.003436243386243386,1.220021164021164,,12,0,0.0,12,0,0.0,0,COMPLETED,12,0,0,0,0,3
Performance Only,0.0,3,Medium,1.0,20264431,22.857142857142858,0.002648148148148148,0.7825925925925925,,12,0,0.0,12,0,0.0,0,COMPLETED,12,0,0,0,0,3
CEDAR-inspired,0.0,3,Medium,1.0,20264431,25.5952380952381,0.0026637566137566134,0.7069788359788359,,12,0,0.0,12,0,0.0,0,COMPLETED,12,0,0,0,0,3
Proposed Failure-Aware Carbon,0.0,3,Medium,1.0,20264431,25.5952380952381,0.0026304232804232803,0.6129788359788361,,12,0,0.0,12,0,0.0,0,COMPLETED,12,0,0,0,0,3
Round Robin,0.0,3,High,1.5,20264529,27.30952380952381,0.003347883597883599,1.7514087301587302,,12,0,0.0,12,0,0.0,0,COMPLETED,12,0,0,0,0,1
Least Loaded,0.0,3,High,1.5,20264529,29.0,0.003436243386243386,1.8300317460317463,,12,0,0.0,12,0,0.0,0,COMPLETED,12,0,0,0,0,1
Performance Only,0.0,3,High,1.5,20264529,22.857142857142858,0.002648148148148148,1.173888888888889,,12,0,0.0,12,0,0.0,0,COMPLETED,12,0,0,0,0,1
CEDAR-inspired,0.0,3,High,1.5,20264529,25.5952380952381,0.0026637566137566134,1.060468253968254,,12,0,0.0,12,0,0.0,0,COMPLETED,12,0,0,0,0,1
Proposed Failure-Aware Carbon,0.0,3,High,1.5,20264529,25.5952380952381,0.0026304232804232803,0.919468253968254,,12,0,0.0,12,0,0.0,0,COMPLETED,12,0,0,0,0,1
Round Robin,0.0,3,High,1.5,20264530,27.30952380952381,0.003347883597883599,1.7514087301587302,,12,0,0.0,12,0,0.0,0,COMPLETED,12,0,0,0,0,2
Least Loaded,0.0,3,High,1.5,20264530,29.0,0.003436243386243386,1.8300317460317463,,12,0,0.0,12,0,0.0,0,COMPLETED,12,0,0,0,0,2
Performance Only,0.0,3,High,1.5,20264530,22.857142857142858,0.002648148148148148,1.173888888888889,,12,0,0.0,12,0,0.0,0,COMPLETED,12,0,0,0,0,2
CEDAR-inspired,0.0,3,High,1.5,20264530,25.5952380952381,0.0026637566137566134,1.060468253968254,,12,0,0.0,12,0,0.0,0,COMPLETED,12,0,0,0,0,2
Proposed Failure-Aware Carbon,0.0,3,High,1.5,20264530,25.5952380952381,0.0026304232804232803,0.919468253968254,,12,0,0.0,12,0,0.0,0,COMPLETED,12,0,0,0,0,2
Round Robin,0.0,3,High,1.5,20264531,27.30952380952381,0.003347883597883599,1.7514087301587302,,12,0,0.0,12,0,0.0,0,COMPLETED,12,0,0,0,0,3
Least Loaded,0.0,3,High,1.5,20264531,29.0,0.003436243386243386,1.8300317460317463,,12,0,0.0,12,0,0.0,0,COMPLETED,12,0,0,0,0,3
Performance Only,0.0,3,High,1.5,20264531,22.857142857142858,0.002648148148148148,1.173888888888889,,12,0,0.0,12,0,0.0,0,COMPLETED,12,0,0,0,0,3
CEDAR-inspired,0.0,3,High,1.5,20264531,25.5952380952381,0.0026637566137566134,1.060468253968254,,12,0,0.0,12,0,0.0,0,COMPLETED,12,0,0,0,0,3
Proposed Failure-Aware Carbon,0.0,3,High,1.5,20264531,25.5952380952381,0.0026304232804232803,0.919468253968254,,12,0,0.0,12,0,0.0,0,COMPLETED,12,0,0,0,0,3
Round Robin,0.1,1,Low,0.5,20264629,360.72184178645455,0.0034299526299869064,0.5954472907067166,,13,0,0.0,12,0,0.0,0,COMPLETED,13,25,1,1,25,1
Least Loaded,0.1,1,Low,0.5,20264629,360.72184178645455,0.0031550849051191813,0.48098565049507647,,13,0,0.0,12,0,0.0,0,COMPLETED,13,25,1,1,25,1
Performance Only,0.1,1,Low,0.5,20264629,360.72184178645455,0.002870899470899471,0.39764417989417994,,12,0,0.0,12,0,0.0,0,COMPLETED,12,25,0,0,25,1
CEDAR-inspired,0.1,1,Low,0.5,20264629,360.72184178645455,0.002870899470899471,0.39764417989417994,,12,0,0.0,12,0,0.0,0,COMPLETED,12,25,0,0,25,1
Proposed Failure-Aware Carbon,0.1,1,Low,0.5,20264629,360.72184178645455,0.002858994708994709,0.38085846560846565,,12,0,0.0,12,0,0.0,0,COMPLETED,12,25,0,0,25,1
Round Robin,0.1,1,Low,0.5,20264630,342.9868121961053,0.003674939925832802,0.6505928407267721,,13,0,0.0,12,0,0.0,0,COMPLETED,13,15,1,1,15,2
Least Loaded,0.1,1,Low,0.5,20264630,342.9868121961053,0.003436243386243386,0.610010582010582,,12,0,0.0,12,0,0.0,0,COMPLETED,12,15,0,0,15,2
Performance Only,0.1,1,Low,0.5,20264630,342.9868121961053,0.002832804232804233,0.3651798941798942,,12,0,0.0,12,0,0.0,0,COMPLETED,12,15,0,0,15,2
CEDAR-inspired,0.1,1,Low,0.5,20264630,342.9868121961053,0.002832804232804233,0.3651798941798942,,12,0,0.0,12,0,0.0,0,COMPLETED,12,15,0,0,15,2
Proposed Failure-Aware Carbon,0.1,1,Low,0.5,20264630,342.9868121961053,0.0029336039469968224,0.39818874019767153,,13,0,0.0,12,0,0.0,0,COMPLETED,13,15,1,1,15,2
Round Robin,0.1,1,Low,0.5,20264631,353.4749041315867,0.0035008667879858385,0.6077820174897565,,13,0,0.0,12,0,0.0,0,COMPLETED,13,30,1,1,30,3
Least Loaded,0.1,1,Low,0.5,20264631,353.4749041315867,0.003139755676874728,0.4551431286008676,,13,0,0.0,12,0,0.0,0,COMPLETED,13,30,1,1,30,3
Performance Only,0.1,1,Low,0.5,20264631,353.4749041315867,0.002820899470899471,0.37672751322751324,,12,0,0.0,12,0,0.0,0,COMPLETED,12,30,0,0,30,3
CEDAR-inspired,0.1,1,Low,0.5,20264631,353.4749041315867,0.002820899470899471,0.37672751322751324,,12,0,0.0,12,0,0.0,0,COMPLETED,12,30,0,0,30,3
Proposed Failure-Aware Carbon,0.1,1,Low,0.5,20264631,353.4749041315867,0.0029824275559677278,0.3889937630247887,,13,0,0.0,12,0,0.0,0,COMPLETED,13,30,1,1,30,3
Round Robin,0.1,1,Medium,1.0,20264729,357.3373549939099,0.003602855541270283,1.2821820661428347,,14,0,0.0,12,0,0.0,0,COMPLETED,14,32,2,2,32,1
Least Loaded,0.1,1,Medium,1.0,20264729,357.3373549939099,0.003668728557143298,1.2357217486825172,,14,0,0.0,12,0,0.0,0,COMPLETED,14,32,2,2,32,1
Performance Only,0.1,1,Medium,1.0,20264729,357.3373549939099,0.0035753423137570546,1.1283910608518293,,14,0,0.0,12,0,0.0,0,COMPLETED,14,32,2,2,32,1
CEDAR-inspired,0.1,1,Medium,1.0,20264729,357.3373549939099,0.0035753423137570546,1.1283910608518293,,14,0,0.0,12,0,0.0,0,COMPLETED,14,32,2,2,32,1
Proposed Failure-Aware Carbon,0.1,1,Medium,1.0,20264729,357.3373549939099,0.0033896280280427695,1.0546767751375434,,14,0,0.0,12,0,0.0,0,COMPLETED,14,32,2,2,32,1
Round Robin,0.1,1,Medium,1.0,20264730,347.4484426101419,0.004117841543748571,1.3622176109664759,,15,2,13.333333333333334,12,0,7.232142857142858,2,COMPLETED,15,18,1,1,18,2
Least Loaded,0.1,1,Medium,1.0,20264730,347.4484426101419,0.004081862707769735,1.3300165527654177,,15,2,13.333333333333334,12,0,6.357142857142858,2,COMPLETED,15,18,1,1,18,2
Performance Only,0.1,1,Medium,1.0,20264730,347.4484426101419,0.0033554076813147086,0.8544821612310263,,15,2,13.333333333333334,12,0,5.833333333333334,2,COMPLETED,15,18,1,1,18,2
CEDAR-inspired,0.1,1,Medium,1.0,20264730,347.4484426101419,0.0033554076813147086,0.8544821612310263,,15,2,13.333333333333334,12,0,5.833333333333334,2,COMPLETED,15,18,1,1,18,2
Proposed Failure-Aware Carbon,0.1,1,Medium,1.0,20264730,347.4484426101419,0.0033554076813147086,0.8544821612310263,,15,2,13.333333333333334,12,0,5.833333333333334,2,COMPLETED,15,18,1,1,18,2
Round Robin,0.1,1,Medium,1.0,20264731,334.0484151927602,0.00442368476974183,1.3983488938017277,,19,3,15.789473684210526,12,0,5.555555555555555,3,COMPLETED,19,29,4,4,29,3
Least Loaded,0.1,1,Medium,1.0,20264731,334.0484151927602,0.0044903370111597386,1.4948046656240885,,19,2,10.526315789473683,12,0,7.761837075204934,2,COMPLETED,19,29,5,5,29,3
Performance Only,0.1,1,Medium,1.0,20264731,334.0484151927602,0.0037784367617016306,1.1038210801335597,,18,2,11.11111111111111,12,0,3.928571428571427,2,COMPLETED,18,29,4,4,29,3
CEDAR-inspired,0.1,1,Medium,1.0,20264731,334.0484151927602,0.0037784367617016306,1.1038210801335597,,18,2,11.11111111111111,12,0,3.928571428571427,2,COMPLETED,18,29,4,4,29,3
Proposed Failure-Aware Carbon,0.1,1,Medium,1.0,20264731,334.0484151927602,0.0036618235197132354,1.0333504637066087,,17,2,11.76470588235294,12,0,3.928571428571427,2,COMPLETED,17,29,3,3,29,3
Round Robin,0.1,1,High,1.5,20264829,320.47741463668194,0.003871650878455526,1.9894033735173817,,17,1,5.88235294117647,12,0,6.25,1,COMPLETED,17,26,4,4,26,1
Least Loaded,0.1,1,High,1.5,20264829,320.47741463668194,0.003899428656233304,2.0148200401840484,,17,1,5.88235294117647,12,0,3.571428571428573,1,COMPLETED,17,26,4,4,26,1
Performance Only,0.1,1,High,1.5,20264829,320.47741463668194,0.004143529584317457,1.8275162035946757,,19,3,15.789473684210526,12,0,5.753968253968256,3,COMPLETED,19,26,4,4,26,1
CEDAR-inspired,0.1,1,High,1.5,20264829,320.47741463668194,0.004143529584317457,1.8275162035946757,,19,3,15.789473684210526,12,0,5.753968253968256,3,COMPLETED,19,26,4,4,26,1
Proposed Failure-Aware Carbon,0.1,1,High,1.5,20264829,320.47741463668194,0.004131624822412695,1.777159060737533,,19,3,15.789473684210526,12,0,5.753968253968256,3,COMPLETED,19,26,4,4,26,1
Round Robin,0.1,1,High,1.5,20264830,358.8859497274231,0.004304955589429772,2.159853722967638,,16,2,12.5,12,0,16.70655282370219,1,COMPLETED,16,19,2,2,19,2
Least Loaded,0.1,1,High,1.5,20264830,358.8859497274231,0.0036642939824504156,1.649149678378736,,15,2,13.333333333333334,12,0,11.428571428571427,1,COMPLETED,15,19,1,1,19,2
Performance Only,0.1,1,High,1.5,20264830,358.8859497274231,0.0033774340937518434,1.2874103937952512,,15,2,13.333333333333334,12,0,15.754171871321237,1,COMPLETED,15,19,1,1,19,2
CEDAR-inspired,0.1,1,High,1.5,20264830,358.8859497274231,0.0033774340937518434,1.2874103937952512,,15,2,13.333333333333334,12,0,15.754171871321237,1,COMPLETED,15,19,1,1,19,2
Proposed Failure-Aware Carbon,0.1,1,High,1.5,20264830,358.8859497274231,0.0033774340937518434,1.2874103937952512,,15,2,13.333333333333334,12,0,15.754171871321237,1,COMPLETED,15,19,1,1,19,2
Round Robin,0.1,1,High,1.5,20264831,306.4814792418679,0.003429749755502602,1.5912578340039323,,14,1,7.142857142857142,12,0,5.714285714285714,1,COMPLETED,14,18,1,1,18,3
Least Loaded,0.1,1,High,1.5,20264831,306.4814792418679,0.0031739296496824955,1.2864800562261547,,14,1,7.142857142857142,12,0,5.714285714285714,1,COMPLETED,14,18,1,1,18,3
Performance Only,0.1,1,High,1.5,20264831,306.4814792418679,0.0031338624338624337,1.2984603174603173,,13,1,7.6923076923076925,12,0,6.666666666666667,1,COMPLETED,13,18,0,0,18,3
CEDAR-inspired,0.1,1,High,1.5,20264831,306.4814792418679,0.0031338624338624337,1.2984603174603173,,13,1,7.6923076923076925,12,0,6.666666666666667,1,COMPLETED,13,18,0,0,18,3
Proposed Failure-Aware Carbon,0.1,1,High,1.5,20264831,306.4814792418679,0.003085449735449735,1.23534126984127,,13,1,7.6923076923076925,12,0,8.0,1,COMPLETED,13,18,0,0,18,3
Round Robin,0.1,2,Low,0.5,20264929,360.0463432904097,0.003538454197284687,0.5684161740945588,,14,1,7.142857142857142,12,0,3.333333333333334,1,COMPLETED,14,30,1,1,30,1
Least Loaded,0.1,2,Low,0.5,20264929,360.0463432904097,0.003333427742258232,0.48395850213688685,,14,1,7.142857142857142,12,0,3.333333333333334,1,COMPLETED,14,30,1,1,30,1
Performance Only,0.1,2,Low,0.5,20264929,360.0463432904097,0.002931346796055089,0.3878501675564115,,14,1,7.142857142857142,12,0,3.333333333333334,1,COMPLETED,14,30,1,1,30,1
CEDAR-inspired,0.1,2,Low,0.5,20264929,360.0463432904097,0.0028042328042328047,0.3432275132275132,,13,1,7.6923076923076925,12,0,4.0,1,COMPLETED,13,30,0,0,30,1
Proposed Failure-Aware Carbon,0.1,2,Low,0.5,20264929,360.0463432904097,0.002775396825396826,0.3371984126984127,,13,1,7.6923076923076925,12,0,4.0,1,COMPLETED,13,30,0,0,30,1
Round Robin,0.1,2,Low,0.5,20264930,349.0283415925926,0.004549857914941224,0.7450402916882016,,18,5,27.77777777777778,12,0,5.788690476190476,4,COMPLETED,18,22,1,1,22,2
Least Loaded,0.1,2,Low,0.5,20264930,349.0283415925926,0.0042771065921899006,0.6186090747569847,,18,5,27.77777777777778,12,0,6.5,4,COMPLETED,18,22,1,1,22,2
Performance Only,0.1,2,Low,0.5,20264930,349.0283415925926,0.0035113610536784638,0.4763337876813991,,17,4,23.52941176470588,12,0,4.474794686381735,4,COMPLETED,17,22,1,1,22,2
CEDAR-inspired,0.1,2,Low,0.5,20264930,349.0283415925926,0.0035957525880699983,0.4154739993216108,,17,4,23.52941176470588,12,0,4.7559523809523805,4,COMPLETED,17,22,1,1,22,2
Proposed Failure-Aware Carbon,0.1,2,Low,0.5,20264930,349.0283415925926,0.003512419254736665,0.38197399932161075,,17,4,23.52941176470588,12,0,4.7559523809523805,4,COMPLETED,17,22,1,1,22,2
Round Robin,0.1,2,Low,0.5,20264931,344.8607707812156,0.003500047139015634,0.6075566140229504,,13,0,0.0,12,0,0.0,0,COMPLETED,13,23,1,1,23,3
Least Loaded,0.1,2,Low,0.5,20264931,344.8607707812156,0.0031389360279045235,0.4549177251340615,,13,0,0.0,12,0,0.0,0,COMPLETED,13,23,1,1,23,3
Performance Only,0.1,2,Low,0.5,20264931,344.8607707812156,0.002671957671957672,0.36820105820105814,,12,0,0.0,12,0,0.0,0,COMPLETED,12,23,0,0,23,3
CEDAR-inspired,0.1,2,Low,0.5,20264931,344.8607707812156,0.0026304232804232803,0.30648941798941803,,12,0,0.0,12,0,0.0,0,COMPLETED,12,23,0,0,23,3
Proposed Failure-Aware Carbon,0.1,2,Low,0.5,20264931,344.8607707812156,0.0026304232804232803,0.30648941798941803,,12,0,0.0,12,0,0.0,0,COMPLETED,12,23,0,0,23,3
Round Robin,0.1,2,Medium,1.0,20265029,341.82767388359093,0.0032619693094097075,0.8440116916039104,,15,2,13.333333333333334,12,0,4.666666666666666,2,COMPLETED,15,23,1,1,23,1
Least Loaded,0.1,2,Medium,1.0,20265029,341.82767388359093,0.0033727731693217666,0.910168100269829,,16,2,12.5,12,0,5.235790854102351,2,COMPLETED,16,23,2,2,23,1
Performance Only,0.1,2,Medium,1.0,20265029,341.82767388359093,0.002814814814814815,0.7792592592592591,,13,1,7.6923076923076925,12,0,2.8571428571428577,1,COMPLETED,13,23,0,0,23,1
CEDAR-inspired,0.1,2,Medium,1.0,20265029,341.82767388359093,0.0027732804232804232,0.6558359788359789,,13,1,7.6923076923076925,12,0,2.8571428571428577,1,COMPLETED,13,23,0,0,23,1
Proposed Failure-Aware Carbon,0.1,2,Medium,1.0,20265029,341.82767388359093,0.002747883597883598,0.60310582010582,,13,1,7.6923076923076925,12,0,2.8571428571428577,1,COMPLETED,13,23,0,0,23,1
Round Robin,0.1,2,Medium,1.0,20265030,359.31816618333943,0.0048341489014443965,1.738274663079672,,17,3,17.647058823529413,12,0,9.714285714285714,2,COMPLETED,17,22,2,2,22,2
Least Loaded,0.1,2,Medium,1.0,20265030,359.31816618333943,0.004471875163852038,1.452067243417745,,17,3,17.647058823529413,12,0,8.428571428571429,2,COMPLETED,17,22,2,2,22,2
Performance Only,0.1,2,Medium,1.0,20265030,359.31816618333943,0.003663744312479561,0.9928753348452879,,17,3,17.647058823529413,12,0,7.857142857142856,2,COMPLETED,17,22,2,2,22,2
CEDAR-inspired,0.1,2,Medium,1.0,20265030,359.31816618333943,0.003111480935441821,0.7703603428979873,,15,1,6.666666666666667,12,0,6.428571428571429,1,COMPLETED,15,22,2,2,22,2
Proposed Failure-Aware Carbon,0.1,2,Medium,1.0,20265030,359.31816618333943,0.003111480935441821,0.7703603428979873,,15,1,6.666666666666667,12,0,6.428571428571429,1,COMPLETED,15,22,2,2,22,2
Round Robin,0.1,2,Medium,1.0,20265031,322.8019268800068,0.00437907219056377,1.5958958819240294,,15,2,13.333333333333334,12,0,8.202062143842404,2,COMPLETED,15,19,1,1,19,3
Least Loaded,0.1,2,Medium,1.0,20265031,322.8019268800068,0.003991005291005291,1.3444497354497356,,14,2,14.285714285714285,12,0,6.7142857142857135,2,COMPLETED,14,19,0,0,19,3
Performance Only,0.1,2,Medium,1.0,20265031,322.8019268800068,0.003366638328129907,0.9116128131409604,,15,2,13.333333333333334,12,0,5.7142857142857135,2,COMPLETED,15,19,1,1,19,3
CEDAR-inspired,0.1,2,Medium,1.0,20265031,322.8019268800068,0.003152617164108743,0.7907186332467806,,14,1,7.142857142857142,12,0,5.0,1,COMPLETED,14,19,1,1,19,3
Proposed Failure-Aware Carbon,0.1,2,Medium,1.0,20265031,322.8019268800068,0.003152617164108743,0.7907186332467806,,14,1,7.142857142857142,12,0,5.0,1,COMPLETED,14,19,1,1,19,3
Round Robin,0.1,2,High,1.5,20265129,357.56778722007715,0.004360295514237397,2.335528969213496,,16,2,12.5,12,0,7.75,2,COMPLETED,16,29,2,2,29,1
Least Loaded,0.1,2,High,1.5,20265129,357.56778722007715,0.0038027480085233017,1.7047525780421313,,15,2,13.333333333333334,12,0,7.75,2,COMPLETED,15,29,1,1,29,1
Performance Only,0.1,2,High,1.5,20265129,357.56778722007715,0.0032791005291005295,1.3778174603174602,,14,2,14.285714285714285,12,0,6.071428571428571,2,COMPLETED,14,29,0,0,29,1
CEDAR-inspired,0.1,2,High,1.5,20265129,357.56778722007715,0.0032786739344492282,1.2263914669310199,,15,2,13.333333333333334,12,0,7.75,2,COMPLETED,15,29,1,1,29,1
Proposed Failure-Aware Carbon,0.1,2,High,1.5,20265129,357.56778722007715,0.0032786739344492282,1.2263914669310199,,15,2,13.333333333333334,12,0,7.75,2,COMPLETED,15,29,1,1,29,1
Round Robin,0.1,2,High,1.5,20265130,296.5053325711634,0.0036484126984126985,2.1136190476190477,,12,0,0.0,12,0,0.0,0,COMPLETED,12,26,0,0,26,2
Least Loaded,0.1,2,High,1.5,20265130,296.5053325711634,0.0034214285714285714,1.8051428571428574,,12,0,0.0,12,0,0.0,0,COMPLETED,12,26,0,0,26,2
Performance Only,0.1,2,High,1.5,20265130,296.5053325711634,0.00293945142331397,1.1228761125507527,,15,1,6.666666666666667,12,0,4.0,1,COMPLETED,15,26,2,2,26,2
CEDAR-inspired,0.1,2,High,1.5,20265130,296.5053325711634,0.0031824241243553976,1.4966285324658526,,13,0,0.0,12,0,0.0,0,COMPLETED,13,26,1,1,26,2
Proposed Failure-Aware Carbon,0.1,2,High,1.5,20265130,296.5053325711634,0.0027824241243553974,0.9946285324658527,,13,0,0.0,12,0,0.0,0,COMPLETED,13,26,1,1,26,2
Round Robin,0.1,2,High,1.5,20265131,337.00480078996304,0.003944261221423194,2.046417549640437,,15,2,13.333333333333334,12,0,6.412850309470032,2,COMPLETED,15,19,1,1,19,3
Least Loaded,0.1,2,High,1.5,20265131,337.00480078996304,0.004216163284680527,2.194698001563665,,16,2,12.5,12,0,6.819760310418404,2,COMPLETED,16,19,2,2,19,3
Performance Only,0.1,2,High,1.5,20265131,337.00480078996304,0.0033053061949681675,1.336276676624564,,15,2,13.333333333333334,12,0,6.88904078566051,2,COMPLETED,15,19,1,1,19,3
CEDAR-inspired,0.1,2,High,1.5,20265131,337.00480078996304,0.003177925242587215,1.1349552480531355,,15,2,13.333333333333334,12,0,6.412850309470032,2,COMPLETED,15,19,1,1,19,3
Proposed Failure-Aware Carbon,0.1,2,High,1.5,20265131,337.00480078996304,0.003322751322751323,1.150793650793651,,15,3,20.0,12,0,8.333333333333334,2,COMPLETED,15,19,0,0,19,3
Round Robin,0.1,3,Low,0.5,20265229,338.70460923486945,0.004161449506423608,0.6593708364887145,,17,3,17.647058823529413,12,0,4.19047619047619,3,COMPLETED,17,24,2,2,24,1
Least Loaded,0.1,3,Low,0.5,20265229,338.70460923486945,0.004395758759247757,0.6619002324608186,,19,5,26.31578947368421,12,0,5.377661051459496,4,COMPLETED,19,24,2,2,24,1
Performance Only,0.1,3,Low,0.5,20265229,338.70460923486945,0.0034338624338624336,0.5091534391534391,,16,4,25.0,12,0,3.928571428571428,4,COMPLETED,16,24,0,0,24,1
CEDAR-inspired,0.1,3,Low,0.5,20265229,338.70460923486945,0.00346005291005291,0.46108201058201054,,16,4,25.0,12,0,4.166666666666666,4,COMPLETED,16,24,0,0,24,1
Proposed Failure-Aware Carbon,0.1,3,Low,0.5,20265229,338.70460923486945,0.0034084656084656085,0.3977883597883598,,16,4,25.0,12,0,4.8809523809523805,4,COMPLETED,16,24,0,0,24,1
Round Robin,0.1,3,Low,0.5,20265230,359.31851359094463,0.004144179894179895,0.7730621693121694,,14,2,14.285714285714285,12,0,15.0,1,COMPLETED,14,28,0,0,28,2
Least Loaded,0.1,3,Low,0.5,20265230,359.31851359094463,0.0039835150490138,0.6751793813710015,,16,2,12.5,12,0,15.0,1,COMPLETED,16,28,2,2,28,2
Performance Only,0.1,3,Low,0.5,20265230,359.31851359094463,0.003810554219277386,0.5360275773360523,,18,3,16.666666666666664,12,0,9.500789196533088,2,COMPLETED,18,28,3,3,28,2
CEDAR-inspired,0.1,3,Low,0.5,20265230,359.31851359094463,0.003790369479518257,0.474851718224035,,17,3,17.647058823529413,12,0,10.476979672723564,2,COMPLETED,17,28,2,2,28,2
Proposed Failure-Aware Carbon,0.1,3,Low,0.5,20265230,359.31851359094463,0.0035712429408173295,0.41798273741889586,,16,3,18.75,12,0,9.333333333333334,2,COMPLETED,16,28,1,1,28,2
Round Robin,0.1,3,Low,0.5,20265231,348.9445801925683,0.003600529100529101,0.6141534391534392,,13,1,7.6923076923076925,12,0,7.5,1,COMPLETED,13,21,0,0,21,3
Least Loaded,0.1,3,Low,0.5,20265231,348.9445801925683,0.003602910052910053,0.6245939153439154,,13,1,7.6923076923076925,12,0,7.5,1,COMPLETED,13,21,0,0,21,3
Performance Only,0.1,3,Low,0.5,20265231,348.9445801925683,0.0028624338624338623,0.4234391534391534,,13,1,7.6923076923076925,12,0,4.285714285714286,1,COMPLETED,13,21,0,0,21,3
CEDAR-inspired,0.1,3,Low,0.5,20265231,348.9445801925683,0.002878042328042328,0.3856322751322751,,13,1,7.6923076923076925,12,0,4.285714285714286,1,COMPLETED,13,21,0,0,21,3
Proposed Failure-Aware Carbon,0.1,3,Low,0.5,20265231,348.9445801925683,0.002852380952380952,0.3368571428571429,,13,1,7.6923076923076925,12,0,6.0,1,COMPLETED,13,21,0,0,21,3
Round Robin,0.1,3,Medium,1.0,20265329,342.03688302725527,0.003978414051053196,1.2444819548920703,,16,2,12.5,12,0,9.002621076172243,2,COMPLETED,16,22,2,2,22,1
Least Loaded,0.1,3,Medium,1.0,20265329,342.03688302725527,0.003916509289148434,1.1832438596539752,,16,2,12.5,12,0,8.502621076172243,2,COMPLETED,16,22,2,2,22,1
Performance Only,0.1,3,Medium,1.0,20265329,342.03688302725527,0.00328472282321979,0.9113427728918627,,16,1,6.25,12,0,4.285714285714286,1,COMPLETED,16,22,3,3,22,1
CEDAR-inspired,0.1,3,Medium,1.0,20265329,342.03688302725527,0.0031907852331165445,0.7963466810460743,,15,1,6.666666666666667,12,0,4.285714285714286,1,COMPLETED,15,22,2,2,22,1
Proposed Failure-Aware Carbon,0.1,3,Medium,1.0,20265329,342.03688302725527,0.0030656307117963677,0.6625781024277991,,14,1,7.142857142857142,12,0,6.0,1,COMPLETED,14,22,1,1,22,1
Round Robin,0.1,3,Medium,1.0,20265330,360.7576249291977,0.0032331097540136216,1.1953317649306159,,12,2,16.666666666666664,8,1,0.0,0,FAILED_OR_BLOCKED,12,30,2,2,30,2
Least Loaded,0.1,3,Medium,1.0,20265330,360.7576249291977,0.0038010324689351275,1.2602747622133472,,14,1,7.142857142857142,12,0,8.0,1,COMPLETED,14,30,1,1,30,2
Performance Only,0.1,3,Medium,1.0,20265330,360.7576249291977,0.002933862433862434,0.8683068783068782,,13,1,7.6923076923076925,12,0,5.714285714285715,1,COMPLETED,13,30,0,0,30,2
CEDAR-inspired,0.1,3,Medium,1.0,20265330,360.7576249291977,0.0030069192778231454,0.798665098263949,,15,1,6.666666666666667,12,0,5.714285714285715,1,COMPLETED,15,30,2,2,30,2
Proposed Failure-Aware Carbon,0.1,3,Medium,1.0,20265330,360.7576249291977,0.0029926335635374313,0.7583793839782348,,15,1,6.666666666666667,12,0,5.714285714285715,1,COMPLETED,15,30,2,2,30,2
Round Robin,0.1,3,Medium,1.0,20265331,349.6657837747754,0.004019627498374648,1.2910810336504412,,16,2,12.5,12,0,8.125,2,COMPLETED,16,18,2,2,18,3
Least Loaded,0.1,3,Medium,1.0,20265331,349.6657837747754,0.003856580183889675,1.0884201178170065,,17,2,11.76470588235294,12,0,5.732861711296829,2,COMPLETED,17,18,3,3,18,3
Performance Only,0.1,3,Medium,1.0,20265331,349.6657837747754,0.003471828344726644,0.9168077626772524,,17,2,11.76470588235294,12,0,4.642857142857144,2,COMPLETED,17,18,3,3,18,3
CEDAR-inspired,0.1,3,Medium,1.0,20265331,349.6657837747754,0.00332848521041741,0.8017307483104084,,16,2,12.5,12,0,5.178571428571429,2,COMPLETED,16,18,2,2,18,3
Proposed Failure-Aware Carbon,0.1,3,Medium,1.0,20265331,349.6657837747754,0.003408882600721775,0.7528412212358201,,16,2,12.5,12,0,7.955314218410333,2,COMPLETED,16,18,2,2,18,3
Round Robin,0.1,3,High,1.5,20265429,357.1295576802952,0.004303439153439153,2.336742063492064,,15,3,20.0,12,0,7.226190476190476,2,COMPLETED,15,27,0,0,27,1
Least Loaded,0.1,3,High,1.5,20265429,357.1295576802952,0.004031481481481481,2.052888888888889,,15,3,20.0,12,0,10.0,2,COMPLETED,15,27,0,0,27,1
Performance Only,0.1,3,High,1.5,20265429,357.1295576802952,0.0032552910052910055,1.4471031746031746,,15,3,20.0,12,0,6.071428571428572,2,COMPLETED,15,27,0,0,27,1
CEDAR-inspired,0.1,3,High,1.5,20265429,357.1295576802952,0.0032761904761904764,1.3182857142857143,,15,3,20.0,12,0,6.071428571428572,2,COMPLETED,15,27,0,0,27,1
Proposed Failure-Aware Carbon,0.1,3,High,1.5,20265429,357.1295576802952,0.0032428571428571432,1.1772857142857143,,15,3,20.0,12,0,7.785714285714286,2,COMPLETED,15,27,0,0,27,1
Round Robin,0.1,3,High,1.5,20265430,324.8372057141793,0.003493854365306041,1.8175608037584368,,13,0,0.0,12,0,0.0,0,COMPLETED,13,22,1,1,22,2
Least Loaded,0.1,3,High,1.5,20265430,324.8372057141793,0.00313274325419493,1.35964413709177,,13,0,0.0,12,0,0.0,0,COMPLETED,13,22,1,1,22,2
Performance Only,0.1,3,High,1.5,20265430,324.8372057141793,0.002648148148148148,1.173888888888889,,12,0,0.0,12,0,0.0,0,COMPLETED,12,22,0,0,22,2
CEDAR-inspired,0.1,3,High,1.5,20265430,324.8372057141793,0.0026637566137566134,1.060468253968254,,12,0,0.0,12,0,0.0,0,COMPLETED,12,22,0,0,22,2
Proposed Failure-Aware Carbon,0.1,3,High,1.5,20265430,324.8372057141793,0.0026304232804232803,0.919468253968254,,12,0,0.0,12,0,0.0,0,COMPLETED,12,22,0,0,22,2
Round Robin,0.1,3,High,1.5,20265431,355.71146076544267,0.0049147390178249685,2.8093818704782083,,17,3,17.647058823529413,12,0,6.666666666666667,3,COMPLETED,17,27,2,2,27,3
Least Loaded,0.1,3,High,1.5,20265431,355.71146076544267,0.004660770763856715,2.592179489525827,,17,3,17.647058823529413,12,0,6.309523809523809,3,COMPLETED,17,27,2,2,27,3
Performance Only,0.1,3,High,1.5,20265431,355.71146076544267,0.0033659907192225666,1.3631402680945996,,16,1,6.25,12,0,6.428571428571429,1,COMPLETED,16,27,3,3,27,3
CEDAR-inspired,0.1,3,High,1.5,20265431,355.71146076544267,0.0032340290861836516,1.2230908665604208,,15,1,6.666666666666667,12,0,7.5,1,COMPLETED,15,27,2,2,27,3
Proposed Failure-Aware Carbon,0.1,3,High,1.5,20265431,355.71146076544267,0.003523060892095321,1.1921536173706808,,16,2,12.5,12,0,6.75,2,COMPLETED,16,27,2,2,27,3
Round Robin,0.1,1,Low,0.5,20265529,359.0552977332039,0.0036537826063893597,0.6173768057505179,,16,0,0.0,12,0,0.0,0,COMPLETED,16,26,4,4,26,1
Least Loaded,0.1,1,Low,0.5,20265529,359.0552977332039,0.0032794439820507354,0.5254852713589836,,16,0,0.0,12,0,0.0,0,COMPLETED,16,26,4,4,26,1
Performance Only,0.1,1,Low,0.5,20265529,359.0552977332039,0.003730766733373487,0.6117180755917879,,16,0,0.0,12,0,0.0,0,COMPLETED,16,26,4,4,26,1
CEDAR-inspired,0.1,1,Low,0.5,20265529,359.0552977332039,0.003730766733373487,0.6117180755917879,,16,0,0.0,12,0,0.0,0,COMPLETED,16,26,4,4,26,1
Proposed Failure-Aware Carbon,0.1,1,Low,0.5,20265529,359.0552977332039,0.003493994246601,0.5538873877611001,,16,0,0.0,12,0,0.0,0,COMPLETED,16,26,4,4,26,1
Round Robin,0.1,1,Low,0.5,20265530,342.64941050080233,0.0039013227513227514,0.6785502645502647,,14,2,14.285714285714285,12,0,5.285714285714285,2,COMPLETED,14,20,0,0,20,2
Least Loaded,0.1,1,Low,0.5,20265530,342.64941050080233,0.003915834203619206,0.6415241262912265,,15,2,13.333333333333334,12,0,6.625,2,COMPLETED,15,20,1,1,20,2
Performance Only,0.1,1,Low,0.5,20265530,342.64941050080233,0.00325952380952381,0.4425952380952381,,14,2,14.285714285714285,12,0,5.0,2,COMPLETED,14,20,0,0,20,2
CEDAR-inspired,0.1,1,Low,0.5,20265530,342.64941050080233,0.00325952380952381,0.4425952380952381,,14,2,14.285714285714285,12,0,5.0,2,COMPLETED,14,20,0,0,20,2
Proposed Failure-Aware Carbon,0.1,1,Low,0.5,20265530,342.64941050080233,0.0032632275132275126,0.44466931216931216,,14,2,14.285714285714285,12,0,4.583333333333333,2,COMPLETED,14,20,0,0,20,2
Round Robin,0.1,1,Low,0.5,20265531,349.18955974264327,0.0034812169312169318,0.5918029100529101,,13,1,7.6923076923076925,12,0,4.0,1,COMPLETED,13,23,0,0,23,3
Least Loaded,0.1,1,Low,0.5,20265531,349.18955974264327,0.003584391534391534,0.6263068783068784,,13,1,7.6923076923076925,12,0,3.333333333333334,1,COMPLETED,13,23,0,0,23,3
Performance Only,0.1,1,Low,0.5,20265531,349.18955974264327,0.0031542328042328044,0.4683941798941799,,13,1,7.6923076923076925,12,0,5.0,1,COMPLETED,13,23,0,0,23,3
CEDAR-inspired,0.1,1,Low,0.5,20265531,349.18955974264327,0.0031542328042328044,0.4683941798941799,,13,1,7.6923076923076925,12,0,5.0,1,COMPLETED,13,23,0,0,23,3
Proposed Failure-Aware Carbon,0.1,1,Low,0.5,20265531,349.18955974264327,0.0031574074074074074,0.4823148148148148,,13,1,7.6923076923076925,12,0,5.0,1,COMPLETED,13,23,0,0,23,3
Round Robin,0.1,1,Medium,1.0,20265629,360.00009332013076,0.0042714522962065665,1.4866400327548812,,15,2,13.333333333333334,12,0,5.583333333333334,2,COMPLETED,15,26,1,1,26,1
Least Loaded,0.1,1,Medium,1.0,20265629,360.00009332013076,0.004022129578231619,1.3480092438398563,,15,2,13.333333333333334,12,0,5.0,2,COMPLETED,15,26,1,1,26,1
Performance Only,0.1,1,Medium,1.0,20265629,360.00009332013076,0.0038345634406654816,1.1822208840514965,,15,2,13.333333333333334,12,0,5.285714285714286,2,COMPLETED,15,26,1,1,26,1
CEDAR-inspired,0.1,1,Medium,1.0,20265629,360.00009332013076,0.0038345634406654816,1.1822208840514965,,15,2,13.333333333333334,12,0,5.285714285714286,2,COMPLETED,15,26,1,1,26,1
Proposed Failure-Aware Carbon,0.1,1,Medium,1.0,20265629,360.00009332013076,0.0038226586787607196,1.148649455480068,,15,2,13.333333333333334,12,0,5.285714285714286,2,COMPLETED,15,26,1,1,26,1
Round Robin,0.1,1,Medium,1.0,20265630,341.7727314194095,0.0040404198238055775,1.3909628656349735,,16,0,0.0,12,0,0.0,0,COMPLETED,16,30,4,4,30,2
Least Loaded,0.1,1,Medium,1.0,20265630,341.7727314194095,0.00367025605633985,1.0828395098353827,,15,0,0.0,12,0,0.0,0,COMPLETED,15,30,3,3,30,2
Performance Only,0.1,1,Medium,1.0,20265630,341.7727314194095,0.0034078221939059876,1.0317707267665996,,15,0,0.0,12,0,0.0,0,COMPLETED,15,30,3,3,30,2
CEDAR-inspired,0.1,1,Medium,1.0,20265630,341.7727314194095,0.0034078221939059876,1.0317707267665996,,15,0,0.0,12,0,0.0,0,COMPLETED,15,30,3,3,30,2
Proposed Failure-Aware Carbon,0.1,1,Medium,1.0,20265630,341.7727314194095,0.003397769283853078,0.9719400389359119,,15,0,0.0,12,0,0.0,0,COMPLETED,15,30,3,3,30,2
Round Robin,0.1,1,Medium,1.0,20265631,316.87061190052856,0.003345422735703531,1.1105202455506715,,14,0,0.0,12,0,0.0,0,COMPLETED,14,25,2,2,25,3
Least Loaded,0.1,1,Medium,1.0,20265631,316.87061190052856,0.0029901317304125256,0.8279514624818883,,14,0,0.0,12,0,0.0,0,COMPLETED,14,25,2,2,25,3
Performance Only,0.1,1,Medium,1.0,20265631,316.87061190052856,0.003078679362569407,0.855509803025316,,14,0,0.0,12,0,0.0,0,COMPLETED,14,25,2,2,25,3
CEDAR-inspired,0.1,1,Medium,1.0,20265631,316.87061190052856,0.003078679362569407,0.855509803025316,,14,0,0.0,12,0,0.0,0,COMPLETED,14,25,2,2,25,3
Proposed Failure-Aware Carbon,0.1,1,Medium,1.0,20265631,316.87061190052856,0.003078679362569407,0.855509803025316,,14,0,0.0,12,0,0.0,0,COMPLETED,14,25,2,2,25,3
Round Robin,0.1,1,High,1.5,20265729,359.8745246454912,0.004137990283291871,2.333984516370231,,14,1,7.142857142857142,12,0,11.25,1,COMPLETED,14,23,1,1,23,1
Least Loaded,0.1,1,High,1.5,20265729,359.8745246454912,0.0039021063343922815,2.0128150881079874,,15,1,6.666666666666667,12,0,11.25,1,COMPLETED,15,23,2,2,23,1
Performance Only,0.1,1,High,1.5,20265729,359.8745246454912,0.003966983856689142,2.0362766983566805,,16,1,6.25,12,0,6.428571428571431,1,COMPLETED,16,23,3,3,23,1
CEDAR-inspired,0.1,1,High,1.5,20265729,359.8745246454912,0.003966983856689142,2.0362766983566805,,16,1,6.25,12,0,6.428571428571431,1,COMPLETED,16,23,3,3,23,1
Proposed Failure-Aware Carbon,0.1,1,High,1.5,20265729,359.8745246454912,0.003952698142403428,1.9758481269281087,,16,1,6.25,12,0,6.428571428571431,1,COMPLETED,16,23,3,3,23,1
Round Robin,0.1,1,High,1.5,20265730,358.74322754711903,0.0040379850725800765,2.102353330574838,,15,1,6.666666666666667,12,0,5.0,1,COMPLETED,15,28,2,2,28,2
Least Loaded,0.1,1,High,1.5,20265730,358.74322754711903,0.0039676147022097066,2.047881108352616,,15,1,6.666666666666667,12,0,5.0,1,COMPLETED,15,28,2,2,28,2
Performance Only,0.1,1,High,1.5,20265730,358.74322754711903,0.0036327529738934936,1.4846427857444038,,17,2,11.76470588235294,12,0,4.785714285714286,2,COMPLETED,17,28,3,3,28,2
CEDAR-inspired,0.1,1,High,1.5,20265730,358.74322754711903,0.0036327529738934936,1.4846427857444038,,17,2,11.76470588235294,12,0,4.785714285714286,2,COMPLETED,17,28,3,3,28,2
Proposed Failure-Aware Carbon,0.1,1,High,1.5,20265730,358.74322754711903,0.0034778122990778253,1.445324892849012,,16,2,12.5,12,0,4.785714285714286,2,COMPLETED,16,28,2,2,28,2
Round Robin,0.1,1,High,1.5,20265731,347.3711421580856,0.003744179894179894,1.9246865079365083,,13,1,7.6923076923076925,12,0,9.0,1,COMPLETED,13,27,0,0,27,3
Least Loaded,0.1,1,High,1.5,20265731,347.3711421580856,0.0037576719576719575,1.9746746031746036,,13,1,7.6923076923076925,12,0,6.428571428571427,1,COMPLETED,13,27,0,0,27,3
Performance Only,0.1,1,High,1.5,20265731,347.3711421580856,0.0031462962962962963,1.263277777777778,,13,1,7.6923076923076925,12,0,7.5,1,COMPLETED,13,27,0,0,27,3
CEDAR-inspired,0.1,1,High,1.5,20265731,347.3711421580856,0.0031462962962962963,1.263277777777778,,13,1,7.6923076923076925,12,0,7.5,1,COMPLETED,13,27,0,0,27,3
Proposed Failure-Aware Carbon,0.1,1,High,1.5,20265731,347.3711421580856,0.0031455026455026454,1.3165873015873015,,13,1,7.6923076923076925,12,0,6.428571428571427,1,COMPLETED,13,27,0,0,27,3
Round Robin,0.1,2,Low,0.5,20265829,356.3686637406645,0.0031803070212183798,0.4697987165493401,,13,0,0.0,12,0,0.0,0,COMPLETED,13,28,1,1,28,1
Least Loaded,0.1,2,Low,0.5,20265829,356.3686637406645,0.0035741052574762735,0.5594815112511757,,15,0,0.0,12,0,0.0,0,COMPLETED,15,28,3,3,28,1
Performance Only,0.1,2,Low,0.5,20265829,356.3686637406645,0.0028522309550739473,0.38783464326109196,,13,0,0.0,12,0,0.0,0,COMPLETED,13,28,1,1,28,1
CEDAR-inspired,0.1,2,Low,0.5,20265829,356.3686637406645,0.0026737918016347933,0.30558728876373753,,13,0,0.0,12,0,0.0,0,COMPLETED,13,28,1,1,28,1
Proposed Failure-Aware Carbon,0.1,2,Low,0.5,20265829,356.3686637406645,0.0026964108492538406,0.280313479239928,,13,0,0.0,12,0,0.0,0,COMPLETED,13,28,1,1,28,1
Round Robin,0.1,2,Low,0.5,20265830,348.17995487478476,0.002934394057999558,0.39889090563241814,,13,0,0.0,12,0,0.0,0,COMPLETED,13,26,1,1,26,2
Least Loaded,0.1,2,Low,0.5,20265830,348.17995487478476,0.0028158151778792896,0.32517060248823315,,14,0,0.0,12,0,0.0,0,COMPLETED,14,26,2,2,26,2
Performance Only,0.1,2,Low,0.5,20265830,348.17995487478476,0.002671957671957672,0.36820105820105814,,12,0,0.0,12,0,0.0,0,COMPLETED,12,26,0,0,26,2
CEDAR-inspired,0.1,2,Low,0.5,20265830,348.17995487478476,0.0026304232804232803,0.30648941798941803,,12,0,0.0,12,0,0.0,0,COMPLETED,12,26,0,0,26,2
Proposed Failure-Aware Carbon,0.1,2,Low,0.5,20265830,348.17995487478476,0.002605026455026455,0.2801243386243386,,12,0,0.0,12,0,0.0,0,COMPLETED,12,26,0,0,26,2
Round Robin,0.1,2,Low,0.5,20265831,360.3491793760225,0.0032905770746756422,0.4548900673086516,,15,0,0.0,12,0,0.0,0,COMPLETED,15,25,3,3,25,3
Least Loaded,0.1,2,Low,0.5,20265831,360.3491793760225,0.0034977389506917747,0.5012406342075177,,16,1,6.25,12,0,8.0,1,COMPLETED,16,25,3,3,25,3
Performance Only,0.1,2,Low,0.5,20265831,360.3491793760225,0.002671957671957672,0.36820105820105814,,12,0,0.0,12,0,0.0,0,COMPLETED,12,25,0,0,25,3
CEDAR-inspired,0.1,2,Low,0.5,20265831,360.3491793760225,0.0026798450128456782,0.3319547219347619,,13,0,0.0,12,0,0.0,0,COMPLETED,13,25,1,1,25,3
Proposed Failure-Aware Carbon,0.1,2,Low,0.5,20265831,360.3491793760225,0.003267626533627865,0.37648087244095235,,15,1,6.666666666666667,12,0,8.0,1,COMPLETED,15,25,2,2,25,3
Round Robin,0.1,2,Medium,1.0,20265929,346.1472999598339,0.0037582010582010586,1.3260899470899472,,14,2,14.285714285714285,12,0,6.190476190476192,1,COMPLETED,14,21,0,0,21,1
Least Loaded,0.1,2,Medium,1.0,20265929,346.1472999598339,0.0038947834043039664,1.2923053916615603,,15,2,13.333333333333334,12,0,6.666666666666668,1,COMPLETED,15,21,1,1,21,1
Performance Only,0.1,2,Medium,1.0,20265929,346.1472999598339,0.0031857225577431197,0.8490501006562691,,15,2,13.333333333333334,12,0,6.666666666666668,1,COMPLETED,15,21,1,1,21,1
CEDAR-inspired,0.1,2,Medium,1.0,20265929,346.1472999598339,0.002937566137566138,0.7024550264550264,,14,2,14.285714285714285,12,0,8.0,1,COMPLETED,14,21,0,0,21,1
Proposed Failure-Aware Carbon,0.1,2,Medium,1.0,20265929,346.1472999598339,0.002937566137566138,0.7024550264550264,,14,2,14.285714285714285,12,0,8.0,1,COMPLETED,14,21,0,0,21,1
Round Robin,0.1,2,Medium,1.0,20265930,360.2138894940151,0.003347883597883599,1.1676058201058201,,12,0,0.0,12,0,0.0,0,COMPLETED,12,33,0,0,33,2
Least Loaded,0.1,2,Medium,1.0,20265930,360.2138894940151,0.003436243386243386,1.220021164021164,,12,0,0.0,12,0,0.0,0,COMPLETED,12,33,0,0,33,2
Performance Only,0.1,2,Medium,1.0,20265930,360.2138894940151,0.002671957671957672,0.7364021164021163,,12,0,0.0,12,0,0.0,0,COMPLETED,12,33,0,0,33,2
CEDAR-inspired,0.1,2,Medium,1.0,20265930,360.2138894940151,0.0026304232804232803,0.6129788359788361,,12,0,0.0,12,0,0.0,0,COMPLETED,12,33,0,0,33,2
Proposed Failure-Aware Carbon,0.1,2,Medium,1.0,20265930,360.2138894940151,0.0026304232804232803,0.6129788359788361,,12,0,0.0,12,0,0.0,0,COMPLETED,12,33,0,0,33,2
Round Robin,0.1,2,Medium,1.0,20265931,344.23355200189917,0.0034875972060590165,1.069799201645061,,14,0,0.0,12,0,0.0,0,COMPLETED,14,28,2,2,28,3
Least Loaded,0.1,2,Medium,1.0,20265931,344.23355200189917,0.003566337133489643,1.0689767354298043,,15,0,0.0,12,0,0.0,0,COMPLETED,15,28,3,3,28,3
Performance Only,0.1,2,Medium,1.0,20265931,344.23355200189917,0.0034700388242089705,0.7955670634012508,,19,1,5.263157894736842,12,0,3.9999999999999964,1,COMPLETED,19,28,6,6,28,3
CEDAR-inspired,0.1,2,Medium,1.0,20265931,344.23355200189917,0.003002939108418557,0.7178075190344968,,15,0,0.0,12,0,0.0,0,COMPLETED,15,28,3,3,28,3
Proposed Failure-Aware Carbon,0.1,2,Medium,1.0,20265931,344.23355200189917,0.0027547909602704088,0.523881593108571,,15,0,0.0,12,0,0.0,0,COMPLETED,15,28,3,3,28,3
Round Robin,0.1,2,High,1.5,20266029,327.4914115694235,0.0041994501885964835,2.1650011574755146,,16,1,6.25,12,0,4.285714285714285,1,COMPLETED,16,23,3,3,23,1
Least Loaded,0.1,2,High,1.5,20266029,327.4914115694235,0.003978550717697013,1.8728186177929744,,16,1,6.25,12,0,4.285714285714285,1,COMPLETED,16,23,3,3,23,1
Performance Only,0.1,2,High,1.5,20266029,327.4914115694235,0.0031084233066042983,1.2743460435274896,,14,1,7.142857142857142,12,0,4.285714285714285,1,COMPLETED,14,23,1,1,23,1
CEDAR-inspired,0.1,2,High,1.5,20266029,327.4914115694235,0.002801460563869037,1.037358139591665,,13,0,0.0,12,0,0.0,0,COMPLETED,13,23,1,1,23,1
Proposed Failure-Aware Carbon,0.1,2,High,1.5,20266029,327.4914115694235,0.0029334265688829367,1.0294783498176803,,14,0,0.0,12,0,0.0,0,COMPLETED,14,23,2,2,23,1
Round Robin,0.1,2,High,1.5,20266030,292.22428017908925,0.003988886180172221,1.905521574832559,,16,2,12.5,12,0,5.357142857142858,2,COMPLETED,16,18,2,2,18,2
Least Loaded,0.1,2,High,1.5,20266030,292.22428017908925,0.0036961795730174793,1.5505183952115862,,16,2,12.5,12,0,5.357142857142858,2,COMPLETED,16,18,2,2,18,2
Performance Only,0.1,2,High,1.5,20266030,292.22428017908925,0.003321462383852156,1.2848802949556926,,16,2,12.5,12,0,4.642857142857142,2,COMPLETED,16,18,2,2,18,2
CEDAR-inspired,0.1,2,High,1.5,20266030,292.22428017908925,0.003289038070232957,1.1940671316048304,,15,2,13.333333333333334,12,0,5.119047619047619,2,COMPLETED,15,18,1,1,18,2
Proposed Failure-Aware Carbon,0.1,2,High,1.5,20266030,292.22428017908925,0.00327237140356629,1.1235671316048303,,15,2,13.333333333333334,12,0,5.119047619047619,2,COMPLETED,15,18,1,1,18,2
Round Robin,0.1,2,High,1.5,20266031,336.4245662200842,0.0030068215178722484,1.2268228730431412,,14,0,0.0,12,0,0.0,0,COMPLETED,14,17,2,2,17,3
Least Loaded,0.1,2,High,1.5,20266031,336.4245662200842,0.0030859730549061062,1.1742329127595938,,15,0,0.0,12,0,0.0,0,COMPLETED,15,17,3,3,17,3
Performance Only,0.1,2,High,1.5,20266031,336.4245662200842,0.003023512003200089,1.2256161039131723,,14,1,7.142857142857142,12,0,5.0,1,COMPLETED,14,17,1,1,17,3
CEDAR-inspired,0.1,2,High,1.5,20266031,336.4245662200842,0.003115840045528131,1.1139415007385691,,14,1,7.142857142857142,12,0,6.0,1,COMPLETED,14,17,1,1,17,3
Proposed Failure-Aware Carbon,0.1,2,High,1.5,20266031,336.4245662200842,0.0030944114740995596,1.0232986435957119,,14,1,7.142857142857142,12,0,6.0,1,COMPLETED,14,17,1,1,17,3
Round Robin,0.1,3,Low,0.5,20266129,360.4378918795566,0.003833286036562883,0.6292066265834,,16,2,12.5,12,0,6.330516047166972,2,COMPLETED,16,23,2,2,23,1
Least Loaded,0.1,3,Low,0.5,20266129,360.4378918795566,0.003758883621103744,0.6164985513590853,,15,2,13.333333333333334,12,0,6.366230332881258,2,COMPLETED,15,23,1,1,23,1
Performance Only,0.1,3,Low,0.5,20266129,360.4378918795566,0.0029695767195767196,0.43951058201058196,,14,2,14.285714285714285,12,0,3.2142857142857144,2,COMPLETED,14,23,0,0,23,1
CEDAR-inspired,0.1,3,Low,0.5,20266129,360.4378918795566,0.0031709632620199844,0.41571072072696014,,15,2,13.333333333333334,12,0,3.2142857142857144,2,COMPLETED,15,23,1,1,23,1
Proposed Failure-Aware Carbon,0.1,3,Low,0.5,20266129,360.4378918795566,0.003152444743501466,0.37700701702325656,,15,2,13.333333333333334,12,0,3.928571428571429,2,COMPLETED,15,23,1,1,23,1
Round Robin,0.1,3,Low,0.5,20266130,325.2400162472116,0.0038395622021282125,0.6261721744845542,,16,2,12.5,12,0,4.9107142857142865,2,COMPLETED,16,20,2,2,20,2
Least Loaded,0.1,3,Low,0.5,20266130,325.2400162472116,0.0035239712296083105,0.5088976436978411,,15,2,13.333333333333334,12,0,4.285714285714288,2,COMPLETED,15,20,1,1,20,2
Performance Only,0.1,3,Low,0.5,20266130,325.2400162472116,0.0028267195767195767,0.41808201058201055,,13,1,7.6923076923076925,12,0,3.571428571428573,1,COMPLETED,13,20,0,0,20,2
CEDAR-inspired,0.1,3,Low,0.5,20266130,325.2400162472116,0.0030306703375992663,0.3945642133263955,,14,1,7.142857142857142,12,0,3.571428571428573,1,COMPLETED,14,20,1,1,20,2
Proposed Failure-Aware Carbon,0.1,3,Low,0.5,20266130,325.2400162472116,0.003009241766170695,0.3643499276121099,,14,1,7.142857142857142,12,0,3.571428571428573,1,COMPLETED,14,20,1,1,20,2
Round Robin,0.1,3,Low,0.5,20266131,327.25341349467914,0.004028835978835979,0.7422791005291006,,14,2,14.285714285714285,12,0,3.5119047619047628,2,COMPLETED,14,27,0,0,27,3
Least Loaded,0.1,3,Low,0.5,20266131,327.25341349467914,0.003614647853749821,0.57111384472914,,15,2,13.333333333333334,12,0,5.0,2,COMPLETED,15,27,1,1,27,3
Performance Only,0.1,3,Low,0.5,20266131,327.25341349467914,0.0031494991168050206,0.41153597863186414,,17,2,11.76470588235294,12,0,4.72981187083155,2,COMPLETED,17,27,3,3,27,3
CEDAR-inspired,0.1,3,Low,0.5,20266131,327.25341349467914,0.0031204679595699275,0.40121834208363727,,15,2,13.333333333333334,12,0,5.146478537498216,2,COMPLETED,15,27,1,1,27,3
Proposed Failure-Aware Carbon,0.1,3,Low,0.5,20266131,327.25341349467914,0.0030871346262365943,0.3542183420836373,,15,2,13.333333333333334,12,0,5.717907108926787,2,COMPLETED,15,27,1,1,27,3
Round Robin,0.1,3,Medium,1.0,20266229,337.4056532392617,0.004283851986359412,1.355525966278194,,16,3,18.75,12,0,6.666666666666667,3,COMPLETED,16,29,1,1,29,1
Least Loaded,0.1,3,Medium,1.0,20266229,337.4056532392617,0.004232660398218079,1.3813289261337942,,17,3,17.647058823529413,12,0,7.335909185958685,3,COMPLETED,17,29,2,2,29,1
Performance Only,0.1,3,Medium,1.0,20266229,337.4056532392617,0.0033329156129304626,0.9465413505458052,,16,2,12.5,12,0,7.495822795971293,2,COMPLETED,16,29,2,2,29,1
CEDAR-inspired,0.1,3,Medium,1.0,20266229,337.4056532392617,0.003289341404348829,0.8288764953787228,,15,2,13.333333333333334,12,0,7.866959017033265,2,COMPLETED,15,29,1,1,29,1
Proposed Failure-Aware Carbon,0.1,3,Medium,1.0,20266229,337.4056532392617,0.0031193121693121693,0.693867724867725,,14,2,14.285714285714285,12,0,6.5,2,COMPLETED,14,29,0,0,29,1
Round Robin,0.1,3,Medium,1.0,20266230,357.3841916716056,0.0039899470899470895,1.4310026455026457,,14,2,14.285714285714285,12,0,5.083333333333334,2,COMPLETED,14,27,0,0,27,2
Least Loaded,0.1,3,Medium,1.0,20266230,357.3841916716056,0.0038171957671957668,1.3043068783068783,,14,2,14.285714285714285,12,0,4.642857142857142,2,COMPLETED,14,27,0,0,27,2
Performance Only,0.1,3,Medium,1.0,20266230,357.3841916716056,0.003041005291005291,0.9004497354497353,,14,2,14.285714285714285,12,0,3.928571428571428,2,COMPLETED,14,27,0,0,27,2
CEDAR-inspired,0.1,3,Medium,1.0,20266230,357.3841916716056,0.003046352289345495,0.8225784560369613,,14,1,7.142857142857142,12,0,3.5714285714285716,1,COMPLETED,14,27,1,1,27,2
Proposed Failure-Aware Carbon,0.1,3,Medium,1.0,20266230,357.3841916716056,0.0030130189560121615,0.7285784560369614,,14,1,7.142857142857142,12,0,3.5714285714285716,1,COMPLETED,14,27,1,1,27,2
Round Robin,0.1,3,Medium,1.0,20266231,348.3534262995609,0.0033747830348396664,0.9779560659872133,,14,1,7.142857142857142,12,0,6.0,1,COMPLETED,14,22,1,1,22,3
Least Loaded,0.1,3,Medium,1.0,20266231,348.3534262995609,0.0035686983787550104,1.1485936321247794,,14,1,7.142857142857142,12,0,7.499999999999998,1,COMPLETED,14,22,1,1,22,3
Performance Only,0.1,3,Medium,1.0,20266231,348.3534262995609,0.002648148148148148,0.7825925925925925,,12,0,0.0,12,0,0.0,0,COMPLETED,12,22,0,0,22,3
CEDAR-inspired,0.1,3,Medium,1.0,20266231,348.3534262995609,0.0026637566137566134,0.7069788359788359,,12,0,0.0,12,0,0.0,0,COMPLETED,12,22,0,0,22,3
Proposed Failure-Aware Carbon,0.1,3,Medium,1.0,20266231,348.3534262995609,0.002613227513227513,0.5896719576719577,,12,0,0.0,12,0,0.0,0,COMPLETED,12,22,0,0,22,3
Round Robin,0.1,3,High,1.5,20266329,350.31626740798885,0.0035905054326243117,1.6872146009626756,,14,1,7.142857142857142,12,0,4.2857142857142865,1,COMPLETED,14,28,1,1,28,1
Least Loaded,0.1,3,High,1.5,20266329,350.31626740798885,0.0032426218347407125,1.2120558708039455,,14,1,7.142857142857142,12,0,6.000000000000002,1,COMPLETED,14,28,1,1,28,1
Performance Only,0.1,3,High,1.5,20266329,350.31626740798885,0.002648148148148148,1.173888888888889,,12,0,0.0,12,0,0.0,0,COMPLETED,12,28,0,0,28,1
CEDAR-inspired,0.1,3,High,1.5,20266329,350.31626740798885,0.0026637566137566134,1.060468253968254,,12,0,0.0,12,0,0.0,0,COMPLETED,12,28,0,0,28,1
Proposed Failure-Aware Carbon,0.1,3,High,1.5,20266329,350.31626740798885,0.0026034391534391532,0.8619920634920636,,12,0,0.0,12,0,0.0,0,COMPLETED,12,28,0,0,28,1
Round Robin,0.1,3,High,1.5,20266330,354.86728277301455,0.003946406234759659,1.9936883611974026,,15,1,6.666666666666667,12,0,5.833333333333336,1,COMPLETED,15,27,2,2,27,2
Least Loaded,0.1,3,High,1.5,20266330,354.86728277301455,0.0034728299961710634,1.5291901649436457,,14,1,7.142857142857142,12,0,5.0,1,COMPLETED,14,27,1,1,27,2
Performance Only,0.1,3,High,1.5,20266330,354.86728277301455,0.003420341840365043,1.3969316059420473,,16,1,6.25,12,0,5.0,1,COMPLETED,16,27,3,3,27,2
CEDAR-inspired,0.1,3,High,1.5,20266330,354.86728277301455,0.003225818722500858,1.1926184251253862,,15,1,6.666666666666667,12,0,5.833333333333336,1,COMPLETED,15,27,2,2,27,2
Proposed Failure-Aware Carbon,0.1,3,High,1.5,20266330,354.86728277301455,0.003106163329504397,1.0394401649436456,,14,1,7.142857142857142,12,0,7.0,1,COMPLETED,14,27,1,1,27,2
Round Robin,0.1,3,High,1.5,20266331,350.2911171855264,0.00392882111629943,2.21263616900141,,14,1,7.142857142857142,12,0,3.333333333333332,1,COMPLETED,14,28,1,1,28,3
Least Loaded,0.1,3,High,1.5,20266331,350.2911171855264,0.003951043338521653,2.2574695023347435,,14,1,7.142857142857142,12,0,4.0,1,COMPLETED,14,28,1,1,28,3
Performance Only,0.1,3,High,1.5,20266331,350.2911171855264,0.003129320491755432,1.3844442212899446,,16,1,6.25,12,0,2.8571428571428577,1,COMPLETED,16,28,3,3,28,3
CEDAR-inspired,0.1,3,High,1.5,20266331,350.2911171855264,0.003490972167279218,1.611592645018767,,16,1,6.25,12,0,2.8571428571428577,1,COMPLETED,16,28,3,3,28,3
Proposed Failure-Aware Carbon,0.1,3,High,1.5,20266331,350.2911171855264,0.003140182339970164,1.0596538893963594,,16,1,6.25,12,0,2.8571428571428577,1,COMPLETED,16,28,3,3,28,3
Round Robin,0.1,1,Low,0.5,20266429,356.7319906627417,0.0038597863620963404,0.5994412495764936,,15,2,13.333333333333334,12,0,7.416666666666668,2,COMPLETED,15,24,1,1,24,1
Least Loaded,0.1,1,Low,0.5,20266429,356.7319906627417,0.0037431643949620936,0.6114575102018773,,14,1,7.142857142857142,12,0,6.428571428571427,1,COMPLETED,14,24,1,1,24,1
Performance Only,0.1,1,Low,0.5,20266429,356.7319906627417,0.003404232804232804,0.4508941798941799,,14,2,14.285714285714285,12,0,6.25,2,COMPLETED,14,24,0,0,24,1
CEDAR-inspired,0.1,1,Low,0.5,20266429,356.7319906627417,0.003404232804232804,0.4508941798941799,,14,2,14.285714285714285,12,0,6.25,2,COMPLETED,14,24,0,0,24,1
Proposed Failure-Aware Carbon,0.1,1,Low,0.5,20266429,356.7319906627417,0.0033904761904761907,0.44723809523809527,,14,2,14.285714285714285,12,0,6.13095238095238,2,COMPLETED,14,24,0,0,24,1
Round Robin,0.1,1,Low,0.5,20266430,336.9351853424146,0.0035158416338231155,0.5879318006290228,,13,0,0.0,12,0,0.0,0,COMPLETED,13,26,1,1,26,2
Least Loaded,0.1,1,Low,0.5,20266430,336.9351853424146,0.003543354861336343,0.6023273032745255,,13,0,0.0,12,0,0.0,0,COMPLETED,13,26,1,1,26,2
Performance Only,0.1,1,Low,0.5,20266430,336.9351853424146,0.0033853323042070302,0.5060683641495731,,14,0,0.0,12,0,0.0,0,COMPLETED,14,26,2,2,26,2
CEDAR-inspired,0.1,1,Low,0.5,20266430,336.9351853424146,0.0033853323042070302,0.5060683641495731,,14,0,0.0,12,0,0.0,0,COMPLETED,14,26,2,2,26,2
Proposed Failure-Aware Carbon,0.1,1,Low,0.5,20266430,336.9351853424146,0.0032819279062841146,0.48600214890558,,14,0,0.0,12,0,0.0,0,COMPLETED,14,26,2,2,26,2
Round Robin,0.1,1,Low,0.5,20266431,357.159499362626,0.004556552316144916,0.7809645853525502,,17,3,17.647058823529413,12,0,7.131310358610733,3,COMPLETED,17,27,2,2,27,3
Least Loaded,0.1,1,Low,0.5,20266431,357.159499362626,0.004206480720613245,0.669790134676579,,16,3,18.75,12,0,6.178571428571428,3,COMPLETED,16,27,1,1,27,3
Performance Only,0.1,1,Low,0.5,20266431,357.159499362626,0.0035506606147931393,0.4513403992268435,,16,3,18.75,12,0,5.238095238095238,3,COMPLETED,16,27,1,1,27,3
CEDAR-inspired,0.1,1,Low,0.5,20266431,357.159499362626,0.0035506606147931393,0.4513403992268435,,16,3,18.75,12,0,5.238095238095238,3,COMPLETED,16,27,1,1,27,3
Proposed Failure-Aware Carbon,0.1,1,Low,0.5,20266431,357.159499362626,0.0035366394507719756,0.4252742616607059,,16,3,18.75,12,0,4.9603174603174605,3,COMPLETED,16,27,1,1,27,3
Round Robin,0.1,1,Medium,1.0,20266529,345.46802138492683,0.004359189359161467,1.43477499495308,,16,2,12.5,12,0,7.9779032281607645,2,COMPLETED,16,22,2,2,22,1
Least Loaded,0.1,1,Medium,1.0,20266529,345.46802138492683,0.004449136449108557,1.4428966880747731,,17,3,17.647058823529413,12,0,7.154761904761905,3,COMPLETED,17,22,2,2,22,1
Performance Only,0.1,1,Medium,1.0,20266529,345.46802138492683,0.0035446752779463805,0.9572128852054176,,15,2,13.333333333333334,12,0,5.833333333333334,2,COMPLETED,15,22,1,1,22,1
CEDAR-inspired,0.1,1,Medium,1.0,20266529,345.46802138492683,0.0035446752779463805,0.9572128852054176,,15,2,13.333333333333334,12,0,5.833333333333334,2,COMPLETED,15,22,1,1,22,1
Proposed Failure-Aware Carbon,0.1,1,Medium,1.0,20266529,345.46802138492683,0.003479860463131566,0.9007314037239361,,15,2,13.333333333333334,12,0,6.916666666666667,2,COMPLETED,15,22,1,1,22,1
Round Robin,0.1,1,Medium,1.0,20266530,360.24159157772596,0.0032761604174616097,1.0177925696829273,,13,0,0.0,12,0,0.0,0,COMPLETED,13,25,1,1,25,2
Least Loaded,0.1,1,Medium,1.0,20266530,360.24159157772596,0.003329399995988755,1.0158283061268256,,14,0,0.0,12,0,0.0,0,COMPLETED,14,25,2,2,25,2
Performance Only,0.1,1,Medium,1.0,20266530,360.24159157772596,0.003624333462657145,1.1317401254928527,,14,0,0.0,12,0,0.0,0,COMPLETED,14,25,2,2,25,2
CEDAR-inspired,0.1,1,Medium,1.0,20266530,360.24159157772596,0.003624333462657145,1.1317401254928527,,14,0,0.0,12,0,0.0,0,COMPLETED,14,25,2,2,25,2
Proposed Failure-Aware Carbon,0.1,1,Medium,1.0,20266530,360.24159157772596,0.003621158859482542,1.1038988556515827,,14,0,0.0,12,0,0.0,0,COMPLETED,14,25,2,2,25,2
Round Robin,0.1,1,Medium,1.0,20266531,355.4055668632116,0.0034953400824020413,1.1451037119877892,,14,1,7.142857142857142,12,0,2.8571428571428577,1,COMPLETED,14,26,1,1,26,3
Least Loaded,0.1,1,Medium,1.0,20266531,355.4055668632116,0.0034834353204972793,1.1115322834163606,,14,1,7.142857142857142,12,0,2.8571428571428577,1,COMPLETED,14,26,1,1,26,3
Performance Only,0.1,1,Medium,1.0,20266531,355.4055668632116,0.003608068720136756,1.1847849646703787,,15,1,6.666666666666667,12,0,3.333333333333334,1,COMPLETED,15,26,2,2,26,3
CEDAR-inspired,0.1,1,Medium,1.0,20266531,355.4055668632116,0.003608068720136756,1.1847849646703787,,15,1,6.666666666666667,12,0,3.333333333333334,1,COMPLETED,15,26,2,2,26,3
Proposed Failure-Aware Carbon,0.1,1,Medium,1.0,20266531,355.4055668632116,0.003601454963522999,1.1409489858344,,15,1,6.666666666666667,12,0,4.0,1,COMPLETED,15,26,2,2,26,3
Round Robin,0.1,1,High,1.5,20266629,358.8167829960951,0.00366728755012603,1.8436193717111173,,14,1,7.142857142857142,12,0,9.556932299509494,1,COMPLETED,14,25,1,1,25,1
Least Loaded,0.1,1,High,1.5,20266629,358.8167829960951,0.0038505291005291003,1.962460317460318,,14,2,14.285714285714285,12,0,10.285714285714285,1,COMPLETED,14,25,0,0,25,1
Performance Only,0.1,1,High,1.5,20266629,358.8167829960951,0.003249470899470899,1.3230396825396826,,14,2,14.285714285714285,12,0,8.57142857142857,1,COMPLETED,14,25,0,0,25,1
CEDAR-inspired,0.1,1,High,1.5,20266629,358.8167829960951,0.003249470899470899,1.3230396825396826,,14,2,14.285714285714285,12,0,8.57142857142857,1,COMPLETED,14,25,0,0,25,1
Proposed Failure-Aware Carbon,0.1,1,High,1.5,20266629,358.8167829960951,0.0032288359788359786,1.2640873015873018,,14,2,14.285714285714285,12,0,10.285714285714285,1,COMPLETED,14,25,0,0,25,1
Round Robin,0.1,1,High,1.5,20266630,354.07911770446503,0.003963271696819019,2.007437245113786,,15,2,13.333333333333334,12,0,5.083333333333336,2,COMPLETED,15,22,1,1,22,2
Least Loaded,0.1,1,High,1.5,20266630,354.07911770446503,0.0038307320142793367,1.8576277213042627,,15,2,13.333333333333334,12,0,6.768188519793438,2,COMPLETED,15,22,1,1,22,2
Performance Only,0.1,1,High,1.5,20266630,354.07911770446503,0.003028880162427485,1.1812308959074371,,14,1,7.142857142857142,12,0,3.571428571428573,1,COMPLETED,14,22,1,1,22,2
CEDAR-inspired,0.1,1,High,1.5,20266630,354.07911770446503,0.003028880162427485,1.1812308959074371,,14,1,7.142857142857142,12,0,3.571428571428573,1,COMPLETED,14,22,1,1,22,2
Proposed Failure-Aware Carbon,0.1,1,High,1.5,20266630,354.07911770446503,0.003019091802639125,1.158715022891564,,14,1,7.142857142857142,12,0,3.571428571428573,1,COMPLETED,14,22,1,1,22,2
Round Robin,0.1,1,High,1.5,20266631,359.9720409347005,0.003983862433862435,2.0864603174603173,,14,2,14.285714285714285,12,0,14.583333333333334,1,COMPLETED,14,24,0,0,24,3
Least Loaded,0.1,1,High,1.5,20266631,359.9720409347005,0.0039029100529100525,1.9140317460317466,,14,2,14.285714285714285,12,0,14.0,1,COMPLETED,14,24,0,0,24,3
Performance Only,0.1,1,High,1.5,20266631,359.9720409347005,0.003320899470899471,1.3551825396825397,,14,2,14.285714285714285,12,0,9.999999999999998,1,COMPLETED,14,24,0,0,24,3
CEDAR-inspired,0.1,1,High,1.5,20266631,359.9720409347005,0.003320899470899471,1.3551825396825397,,14,2,14.285714285714285,12,0,9.999999999999998,1,COMPLETED,14,24,0,0,24,3
Proposed Failure-Aware Carbon,0.1,1,High,1.5,20266631,359.9720409347005,0.0033097883597883603,1.336515873015873,,14,2,14.285714285714285,12,0,9.999999999999998,1,COMPLETED,14,24,0,0,24,3
Round Robin,0.1,2,Low,0.5,20266729,357.6739169707501,0.003347883597883599,0.5838029100529101,,12,0,0.0,12,0,0.0,0,COMPLETED,12,20,0,0,20,1
Least Loaded,0.1,2,Low,0.5,20266729,357.6739169707501,0.0035129030763974478,0.6435387348483972,,13,0,0.0,12,0,0.0,0,COMPLETED,13,20,1,1,20,1
Performance Only,0.1,2,Low,0.5,20266729,357.6739169707501,0.002671957671957672,0.36820105820105814,,12,0,0.0,12,0,0.0,0,COMPLETED,12,20,0,0,20,1
CEDAR-inspired,0.1,2,Low,0.5,20266729,357.6739169707501,0.0026304232804232803,0.30648941798941803,,12,0,0.0,12,0,0.0,0,COMPLETED,12,20,0,0,20,1
Proposed Failure-Aware Carbon,0.1,2,Low,0.5,20266729,357.6739169707501,0.0026304232804232803,0.30648941798941803,,12,0,0.0,12,0,0.0,0,COMPLETED,12,20,0,0,20,1
Round Robin,0.1,2,Low,0.5,20266730,351.4480539329717,0.003694328069681838,0.5926108540831404,,14,1,7.142857142857142,12,0,5.833333333333336,1,COMPLETED,14,27,1,1,27,2
Least Loaded,0.1,2,Low,0.5,20266730,351.4480539329717,0.003352000027353796,0.45912143609372247,,14,1,7.142857142857142,12,0,7.0,1,COMPLETED,14,27,1,1,27,2
Performance Only,0.1,2,Low,0.5,20266730,351.4480539329717,0.002957411675295767,0.392934331901582,,14,1,7.142857142857142,12,0,5.0,1,COMPLETED,14,27,1,1,27,2
CEDAR-inspired,0.1,2,Low,0.5,20266730,351.4480539329717,0.003132808500692592,0.432466077933328,,14,1,7.142857142857142,12,0,5.0,1,COMPLETED,14,27,1,1,27,2
Proposed Failure-Aware Carbon,0.1,2,Low,0.5,20266730,351.4480539329717,0.002925665643549735,0.33872798269523274,,14,1,7.142857142857142,12,0,7.0,1,COMPLETED,14,27,1,1,27,2
Round Robin,0.1,2,Low,0.5,20266731,338.2773076396572,0.004013525112436996,0.605770187278479,,17,1,5.88235294117647,12,0,6.0,1,COMPLETED,17,28,4,4,28,3
Least Loaded,0.1,2,Low,0.5,20266731,338.2773076396572,0.004061989460369078,0.6086069220189089,,17,2,11.76470588235294,12,0,6.125,2,COMPLETED,17,28,3,3,28,3
Performance Only,0.1,2,Low,0.5,20266731,338.2773076396572,0.0031787394057559547,0.4068479479004303,,15,1,6.666666666666667,12,0,4.285714285714285,1,COMPLETED,15,28,2,2,28,3
CEDAR-inspired,0.1,2,Low,0.5,20266731,338.2773076396572,0.002936133682695737,0.34692515458731155,,14,0,0.0,12,0,0.0,0,COMPLETED,14,28,2,2,28,3
Proposed Failure-Aware Carbon,0.1,2,Low,0.5,20266731,338.2773076396572,0.0029170860636481178,0.32006801173016874,,14,0,0.0,12,0,0.0,0,COMPLETED,14,28,2,2,28,3
Round Robin,0.1,2,Medium,1.0,20266829,354.3068238774736,0.003963203686811274,1.240540721835013,,16,1,6.25,12,0,8.0,1,COMPLETED,16,24,3,3,24,1
Least Loaded,0.1,2,Medium,1.0,20266829,354.3068238774736,0.004070659837313572,1.190114694052842,,17,2,11.76470588235294,12,0,6.5,2,COMPLETED,17,24,3,3,24,1
Performance Only,0.1,2,Medium,1.0,20266829,354.3068238774736,0.003128234786249164,0.8323244338645334,,15,1,6.666666666666667,12,0,5.714285714285715,1,COMPLETED,15,24,2,2,24,1
CEDAR-inspired,0.1,2,Medium,1.0,20266829,354.3068238774736,0.0033208273788417563,0.7765995661396657,,16,2,12.5,12,0,5.833333333333334,2,COMPLETED,16,24,2,2,24,1
Proposed Failure-Aware Carbon,0.1,2,Medium,1.0,20266829,354.3068238774736,0.003167698041000712,0.7245126166392042,,15,2,13.333333333333334,12,0,5.833333333333334,2,COMPLETED,15,24,1,1,24,1
Round Robin,0.1,2,Medium,1.0,20266830,354.92418763660396,0.003743155616939355,1.3341978017962197,,14,0,0.0,12,0,0.0,0,COMPLETED,14,26,2,2,26,2
Least Loaded,0.1,2,Medium,1.0,20266830,354.92418763660396,0.003659509913932729,1.2982417187724564,,13,0,0.0,12,0,0.0,0,COMPLETED,13,26,1,1,26,2
Performance Only,0.1,2,Medium,1.0,20266830,354.92418763660396,0.0029592931830769204,0.7986528282512458,,14,0,0.0,12,0,0.0,0,COMPLETED,14,26,2,2,26,2
CEDAR-inspired,0.1,2,Medium,1.0,20266830,354.92418763660396,0.00308165886352537,0.7569081384764883,,14,0,0.0,12,0,0.0,0,COMPLETED,14,26,2,2,26,2
Proposed Failure-Aware Carbon,0.1,2,Medium,1.0,20266830,354.92418763660396,0.00308165886352537,0.7569081384764883,,14,0,0.0,12,0,0.0,0,COMPLETED,14,26,2,2,26,2
Round Robin,0.1,2,Medium,1.0,20266831,356.3732605730418,0.0037253482443466834,1.2501796296287708,,14,1,7.142857142857142,12,0,4.166666666666664,1,COMPLETED,14,29,1,1,29,3
Least Loaded,0.1,2,Medium,1.0,20266831,356.3732605730418,0.003451204081082658,1.0063623065754894,,15,1,6.666666666666667,12,0,5.0,1,COMPLETED,15,29,2,2,29,3
Performance Only,0.1,2,Medium,1.0,20266831,356.3732605730418,0.0029307797184086864,0.7873820636707539,,14,1,7.142857142857142,12,0,3.571428571428573,1,COMPLETED,14,29,1,1,29,3
CEDAR-inspired,0.1,2,Medium,1.0,20266831,356.3732605730418,0.002820899470899471,0.6434550264550266,,13,1,7.6923076923076925,12,0,3.571428571428573,1,COMPLETED,13,29,0,0,29,3
Proposed Failure-Aware Carbon,0.1,2,Medium,1.0,20266831,356.3732605730418,0.002820899470899471,0.6434550264550266,,13,1,7.6923076923076925,12,0,3.571428571428573,1,COMPLETED,13,29,0,0,29,3
Round Robin,0.1,2,High,1.5,20266929,341.2205477970256,0.0042255992623506985,2.270603001391148,,15,2,13.333333333333334,12,0,3.749999999999999,2,COMPLETED,15,19,1,1,19,1
Least Loaded,0.1,2,High,1.5,20266929,341.2205477970256,0.0037896204263718624,1.7203014140895607,,15,2,13.333333333333334,12,0,3.928571428571429,2,COMPLETED,15,19,1,1,19,1
Performance Only,0.1,2,High,1.5,20266929,341.2205477970256,0.0032362379857160187,1.1835293157944304,,17,2,11.76470588235294,12,0,4.230024239775838,2,COMPLETED,17,19,3,3,19,1
CEDAR-inspired,0.1,2,High,1.5,20266929,341.2205477970256,0.003162763173992643,1.2216878727411338,,16,1,6.25,12,0,8.0,1,COMPLETED,16,19,3,3,19,1
Proposed Failure-Aware Carbon,0.1,2,High,1.5,20266929,341.2205477970256,0.0030590594702889396,1.0504656505189116,,16,1,6.25,12,0,6.666666666666667,1,COMPLETED,16,19,3,3,19,1
Round Robin,0.1,2,High,1.5,20266930,331.3082874052721,0.0031441798941798946,1.4941865079365082,,12,0,0.0,12,0,0.0,0,COMPLETED,12,23,0,0,23,2
Least Loaded,0.1,2,High,1.5,20266930,331.3082874052721,0.0031165596949939947,1.437959367417665,,13,0,0.0,12,0,0.0,0,COMPLETED,13,23,1,1,23,2
Performance Only,0.1,2,High,1.5,20266930,331.3082874052721,0.002671957671957672,1.1046031746031746,,12,0,0.0,12,0,0.0,0,COMPLETED,12,23,0,0,23,2
CEDAR-inspired,0.1,2,High,1.5,20266930,331.3082874052721,0.0026304232804232803,0.919468253968254,,12,0,0.0,12,0,0.0,0,COMPLETED,12,23,0,0,23,2
Proposed Failure-Aware Carbon,0.1,2,High,1.5,20266930,331.3082874052721,0.0026185185185185183,0.8691111111111112,,12,0,0.0,12,0,0.0,0,COMPLETED,12,23,0,0,23,2
Round Robin,0.1,2,High,1.5,20266931,355.68782279106273,0.004158311054088195,2.339564076420533,,14,1,7.142857142857142,12,0,6.428571428571427,1,COMPLETED,14,29,1,1,29,3
Least Loaded,0.1,2,High,1.5,20266931,355.68782279106273,0.003883443329220471,1.9961791557856128,,14,1,7.142857142857142,12,0,6.428571428571427,1,COMPLETED,14,29,1,1,29,3
Performance Only,0.1,2,High,1.5,20266931,355.68782279106273,0.0032178806977641054,1.2922077176619942,,15,1,6.666666666666667,12,0,6.428571428571427,1,COMPLETED,15,29,2,2,29,3
CEDAR-inspired,0.1,2,High,1.5,20266931,355.68782279106273,0.0026770941228712645,0.999155346261803,,13,0,0.0,12,0,0.0,0,COMPLETED,13,29,1,1,29,3
Proposed Failure-Aware Carbon,0.1,2,High,1.5,20266931,355.68782279106273,0.0026770941228712645,0.999155346261803,,13,0,0.0,12,0,0.0,0,COMPLETED,13,29,1,1,29,3
Round Robin,0.1,3,Low,0.5,20267029,349.3381054804493,0.004377687066498287,0.7991252821969653,,15,2,13.333333333333334,12,0,5.928571428571429,2,COMPLETED,15,30,1,1,30,1
Least Loaded,0.1,3,Low,0.5,20267029,349.3381054804493,0.0041688907702019905,0.6765743562710393,,15,2,13.333333333333334,12,0,8.552664315776518,2,COMPLETED,15,30,1,1,30,1
Performance Only,0.1,3,Low,0.5,20267029,349.3381054804493,0.003412541563852784,0.4837330864297694,,15,2,13.333333333333334,12,0,7.981235744347945,2,COMPLETED,15,30,1,1,30,1
CEDAR-inspired,0.1,3,Low,0.5,20267029,349.3381054804493,0.003145238095238095,0.40645238095238095,,14,2,14.285714285714285,12,0,5.178571428571427,2,COMPLETED,14,30,0,0,30,1
Proposed Failure-Aware Carbon,0.1,3,Low,0.5,20267029,349.3381054804493,0.003111904761904762,0.359452380952381,,14,2,14.285714285714285,12,0,5.178571428571427,2,COMPLETED,14,30,0,0,30,1
Round Robin,0.1,3,Low,0.5,20267030,355.4834331696746,0.003347883597883599,0.5838029100529101,,12,0,0.0,12,0,0.0,0,COMPLETED,12,25,0,0,25,2
Least Loaded,0.1,3,Low,0.5,20267030,355.4834331696746,0.003436243386243386,0.610010582010582,,12,0,0.0,12,0,0.0,0,COMPLETED,12,25,0,0,25,2
Performance Only,0.1,3,Low,0.5,20267030,355.4834331696746,0.002648148148148148,0.39129629629629625,,12,0,0.0,12,0,0.0,0,COMPLETED,12,25,0,0,25,2
CEDAR-inspired,0.1,3,Low,0.5,20267030,355.4834331696746,0.0026637566137566134,0.35348941798941796,,12,0,0.0,12,0,0.0,0,COMPLETED,12,25,0,0,25,2
Proposed Failure-Aware Carbon,0.1,3,Low,0.5,20267030,355.4834331696746,0.0026304232804232803,0.30648941798941803,,12,0,0.0,12,0,0.0,0,COMPLETED,12,25,0,0,25,2
Round Robin,0.1,3,Low,0.5,20267031,353.3165321556727,0.003984806981782945,0.6283631661824447,,17,1,5.88235294117647,12,0,6.0,1,COMPLETED,17,33,4,4,33,3
Least Loaded,0.1,3,Low,0.5,20267031,353.3165321556727,0.003946461096747489,0.616069099938454,,18,0,0.0,12,0,0.0,0,COMPLETED,18,33,6,6,33,3
Performance Only,0.1,3,Low,0.5,20267031,353.3165321556727,0.0033903659277811932,0.46059373882903876,,18,0,0.0,12,0,0.0,0,COMPLETED,18,33,6,6,33,3
CEDAR-inspired,0.1,3,Low,0.5,20267031,353.3165321556727,0.003387529129409802,0.4617608908658677,,17,1,5.88235294117647,12,0,5.0,1,COMPLETED,17,33,4,4,33,3
Proposed Failure-Aware Carbon,0.1,3,Low,0.5,20267031,353.3165321556727,0.003366431059413906,0.38774776113914583,,20,3,15.0,12,0,6.4893540703439925,2,COMPLETED,20,33,5,5,33,3
Round Robin,0.1,3,Medium,1.0,20267129,356.9109065302951,0.0031099491771392784,0.929591095045651,,13,0,0.0,12,0,0.0,0,COMPLETED,13,25,1,1,25,1
Least Loaded,0.1,3,Medium,1.0,20267129,356.9109065302951,0.003299631716821818,1.063106968061524,,13,0,0.0,12,0,0.0,0,COMPLETED,13,25,1,1,25,1
Performance Only,0.1,3,Medium,1.0,20267129,356.9109065302951,0.002648148148148148,0.7825925925925925,,12,0,0.0,12,0,0.0,0,COMPLETED,12,25,0,0,25,1
CEDAR-inspired,0.1,3,Medium,1.0,20267129,356.9109065302951,0.0026637566137566134,0.7069788359788359,,12,0,0.0,12,0,0.0,0,COMPLETED,12,25,0,0,25,1
Proposed Failure-Aware Carbon,0.1,3,Medium,1.0,20267129,356.9109065302951,0.002604232804232804,0.5391216931216931,,12,0,0.0,12,0,0.0,0,COMPLETED,12,25,0,0,25,1
Round Robin,0.1,3,Medium,1.0,20267130,360.78516586831375,0.0034851010663366536,1.092210348389921,,15,2,13.333333333333334,12,0,4.083333333333334,2,COMPLETED,15,26,1,1,26,2
Least Loaded,0.1,3,Medium,1.0,20267130,360.78516586831375,0.0032007095319451177,0.8364299251094979,,15,2,13.333333333333334,12,0,4.166666666666667,2,COMPLETED,15,26,1,1,26,2
Performance Only,0.1,3,Medium,1.0,20267130,360.78516586831375,0.002974867724867725,0.8687566137566137,,14,2,14.285714285714285,12,0,3.4523809523809534,2,COMPLETED,14,26,0,0,26,2
CEDAR-inspired,0.1,3,Medium,1.0,20267130,360.78516586831375,0.0029756613756613754,0.7765502645502645,,14,2,14.285714285714285,12,0,3.7857142857142865,2,COMPLETED,14,26,0,0,26,2
Proposed Failure-Aware Carbon,0.1,3,Medium,1.0,20267130,360.78516586831375,0.002927248677248677,0.6778042328042329,,14,2,14.285714285714285,12,0,3.7857142857142865,2,COMPLETED,14,26,0,0,26,2
Round Robin,0.1,3,Medium,1.0,20267131,359.1313823273005,0.0041698243416170505,1.3369466201082507,,18,1,5.555555555555555,12,0,6.666666666666668,1,COMPLETED,18,26,5,5,26,3
Least Loaded,0.1,3,Medium,1.0,20267131,359.1313823273005,0.0036330788181583485,1.0181883271873229,,17,0,0.0,12,0,0.0,0,COMPLETED,17,26,5,5,26,3
Performance Only,0.1,3,Medium,1.0,20267131,359.1313823273005,0.003335430671048686,0.7214959500944648,,21,1,4.761904761904762,12,0,5.714285714285715,1,COMPLETED,21,26,8,8,26,3
CEDAR-inspired,0.1,3,Medium,1.0,20267131,359.1313823273005,0.003658181939847956,0.888365613441054,,19,1,5.263157894736842,12,0,2.8571428571428577,1,COMPLETED,19,26,6,6,26,3
Proposed Failure-Aware Carbon,0.1,3,Medium,1.0,20267131,359.1313823273005,0.003313132199872708,0.706114095959559,,18,1,5.555555555555555,12,0,5.714285714285715,1,COMPLETED,18,26,5,5,26,3
Round Robin,0.1,3,High,1.5,20267229,356.2580651081283,0.003777157647186433,1.6514287716918468,,17,1,5.88235294117647,12,0,8.0,1,COMPLETED,17,28,4,4,28,1
Least Loaded,0.1,3,High,1.5,20267229,356.2580651081283,0.0032597546279808398,1.3323910638429806,,15,0,0.0,12,0,0.0,0,COMPLETED,15,28,3,3,28,1
Performance Only,0.1,3,High,1.5,20267229,356.2580651081283,0.002933862433862434,1.3024603174603175,,13,1,7.6923076923076925,12,0,5.714285714285715,1,COMPLETED,13,28,0,0,28,1
CEDAR-inspired,0.1,3,High,1.5,20267229,356.2580651081283,0.003420284865650714,1.369386825622201,,16,2,12.5,12,0,4.940476190476192,2,COMPLETED,16,28,2,2,28,1
Proposed Failure-Aware Carbon,0.1,3,High,1.5,20267229,356.2580651081283,0.0030170061938087685,0.8957638983250568,,14,1,7.142857142857142,12,0,8.0,1,COMPLETED,14,28,1,1,28,1
Round Robin,0.1,3,High,1.5,20267230,340.5213920320407,0.005452089649938222,2.9943314213123084,,19,4,21.052631578947366,12,0,10.834359265489015,3,COMPLETED,19,25,3,3,25,2
Least Loaded,0.1,3,High,1.5,20267230,340.5213920320407,0.005450672257645695,2.83559414784251,,20,4,20.0,12,0,13.192192871409876,3,COMPLETED,20,25,4,4,25,2
Performance Only,0.1,3,High,1.5,20267230,340.5213920320407,0.004161317064971017,1.7614815681258469,,19,4,21.052631578947366,12,0,8.818486249615997,3,COMPLETED,19,25,3,3,25,2
CEDAR-inspired,0.1,3,High,1.5,20267230,340.5213920320407,0.004036266179447531,1.5192321609655592,,18,4,22.22222222222222,12,0,7.222222222222222,3,COMPLETED,18,25,2,2,25,2
Proposed Failure-Aware Carbon,0.1,3,High,1.5,20267230,340.5213920320407,0.004031504274685627,1.499089303822702,,18,4,22.22222222222222,12,0,7.222222222222222,3,COMPLETED,18,25,2,2,25,2
Round Robin,0.1,3,High,1.5,20267231,352.8651935594925,0.0038495906213457933,1.4016001549337038,,20,2,10.0,12,0,6.0,2,COMPLETED,20,22,6,6,22,3
Least Loaded,0.1,3,High,1.5,20267231,352.8651935594925,0.0038284266001817726,1.3781874565210053,,20,2,10.0,12,0,5.0,2,COMPLETED,20,22,6,6,22,3
Performance Only,0.1,3,High,1.5,20267231,352.8651935594925,0.003190761589895503,1.3108566650523195,,17,1,5.88235294117647,12,0,5.0,1,COMPLETED,17,22,4,4,22,3
CEDAR-inspired,0.1,3,High,1.5,20267231,352.8651935594925,0.0034181350303006696,1.364896995104324,,17,1,5.88235294117647,12,0,5.0,1,COMPLETED,17,22,4,4,22,3
Proposed Failure-Aware Carbon,0.1,3,High,1.5,20267231,352.8651935594925,0.0039180364558155,1.5215852955821951,,20,1,5.0,12,0,5.833333333333336,1,COMPLETED,20,22,7,7,22,3
Round Robin,0.1,1,Low,0.5,20267329,330.1067998828588,0.00376838402750712,0.5902088862516538,,16,1,6.25,12,0,5.0,1,COMPLETED,16,25,3,3,25,1
Least Loaded,0.1,1,Low,0.5,20267329,330.1067998828588,0.0038316115407346324,0.6053781984209661,,16,1,6.25,12,0,5.0,1,COMPLETED,16,25,3,3,25,1
Performance Only,0.1,1,Low,0.5,20267329,330.1067998828588,0.0034919705629530757,0.49891740572151416,,16,1,6.25,12,0,3.5714285714285694,1,COMPLETED,16,25,3,3,25,1
CEDAR-inspired,0.1,1,Low,0.5,20267329,330.1067998828588,0.0034919705629530757,0.49891740572151416,,16,1,6.25,12,0,3.5714285714285694,1,COMPLETED,16,25,3,3,25,1
Proposed Failure-Aware Carbon,0.1,1,Low,0.5,20267329,330.1067998828588,0.003473187494170007,0.4944703157744242,,16,1,6.25,12,0,3.5714285714285694,1,COMPLETED,16,25,3,3,25,1
Round Robin,0.1,1,Low,0.5,20267330,357.89246405846393,0.003433730128993335,0.5964861029334846,,13,0,0.0,12,0,0.0,0,COMPLETED,13,25,1,1,25,2
Least Loaded,0.1,1,Low,0.5,20267330,357.89246405846393,0.0032476452914123244,0.5118091079167192,,15,0,0.0,12,0,0.0,0,COMPLETED,15,25,3,3,25,2
Performance Only,0.1,1,Low,0.5,20267330,357.89246405846393,0.003220899470899471,0.5440608465608466,,12,0,0.0,12,0,0.0,0,COMPLETED,12,25,0,0,25,2
CEDAR-inspired,0.1,1,Low,0.5,20267330,357.89246405846393,0.003220899470899471,0.5440608465608466,,12,0,0.0,12,0,0.0,0,COMPLETED,12,25,0,0,25,2
Proposed Failure-Aware Carbon,0.1,1,Low,0.5,20267330,357.89246405846393,0.0032113756613756615,0.5306322751322752,,12,0,0.0,12,0,0.0,0,COMPLETED,12,25,0,0,25,2
Round Robin,0.1,1,Low,0.5,20267331,355.18950696387145,0.003938553828856381,0.639899921983124,,15,2,13.333333333333334,12,0,5.416666666666667,2,COMPLETED,15,29,1,1,29,3
Least Loaded,0.1,1,Low,0.5,20267331,355.18950696387145,0.0036827337230362755,0.5310454246286265,,15,2,13.333333333333334,12,0,5.5,2,COMPLETED,15,29,1,1,29,3
Performance Only,0.1,1,Low,0.5,20267331,355.18950696387145,0.003764744305046857,0.5842332553164573,,16,3,18.75,12,0,3.73015873015873,3,COMPLETED,16,29,1,1,29,3
CEDAR-inspired,0.1,1,Low,0.5,20267331,355.18950696387145,0.003764744305046857,0.5842332553164573,,16,3,18.75,12,0,3.73015873015873,3,COMPLETED,16,29,1,1,29,3
Proposed Failure-Aware Carbon,0.1,1,Low,0.5,20267331,355.18950696387145,0.003742522082824635,0.5717888108720128,,16,3,18.75,12,0,3.73015873015873,3,COMPLETED,16,29,1,1,29,3
Round Robin,0.1,1,Medium,1.0,20267429,352.3312607646795,0.004654624578104165,1.5486255839363745,,17,3,17.647058823529413,12,0,10.341945623002509,3,COMPLETED,17,25,2,2,25,1
Least Loaded,0.1,1,Medium,1.0,20267429,352.3312607646795,0.004444026702042706,1.4220559559647583,,16,3,18.75,12,0,6.476190476190475,3,COMPLETED,16,25,1,1,25,1
Performance Only,0.1,1,Medium,1.0,20267429,352.3312607646795,0.0036105820105820107,0.9814708994708996,,15,3,20.0,12,0,5.595238095238095,3,COMPLETED,15,25,0,0,25,1
CEDAR-inspired,0.1,1,Medium,1.0,20267429,352.3312607646795,0.0036105820105820107,0.9814708994708996,,15,3,20.0,12,0,5.595238095238095,3,COMPLETED,15,25,0,0,25,1
Proposed Failure-Aware Carbon,0.1,1,Medium,1.0,20267429,352.3312607646795,0.003574074074074074,0.9162962962962964,,15,3,20.0,12,0,6.095238095238095,3,COMPLETED,15,25,0,0,25,1
Round Robin,0.1,1,Medium,1.0,20267430,305.9395932790804,0.003734656084656085,1.2654338624338626,,14,2,14.285714285714285,12,0,9.821428571428573,1,COMPLETED,14,19,0,0,19,2
Least Loaded,0.1,1,Medium,1.0,20267430,305.9395932790804,0.0036981481481481483,1.256925925925926,,14,2,14.285714285714285,12,0,9.821428571428573,1,COMPLETED,14,19,0,0,19,2
Performance Only,0.1,1,Medium,1.0,20267430,305.9395932790804,0.0031880952380952377,0.8637619047619048,,14,2,14.285714285714285,12,0,8.571428571428573,1,COMPLETED,14,19,0,0,19,2
CEDAR-inspired,0.1,1,Medium,1.0,20267430,305.9395932790804,0.0031880952380952377,0.8637619047619048,,14,2,14.285714285714285,12,0,8.571428571428573,1,COMPLETED,14,19,0,0,19,2
Proposed Failure-Aware Carbon,0.1,1,Medium,1.0,20267430,305.9395932790804,0.0031917989417989414,0.867910052910053,,14,2,14.285714285714285,12,0,7.738095238095239,1,COMPLETED,14,19,0,0,19,2
Round Robin,0.1,1,Medium,1.0,20267431,347.32574006963296,0.003963365231324756,1.2854116929354178,,17,2,11.76470588235294,12,0,5.003226788158313,2,COMPLETED,17,27,3,3,27,3
Least Loaded,0.1,1,Medium,1.0,20267431,347.32574006963296,0.003926328194287719,1.2661524336761585,,17,2,11.76470588235294,12,0,5.003226788158313,2,COMPLETED,17,27,3,3,27,3
Performance Only,0.1,1,Medium,1.0,20267431,347.32574006963296,0.003494742856990945,0.940441375615802,,15,2,13.333333333333334,12,0,5.2857142857142865,2,COMPLETED,15,27,1,1,27,3
CEDAR-inspired,0.1,1,Medium,1.0,20267431,347.32574006963296,0.003494742856990945,0.940441375615802,,15,2,13.333333333333334,12,0,5.2857142857142865,2,COMPLETED,15,27,1,1,27,3
Proposed Failure-Aware Carbon,0.1,1,Medium,1.0,20267431,347.32574006963296,0.003494742856990945,0.940441375615802,,15,2,13.333333333333334,12,0,5.2857142857142865,2,COMPLETED,15,27,1,1,27,3
Round Robin,0.1,1,High,1.5,20267529,355.4602573928377,0.004976903742007247,2.554139709843501,,18,4,22.22222222222222,12,0,13.464285714285714,2,COMPLETED,18,15,2,2,15,1
Least Loaded,0.1,1,High,1.5,20267529,355.4602573928377,0.004177865846951751,1.6526559904018616,,17,4,23.52941176470588,12,0,12.928571428571429,2,COMPLETED,17,15,1,1,15,1
Performance Only,0.1,1,High,1.5,20267529,355.4602573928377,0.004032480856768802,1.5953941633237387,,17,3,17.647058823529413,12,0,20.357142857142858,1,COMPLETED,17,15,2,2,15,1
CEDAR-inspired,0.1,1,High,1.5,20267529,355.4602573928377,0.004032480856768802,1.5953941633237387,,17,3,17.647058823529413,12,0,20.357142857142858,1,COMPLETED,17,15,2,2,15,1
Proposed Failure-Aware Carbon,0.1,1,High,1.5,20267529,355.4602573928377,0.0032227151437327433,1.2703329257908456,,12,3,25.0,8,1,0.0,0,FAILED_OR_BLOCKED,12,15,1,0,15,1
Round Robin,0.1,1,High,1.5,20267530,356.35455390946123,0.004791664885742448,2.5188678951033654,,17,3,17.647058823529413,12,0,9.04761904761905,2,COMPLETED,17,31,2,2,31,2
Least Loaded,0.1,1,High,1.5,20267530,356.35455390946123,0.004448974400953879,2.1399872141202834,,16,3,18.75,12,0,8.928571428571429,2,COMPLETED,16,31,1,1,31,2
Performance Only,0.1,1,High,1.5,20267530,356.35455390946123,0.0036462962962962964,1.4882777777777778,,15,3,20.0,12,0,8.75,2,COMPLETED,15,31,0,0,31,2
CEDAR-inspired,0.1,1,High,1.5,20267530,356.35455390946123,0.0036462962962962964,1.4882777777777778,,15,3,20.0,12,0,8.75,2,COMPLETED,15,31,0,0,31,2
Proposed Failure-Aware Carbon,0.1,1,High,1.5,20267530,356.35455390946123,0.0036343915343915343,1.437920634920635,,15,3,20.0,12,0,8.75,2,COMPLETED,15,31,0,0,31,2
Round Robin,0.1,1,High,1.5,20267531,355.3814699712909,0.0032470762222912616,1.6139688357712434,,13,0,0.0,12,0,0.0,0,COMPLETED,13,21,1,1,21,3
Least Loaded,0.1,1,High,1.5,20267531,355.3814699712909,0.0028859651111801505,1.1560521691045764,,13,0,0.0,12,0,0.0,0,COMPLETED,13,21,1,1,21,3
Performance Only,0.1,1,High,1.5,20267531,355.3814699712909,0.0030642719894870287,1.1698934389458464,,14,1,7.142857142857142,12,0,5.0,1,COMPLETED,14,21,1,1,21,3
CEDAR-inspired,0.1,1,High,1.5,20267531,355.3814699712909,0.0030642719894870287,1.1698934389458464,,14,1,7.142857142857142,12,0,5.0,1,COMPLETED,14,21,1,1,21,3
Proposed Failure-Aware Carbon,0.1,1,High,1.5,20267531,355.3814699712909,0.0030716793968944365,1.1823378833902907,,14,1,7.142857142857142,12,0,4.166666666666666,1,COMPLETED,14,21,1,1,21,3
Round Robin,0.1,2,Low,0.5,20267629,337.24459795723925,0.0037377426567946894,0.6832322130981734,,14,0,0.0,12,0,0.0,0,COMPLETED,14,27,2,2,27,1
Least Loaded,0.1,2,Low,0.5,20267629,337.24459795723925,0.0033321871012391333,0.5223711019870623,,14,0,0.0,12,0,0.0,0,COMPLETED,14,27,2,2,27,1
Performance Only,0.1,2,Low,0.5,20267629,337.24459795723925,0.002885804348932519,0.36617839949691044,,15,0,0.0,12,0,0.0,0,COMPLETED,15,27,3,3,27,1
CEDAR-inspired,0.1,2,Low,0.5,20267629,337.24459795723925,0.0030462936976060127,0.35836247848396857,,14,0,0.0,12,0,0.0,0,COMPLETED,14,27,2,2,27,1
Proposed Failure-Aware Carbon,0.1,2,Low,0.5,20267629,337.24459795723925,0.003020367771680087,0.34384395996545003,,14,0,0.0,12,0,0.0,0,COMPLETED,14,27,2,2,27,1
Round Robin,0.1,2,Low,0.5,20267630,358.8213446599558,0.003915343727536995,0.7289020957433552,,14,1,7.142857142857142,12,0,2.8571428571428577,1,COMPLETED,14,27,1,1,27,2
Least Loaded,0.1,2,Low,0.5,20267630,358.8213446599558,0.0035513225635158308,0.6160026248438842,,13,0,0.0,12,0,0.0,0,COMPLETED,13,27,1,1,27,2
Performance Only,0.1,2,Low,0.5,20267630,358.8213446599558,0.002930158354544889,0.38160313328565204,,15,1,6.666666666666667,12,0,5.017852917201427,1,COMPLETED,15,27,2,2,27,2
CEDAR-inspired,0.1,2,Low,0.5,20267630,358.8213446599558,0.0035522368792426473,0.5706490314621658,,16,2,12.5,12,0,3.666666666666668,2,COMPLETED,16,27,2,2,27,2
Proposed Failure-Aware Carbon,0.1,2,Low,0.5,20267630,358.8213446599558,0.0031102395247452935,0.3806364653245998,,16,2,12.5,12,0,4.083333333333332,2,COMPLETED,16,27,2,2,27,2
Round Robin,0.1,2,Low,0.5,20267631,334.369751199439,0.0035145502645502653,0.5938029100529101,,13,1,7.6923076923076925,12,0,5.0,1,COMPLETED,13,21,0,0,21,3
Least Loaded,0.1,2,Low,0.5,20267631,334.369751199439,0.0036029100529100526,0.620010582010582,,13,1,7.6923076923076925,12,0,5.0,1,COMPLETED,13,21,0,0,21,3
Performance Only,0.1,2,Low,0.5,20267631,334.369751199439,0.0028505291005291008,0.39498677248677244,,13,1,7.6923076923076925,12,0,3.571428571428573,1,COMPLETED,13,21,0,0,21,3
CEDAR-inspired,0.1,2,Low,0.5,20267631,334.369751199439,0.002808994708994709,0.33327513227513234,,13,1,7.6923076923076925,12,0,3.571428571428573,1,COMPLETED,13,21,0,0,21,3
Proposed Failure-Aware Carbon,0.1,2,Low,0.5,20267631,334.369751199439,0.002808994708994709,0.33327513227513234,,13,1,7.6923076923076925,12,0,3.571428571428573,1,COMPLETED,13,21,0,0,21,3
Round Robin,0.1,2,Medium,1.0,20267729,352.4962379150586,0.004717135106076933,1.622811535946254,,18,3,16.666666666666664,12,0,7.305555555555556,3,COMPLETED,18,25,3,3,25,1
Least Loaded,0.1,2,Medium,1.0,20267729,352.4962379150586,0.004097838591532106,1.3682637057182088,,14,3,21.428571428571427,8,1,8.0,1,FAILED_OR_BLOCKED,14,25,3,2,25,1
Performance Only,0.1,2,Medium,1.0,20267729,352.4962379150586,0.004097076782343078,1.1135674791473678,,18,4,22.22222222222222,12,0,10.025485427260728,3,COMPLETED,18,25,2,2,25,1
CEDAR-inspired,0.1,2,Medium,1.0,20267729,352.4962379150586,0.00352486114249429,0.8487176020075463,,16,3,18.75,12,0,6.540520491408142,3,COMPLETED,16,25,1,1,25,1
Proposed Failure-Aware Carbon,0.1,2,Medium,1.0,20267729,352.4962379150586,0.003498670666303814,0.7748604591504035,,16,3,18.75,12,0,6.540520491408142,3,COMPLETED,16,25,1,1,25,1
Round Robin,0.1,2,Medium,1.0,20267730,350.38727240129197,0.004586007856239277,1.703349133446032,,18,4,22.22222222222222,12,0,6.472222222222222,3,COMPLETED,18,23,2,2,23,2
Least Loaded,0.1,2,Medium,1.0,20267730,350.38727240129197,0.004321907689628911,1.6069665681388228,,16,4,25.0,10,1,6.041666666666667,2,FAILED_OR_BLOCKED,16,23,2,1,23,2
Performance Only,0.1,2,Medium,1.0,20267730,350.38727240129197,0.003315439923372153,0.890928273307942,,16,3,18.75,12,0,4.492703545585072,3,COMPLETED,16,23,1,1,23,2
CEDAR-inspired,0.1,2,Medium,1.0,20267730,350.38727240129197,0.003343915343915344,0.8394708994708995,,16,4,25.0,12,0,5.222222222222222,3,COMPLETED,16,23,0,0,23,2
Proposed Failure-Aware Carbon,0.1,2,Medium,1.0,20267730,350.38727240129197,0.003343915343915344,0.8394708994708995,,16,4,25.0,12,0,5.222222222222222,3,COMPLETED,16,23,0,0,23,2
Round Robin,0.1,2,Medium,1.0,20267731,345.73599074953194,0.0037378044666087954,1.248097278139724,,15,1,6.666666666666667,12,0,8.75,1,COMPLETED,15,21,2,2,21,3
Least Loaded,0.1,2,Medium,1.0,20267731,345.73599074953194,0.004224561548728473,1.4353913438731027,,16,1,6.25,12,0,18.873074597069426,1,COMPLETED,16,21,3,3,21,3
Performance Only,0.1,2,Medium,1.0,20267731,345.73599074953194,0.003075730449430191,0.8308672829772054,,14,1,7.142857142857142,12,0,5.0,1,COMPLETED,14,21,1,1,21,3
CEDAR-inspired,0.1,2,Medium,1.0,20267731,345.73599074953194,0.0033390086955710327,0.8005991793984149,,15,1,6.666666666666667,12,0,5.0,1,COMPLETED,15,21,2,2,21,3
Proposed Failure-Aware Carbon,0.1,2,Medium,1.0,20267731,345.73599074953194,0.003361495468057805,0.8095145233137586,,15,1,6.666666666666667,12,0,17.384979358974192,1,COMPLETED,15,21,2,2,21,3
Round Robin,0.1,2,High,1.5,20267829,359.3943876711863,0.0031441798941798946,1.4941865079365082,,12,0,0.0,12,0,0.0,0,COMPLETED,12,29,0,0,29,1
Least Loaded,0.1,2,High,1.5,20267829,359.3943876711863,0.003940820812621144,2.0893603622363752,,15,1,6.666666666666667,12,0,10.27610278526334,1,COMPLETED,15,29,2,2,29,1
Performance Only,0.1,2,High,1.5,20267829,359.3943876711863,0.002671957671957672,1.1046031746031746,,12,0,0.0,12,0,0.0,0,COMPLETED,12,29,0,0,29,1
CEDAR-inspired,0.1,2,High,1.5,20267829,359.3943876711863,0.002718078137667893,0.9366907175061073,,13,0,0.0,12,0,0.0,0,COMPLETED,13,29,1,1,29,1
Proposed Failure-Aware Carbon,0.1,2,High,1.5,20267829,359.3943876711863,0.002651411471001226,0.8706907175061074,,13,0,0.0,12,0,0.0,0,COMPLETED,13,29,1,1,29,1
Round Robin,0.1,2,High,1.5,20267830,355.51196024558726,0.003656084656084656,1.943293650793651,,13,1,7.6923076923076925,12,0,3.571428571428573,1,COMPLETED,13,25,0,0,25,2
Least Loaded,0.1,2,High,1.5,20267830,355.51196024558726,0.0035195767195767193,1.8050317460317464,,13,1,7.6923076923076925,12,0,6.25,1,COMPLETED,13,25,0,0,25,2
Performance Only,0.1,2,High,1.5,20267830,355.51196024558726,0.002857142857142857,1.1657142857142855,,13,1,7.6923076923076925,12,0,4.166666666666666,1,COMPLETED,13,25,0,0,25,2
CEDAR-inspired,0.1,2,High,1.5,20267830,355.51196024558726,0.002819047619047619,1.0045714285714287,,13,1,7.6923076923076925,12,0,5.0,1,COMPLETED,13,25,0,0,25,2
Proposed Failure-Aware Carbon,0.1,2,High,1.5,20267830,355.51196024558726,0.002819047619047619,1.0045714285714287,,13,1,7.6923076923076925,12,0,5.0,1,COMPLETED,13,25,0,0,25,2
Round Robin,0.1,2,High,1.5,20267831,351.166948537311,0.003347883597883599,1.7514087301587302,,12,0,0.0,12,0,0.0,0,COMPLETED,12,17,0,0,17,3
Least Loaded,0.1,2,High,1.5,20267831,351.166948537311,0.003436243386243386,1.8300317460317463,,12,0,0.0,12,0,0.0,0,COMPLETED,12,17,0,0,17,3
Performance Only,0.1,2,High,1.5,20267831,351.166948537311,0.002671957671957672,1.1046031746031746,,12,0,0.0,12,0,0.0,0,COMPLETED,12,17,0,0,17,3
CEDAR-inspired,0.1,2,High,1.5,20267831,351.166948537311,0.0026304232804232803,0.919468253968254,,12,0,0.0,12,0,0.0,0,COMPLETED,12,17,0,0,17,3
Proposed Failure-Aware Carbon,0.1,2,High,1.5,20267831,351.166948537311,0.0026304232804232803,0.919468253968254,,12,0,0.0,12,0,0.0,0,COMPLETED,12,17,0,0,17,3
Round Robin,0.1,3,Low,0.5,20267929,347.32097251930503,0.00408180207613507,0.7782320902661155,,15,0,0.0,12,0,0.0,0,COMPLETED,15,30,3,3,30,1
Least Loaded,0.1,3,Low,0.5,20267929,347.32097251930503,0.00419798657674559,0.7938605677101541,,15,0,0.0,12,0,0.0,0,COMPLETED,15,30,3,3,30,1
Performance Only,0.1,3,Low,0.5,20267929,347.32097251930503,0.003155594616560532,0.4363021554470427,,15,0,0.0,12,0,0.0,0,COMPLETED,15,30,3,3,30,1
CEDAR-inspired,0.1,3,Low,0.5,20267929,347.32097251930503,0.003115714867287808,0.3942471431470298,,15,0,0.0,12,0,0.0,0,COMPLETED,15,30,3,3,30,1
Proposed Failure-Aware Carbon,0.1,3,Low,0.5,20267929,347.32097251930503,0.003534505640692191,0.42223074867801497,,17,0,0.0,12,0,0.0,0,COMPLETED,17,30,5,5,30,1
Round Robin,0.1,3,Low,0.5,20267930,339.6444230338497,0.003862169312169312,0.7010291005291005,,13,1,7.6923076923076925,12,0,5.714285714285714,1,COMPLETED,13,23,0,0,23,2
Least Loaded,0.1,3,Low,0.5,20267930,339.6444230338497,0.003721957671957672,0.6528677248677249,,13,1,7.6923076923076925,12,0,5.714285714285714,1,COMPLETED,13,23,0,0,23,2
Performance Only,0.1,3,Low,0.5,20267930,339.6444230338497,0.002933862433862434,0.4341534391534391,,13,1,7.6923076923076925,12,0,5.714285714285714,1,COMPLETED,13,23,0,0,23,2
CEDAR-inspired,0.1,3,Low,0.5,20267930,339.6444230338497,0.0029600529100529105,0.3860820105820105,,13,1,7.6923076923076925,12,0,6.666666666666667,1,COMPLETED,13,23,0,0,23,2
Proposed Failure-Aware Carbon,0.1,3,Low,0.5,20267930,339.6444230338497,0.002943386243386243,0.36258201058201056,,13,1,7.6923076923076925,12,0,6.666666666666667,1,COMPLETED,13,23,0,0,23,2
Round Robin,0.1,3,Low,0.5,20267931,351.89438123922855,0.004864093489832934,0.9833622657874045,,16,2,12.5,12,0,9.006566905016845,2,COMPLETED,16,26,2,2,26,3
Least Loaded,0.1,3,Low,0.5,20267931,351.89438123922855,0.004356686082425526,0.7700474509725895,,16,2,12.5,12,0,7.881566905016845,2,COMPLETED,16,26,2,2,26,3
Performance Only,0.1,3,Low,0.5,20267931,351.89438123922855,0.0036674623930404095,0.480605696506621,,19,2,10.526315789473683,12,0,6.274424047873987,2,COMPLETED,19,26,5,5,26,3
CEDAR-inspired,0.1,3,Low,0.5,20267931,351.89438123922855,0.003203868260937534,0.39256922219383517,,16,1,6.25,12,0,4.285714285714286,1,COMPLETED,16,26,3,3,26,3
Proposed Failure-Aware Carbon,0.1,3,Low,0.5,20267931,351.89438123922855,0.0034053847397990072,0.3748337310600932,,17,1,5.88235294117647,12,0,6.0,1,COMPLETED,17,26,4,4,26,3
Round Robin,0.1,3,Medium,1.0,20268029,321.4679067707222,0.0036527336262991927,1.0081304032296496,,17,1,5.88235294117647,12,0,4.166666666666664,1,COMPLETED,17,28,4,4,28,1
Least Loaded,0.1,3,Medium,1.0,20268029,321.4679067707222,0.003740739495850951,1.0652717267212117,,17,1,5.88235294117647,12,0,5.0,1,COMPLETED,17,28,4,4,28,1
Performance Only,0.1,3,Medium,1.0,20268029,321.4679067707222,0.003545829838665269,0.9689341367847658,,17,2,11.76470588235294,12,0,4.642857142857144,2,COMPLETED,17,28,3,3,28,1
CEDAR-inspired,0.1,3,Medium,1.0,20268029,321.4679067707222,0.0033716467002036536,0.8595680841351703,,16,2,12.5,12,0,4.642857142857142,2,COMPLETED,16,28,2,2,28,1
Proposed Failure-Aware Carbon,0.1,3,Medium,1.0,20268029,321.4679067707222,0.003078223509460581,0.6502053945239691,,15,1,6.666666666666667,12,0,3.5714285714285694,1,COMPLETED,15,28,2,2,28,1
Round Robin,0.1,3,Medium,1.0,20268030,350.3977851099421,0.004482971673140799,1.549028060627113,,16,1,6.25,12,0,6.666666666666668,1,COMPLETED,16,26,3,3,26,2
Least Loaded,0.1,3,Medium,1.0,20268030,350.3977851099421,0.004029024940824672,1.323188963728883,,14,1,7.142857142857142,12,0,8.0,1,COMPLETED,14,26,1,1,26,2
Performance Only,0.1,3,Medium,1.0,20268030,350.3977851099421,0.0034061544642769804,0.9240685615053162,,16,0,0.0,12,0,0.0,0,COMPLETED,16,26,4,4,26,2
CEDAR-inspired,0.1,3,Medium,1.0,20268030,350.3977851099421,0.002913340886940347,0.7131133771932152,,14,0,0.0,12,0,0.0,0,COMPLETED,14,26,2,2,26,2
Proposed Failure-Aware Carbon,0.1,3,Medium,1.0,20268030,350.3977851099421,0.002812358274158004,0.6438556303955495,,13,0,0.0,12,0,0.0,0,COMPLETED,13,26,1,1,26,2
Round Robin,0.1,3,Medium,1.0,20268031,350.9997487797927,0.00435853860639595,1.5567356362642522,,16,3,18.75,12,0,6.040230024160108,3,COMPLETED,16,23,1,1,23,3
Least Loaded,0.1,3,Medium,1.0,20268031,350.9997487797927,0.003984391534391534,1.3006137566137568,,15,3,20.0,12,0,5.111111111111112,3,COMPLETED,15,23,0,0,23,3
Performance Only,0.1,3,Medium,1.0,20268031,350.9997487797927,0.003224867724867725,0.9437566137566137,,15,3,20.0,12,0,3.968253968253969,3,COMPLETED,15,23,0,0,23,3
CEDAR-inspired,0.1,3,Medium,1.0,20268031,350.9997487797927,0.0034331417809991254,0.8843388108674267,,16,3,18.75,12,0,4.190476190476191,3,COMPLETED,16,23,1,1,23,3
Proposed Failure-Aware Carbon,0.1,3,Medium,1.0,20268031,350.9997487797927,0.0034283798762372204,0.8709102394388553,,16,3,18.75,12,0,4.190476190476191,3,COMPLETED,16,23,1,1,23,3
Round Robin,0.1,3,High,1.5,20268129,303.66558747560754,0.003347883597883599,1.7514087301587302,,12,0,0.0,12,0,0.0,0,COMPLETED,12,19,0,0,19,1
Least Loaded,0.1,3,High,1.5,20268129,303.66558747560754,0.003436243386243386,1.8300317460317463,,12,0,0.0,12,0,0.0,0,COMPLETED,12,19,0,0,19,1
Performance Only,0.1,3,High,1.5,20268129,303.66558747560754,0.002648148148148148,1.173888888888889,,12,0,0.0,12,0,0.0,0,COMPLETED,12,19,0,0,19,1
CEDAR-inspired,0.1,3,High,1.5,20268129,303.66558747560754,0.0026637566137566134,1.060468253968254,,12,0,0.0,12,0,0.0,0,COMPLETED,12,19,0,0,19,1
Proposed Failure-Aware Carbon,0.1,3,High,1.5,20268129,303.66558747560754,0.0026304232804232803,0.919468253968254,,12,0,0.0,12,0,0.0,0,COMPLETED,12,19,0,0,19,1
Round Robin,0.1,3,High,1.5,20268130,359.917296376658,0.0033332619517382816,1.5701673006602728,,13,0,0.0,12,0,0.0,0,COMPLETED,13,22,1,1,22,2
Least Loaded,0.1,3,High,1.5,20268130,359.917296376658,0.0033740026924790217,1.596111745104717,,13,0,0.0,12,0,0.0,0,COMPLETED,13,22,1,1,22,2
Performance Only,0.1,3,High,1.5,20268130,359.917296376658,0.002648148148148148,1.173888888888889,,12,0,0.0,12,0,0.0,0,COMPLETED,12,22,0,0,22,2
CEDAR-inspired,0.1,3,High,1.5,20268130,359.917296376658,0.0026637566137566134,1.060468253968254,,12,0,0.0,12,0,0.0,0,COMPLETED,12,22,0,0,22,2
Proposed Failure-Aware Carbon,0.1,3,High,1.5,20268130,359.917296376658,0.0026145502645502647,0.8806587301587303,,12,0,0.0,12,0,0.0,0,COMPLETED,12,22,0,0,22,2
Round Robin,0.1,3,High,1.5,20268131,346.0044464817558,0.003820288547641162,1.910630908946816,,14,1,7.142857142857142,12,0,7.000000000000002,1,COMPLETED,14,19,1,1,19,3
Least Loaded,0.1,3,High,1.5,20268131,346.0044464817558,0.003314203891556506,1.351837258153165,,14,1,7.142857142857142,12,0,5.833333333333336,1,COMPLETED,14,19,1,1,19,3
Performance Only,0.1,3,High,1.5,20268131,346.0044464817558,0.0028981481481481484,1.286388888888889,,13,1,7.6923076923076925,12,0,5.0,1,COMPLETED,13,19,0,0,19,3
CEDAR-inspired,0.1,3,High,1.5,20268131,346.0044464817558,0.0029137566137566137,1.172968253968254,,13,1,7.6923076923076925,12,0,5.0,1,COMPLETED,13,19,0,0,19,3
Proposed Failure-Aware Carbon,0.1,3,High,1.5,20268131,346.0044464817558,0.0028664021164021163,0.9537698412698413,,13,1,7.6923076923076925,12,0,7.0,1,COMPLETED,13,19,0,0,19,3
Round Robin,0.3,1,Low,0.5,20268229,359.5068474994738,0.0043686290283108204,0.7383331470361459,,19,3,15.789473684210526,9,1,6.578061058302745,2,FAILED_OR_BLOCKED,19,70,7,6,70,1
Least Loaded,0.3,1,Low,0.5,20268229,359.5068474994738,0.004698883953287781,0.7892122026533419,,19,5,26.31578947368421,9,1,6.578061058302745,2,FAILED_OR_BLOCKED,19,70,5,5,70,1
Performance Only,0.3,1,Low,0.5,20268229,359.5068474994738,0.004119296537039011,0.6541831315561514,,18,3,16.666666666666664,9,1,11.331993557297723,1,FAILED_OR_BLOCKED,18,70,6,6,70,1
CEDAR-inspired,0.3,1,Low,0.5,20268229,359.5068474994738,0.004119296537039011,0.6541831315561514,,18,3,16.666666666666664,9,1,11.331993557297723,1,FAILED_OR_BLOCKED,18,70,6,6,70,1
Proposed Failure-Aware Carbon,0.3,1,Low,0.5,20268229,359.5068474994738,0.004119296537039011,0.6541831315561514,,18,3,16.666666666666664,9,1,11.331993557297723,1,FAILED_OR_BLOCKED,18,70,6,6,70,1
Round Robin,0.3,1,Low,0.5,20268230,356.10167295418387,0.0036644338915577074,0.6173068722473448,,15,4,26.666666666666668,8,1,4.166666666666667,2,FAILED_OR_BLOCKED,15,65,3,3,65,2
Least Loaded,0.3,1,Low,0.5,20268230,356.10167295418387,0.0036591428862667017,0.62243914737962,,15,4,26.666666666666668,8,1,3.8095238095238093,2,FAILED_OR_BLOCKED,15,65,3,3,65,2
Performance Only,0.3,1,Low,0.5,20268230,356.10167295418387,0.004235318560442148,0.6848254202266172,,20,3,15.0,12,0,4.484126984126985,3,COMPLETED,20,65,5,5,65,2
CEDAR-inspired,0.3,1,Low,0.5,20268230,356.10167295418387,0.004235318560442148,0.6848254202266172,,20,3,15.0,12,0,4.484126984126985,3,COMPLETED,20,65,5,5,65,2
Proposed Failure-Aware Carbon,0.3,1,Low,0.5,20268230,356.10167295418387,0.004214683639807227,0.6651746265758236,,20,3,15.0,12,0,4.444444444444445,3,COMPLETED,20,65,5,5,65,2
Round Robin,0.3,1,Low,0.5,20268231,360.0741271576905,0.00269721718620899,0.59967176401673,,10,4,40.0,1,2,5.1602206402454875,1,FAILED_OR_BLOCKED,10,70,5,4,70,3
Least Loaded,0.3,1,Low,0.5,20268231,360.0741271576905,0.002305682794674599,0.4694601238050897,,10,4,40.0,1,2,5.1602206402454875,1,FAILED_OR_BLOCKED,10,70,5,4,70,3
Performance Only,0.3,1,Low,0.5,20268231,360.0741271576905,0.0030746963765593115,0.5678016178124081,,13,3,23.076923076923077,5,1,0.0,0,FAILED_OR_BLOCKED,13,70,5,5,70,3
CEDAR-inspired,0.3,1,Low,0.5,20268231,360.0741271576905,0.0030746963765593115,0.5678016178124081,,13,3,23.076923076923077,5,1,0.0,0,FAILED_OR_BLOCKED,13,70,5,5,70,3
Proposed Failure-Aware Carbon,0.3,1,Low,0.5,20268231,360.0741271576905,0.002857886910082959,0.5386158011465783,,14,2,14.285714285714285,5,1,0.0,0,FAILED_OR_BLOCKED,14,70,7,7,70,3
Round Robin,0.3,1,Medium,1.0,20268329,351.5396414365333,0.00405294923233537,1.1894824859052342,,17,1,5.88235294117647,12,0,3.3333333333333357,1,COMPLETED,17,61,4,4,61,1
Least Loaded,0.3,1,Medium,1.0,20268329,351.5396414365333,0.003995277274663412,1.1086994171221654,,17,1,5.88235294117647,12,0,4.0,1,COMPLETED,17,61,4,4,61,1
Performance Only,0.3,1,Medium,1.0,20268329,351.5396414365333,0.002927347688420683,0.7795561583780567,,14,0,0.0,12,0,0.0,0,COMPLETED,14,61,2,2,61,1
CEDAR-inspired,0.3,1,Medium,1.0,20268329,351.5396414365333,0.002927347688420683,0.7795561583780567,,14,0,0.0,12,0,0.0,0,COMPLETED,14,61,2,2,61,1
Proposed Failure-Aware Carbon,0.3,1,Medium,1.0,20268329,351.5396414365333,0.002927347688420683,0.7795561583780567,,14,0,0.0,12,0,0.0,0,COMPLETED,14,61,2,2,61,1
Round Robin,0.3,1,Medium,1.0,20268330,359.58485127940435,0.003524374796634989,1.132847343236412,,17,5,29.411764705882355,5,1,11.416076668458842,2,FAILED_OR_BLOCKED,17,72,7,7,72,2
Least Loaded,0.3,1,Medium,1.0,20268330,359.58485127940435,0.0032870321486268557,0.7920390455620973,,17,6,35.294117647058826,5,1,15.416076668458842,2,FAILED_OR_BLOCKED,17,72,6,6,72,2
Performance Only,0.3,1,Medium,1.0,20268330,359.58485127940435,0.004127235239797905,1.3223822082783172,,20,3,15.0,9,1,5.714285714285715,1,FAILED_OR_BLOCKED,20,72,8,7,72,2
CEDAR-inspired,0.3,1,Medium,1.0,20268330,359.58485127940435,0.004127235239797905,1.3223822082783172,,20,3,15.0,9,1,5.714285714285715,1,FAILED_OR_BLOCKED,20,72,8,7,72,2
Proposed Failure-Aware Carbon,0.3,1,Medium,1.0,20268330,359.58485127940435,0.004632572207508314,1.376108819901142,,22,5,22.727272727272727,9,1,9.166666666666664,2,FAILED_OR_BLOCKED,22,72,8,8,72,2
Round Robin,0.3,1,Medium,1.0,20268331,355.6080799406666,0.005394968045668807,1.8536216645193078,,22,6,27.27272727272727,9,1,6.749289309299347,3,FAILED_OR_BLOCKED,22,76,7,7,76,3
Least Loaded,0.3,1,Medium,1.0,20268331,355.6080799406666,0.005287618419143803,1.7251075800619888,,23,6,26.08695652173913,9,1,4.809523809523808,3,FAILED_OR_BLOCKED,23,76,8,8,76,3
Performance Only,0.3,1,Medium,1.0,20268331,355.6080799406666,0.004419884769755215,1.3144146123989588,,20,6,30.0,9,1,5.357142857142858,2,FAILED_OR_BLOCKED,20,76,5,5,76,3
CEDAR-inspired,0.3,1,Medium,1.0,20268331,355.6080799406666,0.004419884769755215,1.3144146123989588,,20,6,30.0,9,1,5.357142857142858,2,FAILED_OR_BLOCKED,20,76,5,5,76,3
Proposed Failure-Aware Carbon,0.3,1,Medium,1.0,20268331,355.6080799406666,0.00460822140941943,1.5079156042982236,,20,5,25.0,9,1,6.499999999999998,2,FAILED_OR_BLOCKED,20,76,6,6,76,3
Round Robin,0.3,1,High,1.5,20268429,360.41192714654534,0.0030959039900200604,1.5687369012572694,,12,4,33.33333333333333,5,1,6.528300506671915,1,FAILED_OR_BLOCKED,12,58,3,3,58,1
Least Loaded,0.3,1,High,1.5,20268429,360.41192714654534,0.0031011949953110656,1.553340075860444,,12,4,33.33333333333333,5,1,7.004490982862389,1,FAILED_OR_BLOCKED,12,58,3,3,58,1
Performance Only,0.3,1,High,1.5,20268429,360.41192714654534,0.004099269067530372,1.826417887559504,,19,5,26.31578947368421,8,1,6.7785533857298885,3,FAILED_OR_BLOCKED,19,58,6,5,58,1
CEDAR-inspired,0.3,1,High,1.5,20268429,360.41192714654534,0.004099269067530372,1.826417887559504,,19,5,26.31578947368421,8,1,6.7785533857298885,3,FAILED_OR_BLOCKED,19,58,6,5,58,1
Proposed Failure-Aware Carbon,0.3,1,High,1.5,20268429,360.41192714654534,0.0059604825207345575,2.9281576139419503,,24,7,29.166666666666668,10,1,9.714285714285715,3,FAILED_OR_BLOCKED,24,58,7,7,58,1
Round Robin,0.3,1,High,1.5,20268430,360.21954239874754,0.0061271029632951664,3.004564696464353,,30,6,20.0,12,0,7.440476190476191,4,COMPLETED,30,73,12,12,73,2
Least Loaded,0.3,1,High,1.5,20268430,360.21954239874754,0.005002532301957261,2.3648371293284334,,26,6,23.076923076923077,8,2,9.333333333333334,2,FAILED_OR_BLOCKED,26,73,12,11,73,2
Performance Only,0.3,1,High,1.5,20268430,360.21954239874754,0.004403930309206953,1.9890787251968307,,20,4,20.0,8,1,8.57142857142857,2,FAILED_OR_BLOCKED,20,73,8,7,73,2
CEDAR-inspired,0.3,1,High,1.5,20268430,360.21954239874754,0.004403930309206953,1.9890787251968307,,20,4,20.0,8,1,8.57142857142857,2,FAILED_OR_BLOCKED,20,73,8,7,73,2
Proposed Failure-Aware Carbon,0.3,1,High,1.5,20268430,360.21954239874754,0.0044290365996275316,1.9019321114416468,,20,6,30.0,8,1,9.063492063492063,3,FAILED_OR_BLOCKED,20,73,6,5,73,2
Round Robin,0.3,1,High,1.5,20268431,358.23811221976746,0.004275783551365295,2.3436753449138696,,16,6,37.5,8,1,6.198657819889669,3,FAILED_OR_BLOCKED,16,80,2,1,80,3
Least Loaded,0.3,1,High,1.5,20268431,358.23811221976746,0.003954619530201273,2.051262646501171,,16,6,37.5,8,1,4.785959407191256,3,FAILED_OR_BLOCKED,16,80,2,1,80,3
Performance Only,0.3,1,High,1.5,20268431,358.23811221976746,0.004073138048719791,2.087873757612282,,16,6,37.5,8,1,6.332220755277807,3,FAILED_OR_BLOCKED,16,80,2,2,80,3
CEDAR-inspired,0.3,1,High,1.5,20268431,358.23811221976746,0.004073138048719791,2.087873757612282,,16,6,37.5,8,1,6.332220755277807,3,FAILED_OR_BLOCKED,16,80,2,2,80,3
Proposed Failure-Aware Carbon,0.3,1,High,1.5,20268431,358.23811221976746,0.003856373718496903,1.9452186979008714,,15,6,40.0,8,1,5.333333333333333,3,FAILED_OR_BLOCKED,15,80,1,1,80,3
Round Robin,0.3,2,Low,0.5,20268529,356.5091848521241,0.003225965901192853,0.374677720001043,,18,2,11.11111111111111,12,0,6.5,2,COMPLETED,18,77,4,4,77,1
Least Loaded,0.3,2,Low,0.5,20268529,356.5091848521241,0.0033306888143502526,0.35707572746853433,,18,3,16.666666666666664,12,0,5.095238095238095,3,COMPLETED,18,77,3,3,77,1
Performance Only,0.3,2,Low,0.5,20268529,356.5091848521241,0.0033752481995799324,0.4531820638585545,,16,3,18.75,12,0,4.0476190476190474,3,COMPLETED,16,77,1,1,77,1
CEDAR-inspired,0.3,2,Low,0.5,20268529,356.5091848521241,0.003733356010719518,0.44104638367764043,,18,4,22.22222222222222,12,0,4.744047619047619,4,COMPLETED,18,77,2,2,77,1
Proposed Failure-Aware Carbon,0.3,2,Low,0.5,20268529,356.5091848521241,0.0035215444958762287,0.36427465645114704,,17,4,23.52941176470588,12,0,5.25,4,COMPLETED,17,77,1,1,77,1
Round Robin,0.3,2,Low,0.5,20268530,360.38697379208503,0.0038781088043281214,0.6695395387910901,,18,4,22.22222222222222,8,1,9.583059712870076,2,FAILED_OR_BLOCKED,18,72,6,6,72,2
Least Loaded,0.3,2,Low,0.5,20268530,360.38697379208503,0.003834042606595661,0.6080860431176187,,19,4,21.052631578947366,8,1,9.583059712870076,2,FAILED_OR_BLOCKED,19,72,7,7,72,2
Performance Only,0.3,2,Low,0.5,20268530,360.38697379208503,0.004295920841220396,0.6436988592025856,,22,4,18.181818181818183,12,0,7.1347382212784645,3,COMPLETED,22,72,6,6,72,2
CEDAR-inspired,0.3,2,Low,0.5,20268530,360.38697379208503,0.004683506448977033,0.7026285647887305,,22,4,18.181818181818183,12,0,6.531901274371876,4,COMPLETED,22,72,6,6,72,2
Proposed Failure-Aware Carbon,0.3,2,Low,0.5,20268530,360.38697379208503,0.004866575232045816,0.7687185118786775,,22,4,18.181818181818183,12,0,7.406901274371876,4,COMPLETED,22,72,6,6,72,2
Round Robin,0.3,2,Low,0.5,20268531,360.0009929244809,0.005058983309680074,0.8108103590130916,,24,3,12.5,12,0,10.033729063439052,2,COMPLETED,24,65,9,9,65,3
Least Loaded,0.3,2,Low,0.5,20268531,360.0009929244809,0.004837722267806352,0.7043438292549828,,22,4,18.181818181818183,12,0,7.778769293624288,4,COMPLETED,22,65,6,6,65,3
Performance Only,0.3,2,Low,0.5,20268531,360.0009929244809,0.004106487391761809,0.5463434791346417,,20,5,25.0,12,0,5.2262606767809645,5,COMPLETED,20,65,3,3,65,3
CEDAR-inspired,0.3,2,Low,0.5,20268531,360.0009929244809,0.0038147501694975657,0.46533395479349604,,19,4,21.052631578947366,12,0,6.4682539682539675,3,COMPLETED,19,65,3,3,65,3
Proposed Failure-Aware Carbon,0.3,2,Low,0.5,20268531,360.0009929244809,0.004048164492403784,0.4242886025983339,,19,4,21.052631578947366,12,0,7.46031746031746,3,COMPLETED,19,65,3,3,65,3
Round Robin,0.3,2,Medium,1.0,20268629,351.67968781928204,0.005046292634126303,1.593130442737535,,21,6,28.57142857142857,8,1,16.3938713443473,2,FAILED_OR_BLOCKED,21,70,7,6,70,1
Least Loaded,0.3,2,Medium,1.0,20268629,351.67968781928204,0.005327541314207001,1.6009251568656935,,23,8,34.78260869565217,7,2,10.146707661621253,2,FAILED_OR_BLOCKED,23,70,8,7,70,1
Performance Only,0.3,2,Medium,1.0,20268629,351.67968781928204,0.004263296868585436,1.1575075790941491,,20,9,45.0,7,2,9.88159394575577,2,FAILED_OR_BLOCKED,20,70,4,4,70,1
CEDAR-inspired,0.3,2,Medium,1.0,20268629,351.67968781928204,0.003997355253952158,0.9755232995851826,,18,7,38.88888888888889,8,1,12.142857142857142,2,FAILED_OR_BLOCKED,18,70,3,3,70,1
Proposed Failure-Aware Carbon,0.3,2,Medium,1.0,20268629,351.67968781928204,0.004195766439087298,0.9136681448185455,,21,8,38.095238095238095,8,1,12.093711003042488,3,FAILED_OR_BLOCKED,21,70,5,5,70,1
Round Robin,0.3,2,Medium,1.0,20268630,356.10628319440576,0.002959592851779351,1.0755678404013886,,12,2,16.666666666666664,5,1,5.0,1,FAILED_OR_BLOCKED,12,72,5,4,72,2
Least Loaded,0.3,2,Medium,1.0,20268630,356.10628319440576,0.002775885769177564,1.0186755003395762,,10,3,30.0,5,1,5.0,1,FAILED_OR_BLOCKED,10,72,2,2,72,2
Performance Only,0.3,2,Medium,1.0,20268630,356.10628319440576,0.0033523526706400234,0.9537380640273121,,20,2,10.0,8,1,6.295482781339245,2,FAILED_OR_BLOCKED,20,72,10,9,72,2
CEDAR-inspired,0.3,2,Medium,1.0,20268630,356.10628319440576,0.0019062201699045736,0.4131265378950635,,10,3,30.0,5,1,3.5714285714285716,1,FAILED_OR_BLOCKED,10,72,2,2,72,2
Proposed Failure-Aware Carbon,0.3,2,Medium,1.0,20268630,356.10628319440576,0.0019062201699045736,0.4131265378950635,,10,3,30.0,5,1,3.5714285714285716,1,FAILED_OR_BLOCKED,10,72,2,2,72,2
Round Robin,0.3,2,Medium,1.0,20268631,360.1609671193905,0.003582336161897629,1.2648534225668855,,16,0,0.0,9,1,0.0,0,FAILED_OR_BLOCKED,16,71,7,6,71,3
Least Loaded,0.3,2,Medium,1.0,20268631,360.1609671193905,0.0038190126380916265,1.2405383166822956,,17,1,5.88235294117647,12,0,8.0,1,COMPLETED,17,71,4,4,71,3
Performance Only,0.3,2,Medium,1.0,20268631,360.1609671193905,0.0030094105471744994,0.8001655584736279,,15,2,13.333333333333334,12,0,5.714285714285715,1,COMPLETED,15,71,1,1,71,3
CEDAR-inspired,0.3,2,Medium,1.0,20268631,360.1609671193905,0.003239052411515959,0.930738455210476,,16,2,12.5,12,0,5.714285714285715,1,COMPLETED,16,71,2,2,71,3
Proposed Failure-Aware Carbon,0.3,2,Medium,1.0,20268631,360.1609671193905,0.0033857526799230295,0.9452144732046448,,18,2,11.11111111111111,12,0,6.857142857142858,1,COMPLETED,18,71,4,4,71,3
Round Robin,0.3,2,High,1.5,20268729,359.88207430229374,0.004419414483989706,2.2194931397676974,,20,5,25.0,11,1,5.1560806300515685,3,FAILED_OR_BLOCKED,20,60,4,3,60,1
Least Loaded,0.3,2,High,1.5,20268729,359.88207430229374,0.004387308411881321,1.9253698426369017,,20,5,25.0,12,0,8.183858407829346,3,COMPLETED,20,60,3,3,60,1
Performance Only,0.3,2,High,1.5,20268729,359.88207430229374,0.003967274186141769,1.8259678282082406,,18,5,27.77777777777778,11,1,6.666666666666667,2,FAILED_OR_BLOCKED,18,60,2,1,60,1
CEDAR-inspired,0.3,2,High,1.5,20268729,359.88207430229374,0.004538678242828484,2.025484138891218,,20,5,25.0,10,1,7.428571428571429,2,FAILED_OR_BLOCKED,20,60,5,5,60,1
Proposed Failure-Aware Carbon,0.3,2,High,1.5,20268729,359.88207430229374,0.003940422334289918,1.5566067170971298,,17,5,29.411764705882355,10,1,7.428571428571429,2,FAILED_OR_BLOCKED,17,60,2,2,60,1
Round Robin,0.3,2,High,1.5,20268730,357.3721278793512,0.003711235025494834,1.6025579545058752,,16,3,18.75,8,1,14.000000000000002,1,FAILED_OR_BLOCKED,16,71,5,5,71,2
Least Loaded,0.3,2,High,1.5,20268730,357.3721278793512,0.004663005341050725,2.05358952539075,,19,2,10.526315789473683,12,0,12.0,1,COMPLETED,19,71,5,5,71,2
Performance Only,0.3,2,High,1.5,20268730,357.3721278793512,0.0035817085279716008,1.4652976829642528,,16,3,18.75,8,1,4.166666666666666,1,FAILED_OR_BLOCKED,16,71,5,5,71,2
CEDAR-inspired,0.3,2,High,1.5,20268730,357.3721278793512,0.003199856946040538,1.1904327250635285,,15,3,20.0,8,1,4.642857142857142,2,FAILED_OR_BLOCKED,15,71,4,3,71,2
Proposed Failure-Aware Carbon,0.3,2,High,1.5,20268730,357.3721278793512,0.0031452302858494914,1.0871234199084379,,15,4,26.666666666666668,8,1,5.0,1,FAILED_OR_BLOCKED,15,71,3,3,71,2
Round Robin,0.3,2,High,1.5,20268731,356.05384235929165,0.003623695507576749,1.7201761958339916,,18,0,0.0,8,1,0.0,0,FAILED_OR_BLOCKED,18,77,10,9,77,3
Least Loaded,0.3,2,High,1.5,20268731,356.05384235929165,0.00387052570829636,1.7601095231178352,,19,1,5.263157894736842,8,1,0.0,0,FAILED_OR_BLOCKED,19,77,10,10,77,3
Performance Only,0.3,2,High,1.5,20268731,356.05384235929165,0.0029313246088557704,1.5695976579725472,,13,0,0.0,5,1,0.0,0,FAILED_OR_BLOCKED,13,77,8,7,77,3
CEDAR-inspired,0.3,2,High,1.5,20268731,356.05384235929165,0.0022610549655200725,1.0064908770317202,,12,0,0.0,5,1,0.0,0,FAILED_OR_BLOCKED,12,77,7,6,77,3
Proposed Failure-Aware Carbon,0.3,2,High,1.5,20268731,356.05384235929165,0.0022318563525105285,0.915869964437986,,13,1,7.6923076923076925,4,2,0.0,0,FAILED_OR_BLOCKED,13,77,8,7,77,3
Round Robin,0.3,3,Low,0.5,20268829,353.9202333152049,0.0036596172156175134,0.467495672889789,,17,3,17.647058823529413,12,0,6.7857142857142865,2,COMPLETED,17,67,2,2,67,1
Least Loaded,0.3,3,Low,0.5,20268829,353.9202333152049,0.0036129572284412264,0.4322783824011108,,18,2,11.11111111111111,12,0,12.348405366461911,1,COMPLETED,18,67,4,4,67,1
Performance Only,0.3,3,Low,0.5,20268829,353.9202333152049,0.0038856832938264723,0.5176673088887856,,19,4,21.052631578947366,12,0,5.965833539485047,3,COMPLETED,19,67,3,3,67,1
CEDAR-inspired,0.3,3,Low,0.5,20268829,353.9202333152049,0.0038337006970752267,0.4603884378946174,,19,4,21.052631578947366,12,0,6.2436113172628245,3,COMPLETED,19,67,3,3,67,1
Proposed Failure-Aware Carbon,0.3,3,Low,0.5,20268829,353.9202333152049,0.003462599898647625,0.3188714662786253,,17,4,23.52941176470588,12,0,6.047619047619047,3,COMPLETED,17,67,1,1,67,1
Round Robin,0.3,3,Low,0.5,20268830,354.28733551086526,0.005551351780083901,0.8871674364692801,,22,8,36.36363636363637,12,0,7.152480238833931,7,COMPLETED,22,70,2,2,70,2
Least Loaded,0.3,3,Low,0.5,20268830,354.28733551086526,0.004966773045768799,0.6920900655376127,,23,6,26.08695652173913,12,0,8.035125191395172,5,COMPLETED,23,70,5,5,70,2
Performance Only,0.3,3,Low,0.5,20268830,354.28733551086526,0.004868761907128979,0.6695735453286059,,23,7,30.434782608695656,12,0,7.18185776285635,6,COMPLETED,23,70,4,4,70,2
CEDAR-inspired,0.3,3,Low,0.5,20268830,354.28733551086526,0.004421085548308355,0.5462600093799176,,21,6,28.57142857142857,12,0,6.406553762823744,5,COMPLETED,21,70,3,3,70,2
Proposed Failure-Aware Carbon,0.3,3,Low,0.5,20268830,354.28733551086526,0.005220481844600267,0.5392594593820066,,27,11,40.74074074074074,11,1,8.005800953776061,7,FAILED_OR_BLOCKED,27,70,5,5,70,2
Round Robin,0.3,3,Low,0.5,20268831,357.29643003400696,0.0022884016177506087,0.29091361948459205,,11,4,36.36363636363637,5,1,4.0,1,FAILED_OR_BLOCKED,11,72,2,2,72,3
Least Loaded,0.3,3,Low,0.5,20268831,357.29643003400696,0.0048596892957087105,0.6093780302918486,,23,6,26.08695652173913,12,0,6.571428571428571,5,COMPLETED,23,72,5,5,72,3
Performance Only,0.3,3,Low,0.5,20268831,357.29643003400696,0.004266622569959802,0.6177711632717482,,20,6,30.0,12,0,5.748823754943876,5,COMPLETED,20,72,2,2,72,3
CEDAR-inspired,0.3,3,Low,0.5,20268831,357.29643003400696,0.004163183416520649,0.5354404754410601,,20,6,30.0,12,0,6.248823754943876,5,COMPLETED,20,72,2,2,72,3
Proposed Failure-Aware Carbon,0.3,3,Low,0.5,20268831,357.29643003400696,0.004033156961494194,0.44089947015005493,,19,6,31.57894736842105,12,0,6.010934724283651,5,COMPLETED,19,72,1,1,72,3
Round Robin,0.3,3,Medium,1.0,20268929,358.8901998158262,0.0034929020924646358,1.0924685385335702,,16,1,6.25,12,0,6.57113406194609,1,COMPLETED,16,80,3,3,80,1
Least Loaded,0.3,3,Medium,1.0,20268929,358.8901998158262,0.0035378061719290367,1.0458099776967333,,18,2,11.11111111111111,12,0,5.493308796324603,2,COMPLETED,18,80,4,4,80,1
Performance Only,0.3,3,Medium,1.0,20268929,358.8901998158262,0.0027962962962962963,0.8151851851851851,,13,1,7.6923076923076925,12,0,3.333333333333334,1,COMPLETED,13,80,0,0,80,1
CEDAR-inspired,0.3,3,Medium,1.0,20268929,358.8901998158262,0.0028227513227513227,0.7638624338624339,,13,1,7.6923076923076925,12,0,3.333333333333334,1,COMPLETED,13,80,0,0,80,1
Proposed Failure-Aware Carbon,0.3,3,Medium,1.0,20268929,358.8901998158262,0.0031653976348879134,0.7572551235939572,,16,2,12.5,12,0,3.2142857142857144,2,COMPLETED,16,80,2,2,80,1
Round Robin,0.3,3,Medium,1.0,20268930,356.46366603340806,0.00506404754815019,1.505885754170279,,25,5,20.0,10,1,5.2040589731708025,3,FAILED_OR_BLOCKED,25,75,10,10,75,2
Least Loaded,0.3,3,Medium,1.0,20268930,356.46366603340806,0.003699053756651627,1.0395982949416003,,19,3,15.789473684210526,8,1,6.141673340452936,3,FAILED_OR_BLOCKED,19,75,8,7,75,2
Performance Only,0.3,3,Medium,1.0,20268930,356.46366603340806,0.00249365054584226,0.5067899457465259,,16,1,6.25,5,1,0.0,0,FAILED_OR_BLOCKED,16,75,10,9,75,2
CEDAR-inspired,0.3,3,Medium,1.0,20268930,356.46366603340806,0.0028822072316928354,0.8913930242821495,,15,3,20.0,5,1,4.166666666666667,2,FAILED_OR_BLOCKED,15,75,7,6,75,2
Proposed Failure-Aware Carbon,0.3,3,Medium,1.0,20268930,356.46366603340806,0.0015514756748712631,0.27571425125561094,,9,2,22.22222222222222,1,2,0.0,0,FAILED_OR_BLOCKED,9,75,6,4,75,2
Round Robin,0.3,3,Medium,1.0,20268931,358.50357547702237,0.00470543892809311,1.3276828583556581,,23,3,13.043478260869565,12,0,7.745334487353516,3,COMPLETED,23,77,8,8,77,3
Least Loaded,0.3,3,Medium,1.0,20268931,358.50357547702237,0.002768212527141669,0.8179689059136102,,15,3,20.0,5,1,6.769960425294404,2,FAILED_OR_BLOCKED,15,77,7,6,77,3
Performance Only,0.3,3,Medium,1.0,20268931,358.50357547702237,0.003976369920244287,0.908170235332545,,21,4,19.047619047619047,12,0,7.632856900137932,3,COMPLETED,21,77,5,5,77,3
CEDAR-inspired,0.3,3,Medium,1.0,20268931,358.50357547702237,0.0032611286758332542,0.7941477247317308,,21,4,19.047619047619047,6,2,7.274192096970435,1,FAILED_OR_BLOCKED,21,77,11,11,77,3
Proposed Failure-Aware Carbon,0.3,3,Medium,1.0,20268931,358.50357547702237,0.003717215581386587,0.7908483404264531,,19,3,15.789473684210526,12,0,8.833333333333334,2,COMPLETED,19,77,4,4,77,3
Round Robin,0.3,3,High,1.5,20269029,357.31316764767524,0.0058810519778475165,2.7523464450727473,,24,10,41.66666666666667,6,2,12.205465815888031,4,FAILED_OR_BLOCKED,24,67,8,7,67,1
Least Loaded,0.3,3,High,1.5,20269029,357.31316764767524,0.005478556571421932,2.1435360767677465,,28,9,32.142857142857146,12,0,9.091467950140272,6,COMPLETED,28,67,7,7,67,1
Performance Only,0.3,3,High,1.5,20269029,357.31316764767524,0.0053951190466436216,2.0858569478555236,,29,9,31.03448275862069,12,0,7.971638708634777,7,COMPLETED,29,67,8,8,67,1
CEDAR-inspired,0.3,3,High,1.5,20269029,357.31316764767524,0.005215723861369755,1.9808381707753229,,27,10,37.03703703703704,12,0,8.347503110668455,7,COMPLETED,27,67,5,5,67,1
Proposed Failure-Aware Carbon,0.3,3,High,1.5,20269029,357.31316764767524,0.00537828822521936,1.7041967809461265,,26,11,42.30769230769231,12,0,9.575394267131042,7,COMPLETED,26,67,3,3,67,1
Round Robin,0.3,3,High,1.5,20269030,351.7323850057152,0.0028138876443060895,1.3209162118030846,,15,4,26.666666666666668,5,1,5.212937721577628,2,FAILED_OR_BLOCKED,15,68,6,6,68,2
Least Loaded,0.3,3,High,1.5,20269030,351.7323850057152,0.003100579287272698,1.4101946627563093,,16,4,25.0,5,1,11.658650557530372,1,FAILED_OR_BLOCKED,16,68,7,7,68,2
Performance Only,0.3,3,High,1.5,20269030,351.7323850057152,0.004460357460083611,1.8968192790579497,,22,5,22.727272727272727,12,0,5.6174443972203605,5,COMPLETED,22,68,5,5,68,2
CEDAR-inspired,0.3,3,High,1.5,20269030,351.7323850057152,0.004051340155193587,1.697663054247248,,23,4,17.391304347826086,12,0,3.69047619047619,4,COMPLETED,23,68,7,7,68,2
Proposed Failure-Aware Carbon,0.3,3,High,1.5,20269030,351.7323850057152,0.003609898136172802,1.2959768452244935,,20,2,10.0,12,0,4.285714285714286,2,COMPLETED,20,68,6,6,68,2
Round Robin,0.3,3,High,1.5,20269031,357.9932413321957,0.00423858118864731,1.7467648774570983,,21,3,14.285714285714285,7,2,8.118554400040278,2,FAILED_OR_BLOCKED,21,75,11,9,75,3
Least Loaded,0.3,3,High,1.5,20269031,357.9932413321957,0.0038698268526718357,1.6175345538122643,,19,3,15.789473684210526,8,1,7.2165173838036845,3,FAILED_OR_BLOCKED,19,75,8,7,75,3
Performance Only,0.3,3,High,1.5,20269031,357.9932413321957,0.004422027170897022,1.783172578936705,,22,3,13.636363636363635,10,1,7.547125828611707,2,FAILED_OR_BLOCKED,22,75,9,9,75,3
CEDAR-inspired,0.3,3,High,1.5,20269031,357.9932413321957,0.0037274509997717153,1.3777127284007162,,18,5,27.77777777777778,8,2,4.761904761904763,2,FAILED_OR_BLOCKED,18,75,5,4,75,3
Proposed Failure-Aware Carbon,0.3,3,High,1.5,20269031,357.9932413321957,0.0033946676113962414,1.100325884337038,,16,5,31.25,10,1,5.333333333333334,2,FAILED_OR_BLOCKED,16,75,1,1,75,3
Round Robin,0.3,1,Low,0.5,20269129,359.39272742789797,0.004330030903702575,0.7139608007419709,,17,4,23.52941176470588,8,1,5.357142857142857,2,FAILED_OR_BLOCKED,17,70,5,5,70,1
Least Loaded,0.3,1,Low,0.5,20269129,359.39272742789797,0.00386271545982971,0.5611961670885839,,17,4,23.52941176470588,8,1,5.357142857142857,2,FAILED_OR_BLOCKED,17,70,5,5,70,1
Performance Only,0.3,1,Low,0.5,20269129,359.39272742789797,0.003731777452076233,0.5068037015919468,,15,5,33.33333333333333,8,1,13.333333333333332,1,FAILED_OR_BLOCKED,15,70,2,2,70,1
CEDAR-inspired,0.3,1,Low,0.5,20269129,359.39272742789797,0.003731777452076233,0.5068037015919468,,15,5,33.33333333333333,8,1,13.333333333333332,1,FAILED_OR_BLOCKED,15,70,2,2,70,1
Proposed Failure-Aware Carbon,0.3,1,Low,0.5,20269129,359.39272742789797,0.00372334608098056,0.46706672696189894,,16,3,18.75,12,0,10.142857142857142,2,COMPLETED,16,70,1,1,70,1
Round Robin,0.3,1,Low,0.5,20269130,359.72623682515126,0.004132787671500929,0.5468851008417522,,21,4,19.047619047619047,8,1,7.253968253968254,3,FAILED_OR_BLOCKED,21,77,9,8,77,2
Least Loaded,0.3,1,Low,0.5,20269130,359.72623682515126,0.004132787671500929,0.5468851008417522,,21,4,19.047619047619047,8,1,7.253968253968254,3,FAILED_OR_BLOCKED,21,77,9,8,77,2
Performance Only,0.3,1,Low,0.5,20269130,359.72623682515126,0.003944653591044512,0.5188222279954873,,20,4,20.0,9,1,8.098495096711689,3,FAILED_OR_BLOCKED,20,77,7,6,77,2
CEDAR-inspired,0.3,1,Low,0.5,20269130,359.72623682515126,0.003944653591044512,0.5188222279954873,,20,4,20.0,9,1,8.098495096711689,3,FAILED_OR_BLOCKED,20,77,7,6,77,2
Proposed Failure-Aware Carbon,0.3,1,Low,0.5,20269130,359.72623682515126,0.0038743237709822033,0.49916164387502987,,19,4,21.052631578947366,9,1,8.11111111111111,3,FAILED_OR_BLOCKED,19,77,6,5,77,2
Round Robin,0.3,1,Low,0.5,20269131,346.31178399219175,0.004138303276068778,0.6724139742923386,,19,3,15.789473684210526,9,1,6.833333333333334,2,FAILED_OR_BLOCKED,19,67,7,6,67,3
Least Loaded,0.3,1,Low,0.5,20269131,346.31178399219175,0.003938303276068778,0.588747307625672,,19,3,15.789473684210526,9,1,6.833333333333334,2,FAILED_OR_BLOCKED,19,67,7,6,67,3
Performance Only,0.3,1,Low,0.5,20269131,346.31178399219175,0.004410809976046392,0.5425300968951104,,21,5,23.809523809523807,8,1,10.4583045858241,3,FAILED_OR_BLOCKED,21,67,8,7,67,3
CEDAR-inspired,0.3,1,Low,0.5,20269131,346.31178399219175,0.004410809976046392,0.5425300968951104,,21,5,23.809523809523807,8,1,10.4583045858241,3,FAILED_OR_BLOCKED,21,67,8,7,67,3
Proposed Failure-Aware Carbon,0.3,1,Low,0.5,20269131,346.31178399219175,0.004027266236009553,0.554617817746223,,20,2,10.0,12,0,6.071414247811708,2,COMPLETED,20,67,6,6,67,3
Round Robin,0.3,1,Medium,1.0,20269229,360.89378869010125,0.004803715171133188,1.540586357618565,,22,3,13.636363636363635,12,0,6.589588293412109,3,COMPLETED,22,73,7,7,73,1
Least Loaded,0.3,1,Medium,1.0,20269229,360.89378869010125,0.004096806495652996,1.1814111259106697,,20,3,15.0,12,0,5.249786331707351,3,COMPLETED,20,73,5,5,73,1
Performance Only,0.3,1,Medium,1.0,20269229,360.89378869010125,0.004868804085804294,1.3980670462563043,,25,4,16.0,12,0,4.743737450606002,4,COMPLETED,25,73,9,9,73,1
CEDAR-inspired,0.3,1,Medium,1.0,20269229,360.89378869010125,0.004868804085804294,1.3980670462563043,,25,4,16.0,12,0,4.743737450606002,4,COMPLETED,25,73,9,9,73,1
Proposed Failure-Aware Carbon,0.3,1,Medium,1.0,20269229,360.89378869010125,0.004771059184613078,1.33418683913656,,24,5,20.833333333333336,12,0,4.994989960484801,5,COMPLETED,24,73,7,7,73,1
Round Robin,0.3,1,Medium,1.0,20269230,357.6280612939075,0.0036034632110225843,1.126830363029674,,21,3,14.285714285714285,8,1,5.3013278144795155,2,FAILED_OR_BLOCKED,21,70,10,9,70,2
Least Loaded,0.3,1,Medium,1.0,20269230,357.6280612939075,0.0034903517165437606,1.0646190410663214,,21,3,14.285714285714285,8,1,5.3013278144795155,2,FAILED_OR_BLOCKED,21,70,10,9,70,2
Performance Only,0.3,1,Medium,1.0,20269230,357.6280612939075,0.004845850652777251,1.3655508399329526,,29,5,17.24137931034483,12,0,6.430308884272584,5,COMPLETED,29,70,12,12,70,2
CEDAR-inspired,0.3,1,Medium,1.0,20269230,357.6280612939075,0.004845850652777251,1.3655508399329526,,29,5,17.24137931034483,12,0,6.430308884272584,5,COMPLETED,29,70,12,12,70,2
Proposed Failure-Aware Carbon,0.3,1,Medium,1.0,20269230,357.6280612939075,0.004845850652777251,1.3655508399329526,,29,5,17.24137931034483,12,0,6.430308884272584,5,COMPLETED,29,70,12,12,70,2
Round Robin,0.3,1,Medium,1.0,20269231,360.80724415101815,0.003807482755711294,1.1824518940994824,,16,5,31.25,8,1,6.912698412698412,3,FAILED_OR_BLOCKED,16,67,3,2,67,3
Least Loaded,0.3,1,Medium,1.0,20269231,360.80724415101815,0.004132434433574049,1.307111013312964,,20,3,15.0,12,0,5.307965391744846,3,COMPLETED,20,67,5,5,67,3
Performance Only,0.3,1,Medium,1.0,20269231,360.80724415101815,0.004196714319406531,1.1317293615176238,,19,4,21.052631578947366,12,0,8.547877959330384,3,COMPLETED,19,67,3,3,67,3
CEDAR-inspired,0.3,1,Medium,1.0,20269231,360.80724415101815,0.004196714319406531,1.1317293615176238,,19,4,21.052631578947366,12,0,8.547877959330384,3,COMPLETED,19,67,3,3,67,3
Proposed Failure-Aware Carbon,0.3,1,Medium,1.0,20269231,360.80724415101815,0.004453681272053589,1.1882796815495567,,22,5,22.727272727272727,12,0,7.125194183783501,4,COMPLETED,22,67,5,5,67,3
Round Robin,0.3,1,High,1.5,20269329,360.2372887271927,0.003475341485989345,1.5150291411168095,,18,3,16.666666666666664,5,2,12.575125233561575,1,FAILED_OR_BLOCKED,18,73,10,8,73,1
Least Loaded,0.3,1,High,1.5,20269329,360.2372887271927,0.003475341485989345,1.5150291411168095,,18,3,16.666666666666664,5,2,12.575125233561575,1,FAILED_OR_BLOCKED,18,73,10,8,73,1
Performance Only,0.3,1,High,1.5,20269329,360.2372887271927,0.004172306945586023,1.755659987817201,,21,3,14.285714285714285,8,1,5.65079365079365,3,FAILED_OR_BLOCKED,21,73,10,9,73,1
CEDAR-inspired,0.3,1,High,1.5,20269329,360.2372887271927,0.004172306945586023,1.755659987817201,,21,3,14.285714285714285,8,1,5.65079365079365,3,FAILED_OR_BLOCKED,21,73,10,9,73,1
Proposed Failure-Aware Carbon,0.3,1,High,1.5,20269329,360.2372887271927,0.0041500847233638,1.7183266544838678,,21,3,14.285714285714285,8,1,5.65079365079365,3,FAILED_OR_BLOCKED,21,73,10,9,73,1
Round Robin,0.3,1,High,1.5,20269330,358.1778276156926,0.005093299566203294,2.275961169860288,,24,3,12.5,12,0,5.921773416019273,3,COMPLETED,24,75,9,9,75,2
Least Loaded,0.3,1,High,1.5,20269330,358.1778276156926,0.004320660382857987,1.655152891219457,,22,2,9.090909090909092,12,0,4.0,2,COMPLETED,22,75,8,8,75,2
Performance Only,0.3,1,High,1.5,20269330,358.1778276156926,0.004093840399137712,1.6461292635841966,,22,7,31.818181818181817,6,3,5.0,1,FAILED_OR_BLOCKED,22,75,9,7,75,2
CEDAR-inspired,0.3,1,High,1.5,20269330,358.1778276156926,0.004093840399137712,1.6461292635841966,,22,7,31.818181818181817,6,3,5.0,1,FAILED_OR_BLOCKED,22,75,9,7,75,2
Proposed Failure-Aware Carbon,0.3,1,High,1.5,20269330,358.1778276156926,0.004289281992653223,1.6620779806661765,,22,8,36.36363636363637,6,3,5.0,1,FAILED_OR_BLOCKED,22,75,8,7,75,2
Round Robin,0.3,1,High,1.5,20269331,360.6942346365958,0.00503121877622187,2.1360433297126904,,27,7,25.925925925925924,9,1,11.052643315271771,3,FAILED_OR_BLOCKED,27,69,11,10,69,3
Least Loaded,0.3,1,High,1.5,20269331,360.6942346365958,0.005248634534065994,2.011410323711214,,29,8,27.586206896551722,12,0,9.822062179639254,5,COMPLETED,29,69,9,9,69,3
Performance Only,0.3,1,High,1.5,20269331,360.6942346365958,0.002653004705441141,1.101961308064776,,15,4,26.666666666666668,5,1,8.94115512635114,3,FAILED_OR_BLOCKED,15,69,6,5,69,3
CEDAR-inspired,0.3,1,High,1.5,20269331,360.6942346365958,0.002653004705441141,1.101961308064776,,15,4,26.666666666666668,5,1,8.94115512635114,3,FAILED_OR_BLOCKED,15,69,6,5,69,3
Proposed Failure-Aware Carbon,0.3,1,High,1.5,20269331,360.6942346365958,0.002624168726605162,0.9988740064774747,,15,4,26.666666666666668,5,1,9.274488459684472,3,FAILED_OR_BLOCKED,15,69,6,5,69,3
Round Robin,0.3,2,Low,0.5,20269429,352.98965980406945,0.0031972380027536222,0.4564273402313411,,15,1,6.666666666666667,12,0,5.0,1,COMPLETED,15,57,2,2,57,1
Least Loaded,0.3,2,Low,0.5,20269429,352.98965980406945,0.002945382682378249,0.3934012541122408,,14,0,0.0,12,0,0.0,0,COMPLETED,14,57,2,2,57,1
Performance Only,0.3,2,Low,0.5,20269429,352.98965980406945,0.0028322705075771054,0.3708354701191959,,14,0,0.0,12,0,0.0,0,COMPLETED,14,57,2,2,57,1
CEDAR-inspired,0.3,2,Low,0.5,20269429,352.98965980406945,0.0028140188516721505,0.34716112130298415,,14,1,7.142857142857142,12,0,5.0,1,COMPLETED,14,57,1,1,57,1
Proposed Failure-Aware Carbon,0.3,2,Low,0.5,20269429,352.98965980406945,0.0027703680580213564,0.30450239114425404,,14,1,7.142857142857142,12,0,5.0,1,COMPLETED,14,57,1,1,57,1
Round Robin,0.3,2,Low,0.5,20269430,354.2776979267964,0.004731783781328224,0.6378771731068734,,23,6,26.08695652173913,9,1,7.95588755231655,4,FAILED_OR_BLOCKED,23,72,8,7,72,2
Least Loaded,0.3,2,Low,0.5,20269430,354.2776979267964,0.004534443649465294,0.5813779388600359,,22,7,31.818181818181817,9,1,8.541328835206524,4,FAILED_OR_BLOCKED,22,72,6,5,72,2
Performance Only,0.3,2,Low,0.5,20269430,354.2776979267964,0.004446697810585457,0.5176203566561711,,23,7,30.434782608695656,8,2,5.977904084534933,3,FAILED_OR_BLOCKED,23,72,8,6,72,2
CEDAR-inspired,0.3,2,Low,0.5,20269430,354.2776979267964,0.003999594052042352,0.41264234345972,,20,5,25.0,9,1,9.06154932187857,2,FAILED_OR_BLOCKED,20,72,6,5,72,2
Proposed Failure-Aware Carbon,0.3,2,Low,0.5,20269430,354.2776979267964,0.004450746009648194,0.43570906799706355,,22,5,22.727272727272727,12,0,7.291666666666666,4,COMPLETED,22,72,5,5,72,2
Round Robin,0.3,2,Low,0.5,20269431,351.5709951983739,0.005475109233084483,0.8612364481435261,,20,8,40.0,8,1,7.316666666666666,5,FAILED_OR_BLOCKED,20,68,4,3,68,3
Least Loaded,0.3,2,Low,0.5,20269431,351.5709951983739,0.0054802091832310005,0.944648435744473,,23,5,21.73913043478261,12,0,7.10023090177365,5,COMPLETED,23,68,6,6,68,3
Performance Only,0.3,2,Low,0.5,20269431,351.5709951983739,0.004722381543621557,0.5924327738903389,,24,6,25.0,11,1,6.144463966296715,5,FAILED_OR_BLOCKED,24,68,7,6,68,3
CEDAR-inspired,0.3,2,Low,0.5,20269431,351.5709951983739,0.004698572019812033,0.533528011985577,,22,7,31.818181818181817,10,1,8.122772147597077,5,FAILED_OR_BLOCKED,22,68,5,4,68,3
Proposed Failure-Aware Carbon,0.3,2,Low,0.5,20269431,351.5709951983739,0.004465238686478699,0.45652801198557696,,22,7,31.818181818181817,10,1,8.522772147597076,5,FAILED_OR_BLOCKED,22,68,5,4,68,3
Round Robin,0.3,2,Medium,1.0,20269529,360.93301542111374,0.006630077231221364,2.4027510957792795,,25,4,16.0,12,0,7.505422757812074,4,COMPLETED,25,73,9,9,73,1
Least Loaded,0.3,2,Medium,1.0,20269529,360.93301542111374,0.005650878631336008,1.7749126984854424,,23,6,26.08695652173913,12,0,8.679397500923857,5,COMPLETED,23,73,5,5,73,1
Performance Only,0.3,2,Medium,1.0,20269529,360.93301542111374,0.004621599974955192,1.2625033979204259,,21,4,19.047619047619047,12,0,9.75570405791276,3,COMPLETED,21,73,5,5,73,1
CEDAR-inspired,0.3,2,Medium,1.0,20269529,360.93301542111374,0.004703455382309701,1.3358347356520208,,20,4,20.0,12,0,8.103433949551317,4,COMPLETED,20,73,4,4,73,1
Proposed Failure-Aware Carbon,0.3,2,Medium,1.0,20269529,360.93301542111374,0.00464393157278589,1.2246442594615448,,20,4,20.0,12,0,8.103433949551317,4,COMPLETED,20,73,4,4,73,1
Round Robin,0.3,2,Medium,1.0,20269530,356.40413014166586,0.0035027284284712633,1.09567413667675,,16,3,18.75,8,1,5.432473114821307,2,FAILED_OR_BLOCKED,16,68,5,4,68,2
Least Loaded,0.3,2,Medium,1.0,20269530,356.40413014166586,0.004165285536198939,1.199935080496992,,18,4,22.22222222222222,8,1,5.166666666666666,2,FAILED_OR_BLOCKED,18,68,6,6,68,2
Performance Only,0.3,2,Medium,1.0,20269530,356.40413014166586,0.0048283645097975175,1.2386370502150856,,24,8,33.33333333333333,12,0,9.105557188695874,5,COMPLETED,24,68,4,4,68,2
CEDAR-inspired,0.3,2,Medium,1.0,20269530,356.40413014166586,0.00462222911278619,1.2328813750919598,,22,7,31.818181818181817,9,1,11.412900747855488,3,FAILED_OR_BLOCKED,22,68,6,5,68,2
Proposed Failure-Aware Carbon,0.3,2,Medium,1.0,20269530,356.40413014166586,0.003395370837235183,0.7669541910427464,,17,5,29.411764705882355,8,1,5.138755753452139,2,FAILED_OR_BLOCKED,17,68,4,4,68,2
Round Robin,0.3,2,Medium,1.0,20269531,360.9222301450835,0.004494146555492168,1.403963538716758,,19,3,15.789473684210526,12,0,7.21194830069155,3,COMPLETED,19,67,4,4,67,3
Least Loaded,0.3,2,Medium,1.0,20269531,360.9222301450835,0.004412288510969926,1.245347789457529,,19,3,15.789473684210526,12,0,12.111136062982823,2,COMPLETED,19,67,4,4,67,3
Performance Only,0.3,2,Medium,1.0,20269531,360.9222301450835,0.0043311177677394985,1.0579486684464279,,20,3,15.0,12,0,9.96827892012568,2,COMPLETED,20,67,5,5,67,3
CEDAR-inspired,0.3,2,Medium,1.0,20269531,360.9222301450835,0.0038521470185840733,0.8542574436998002,,18,3,16.666666666666664,12,0,7.095238095238096,3,COMPLETED,18,67,3,3,67,3
Proposed Failure-Aware Carbon,0.3,2,Medium,1.0,20269531,360.9222301450835,0.0036988262000071403,0.7955945314600535,,17,3,17.647058823529413,12,0,7.666666666666668,3,COMPLETED,17,67,2,2,67,3
Round Robin,0.3,2,High,1.5,20269629,351.31773670488013,0.005446739330737795,3.191732249399997,,21,4,19.047619047619047,12,0,9.910714285714286,2,COMPLETED,21,70,5,5,70,1
Least Loaded,0.3,2,High,1.5,20269629,351.31773670488013,0.004827042548824068,2.3894034701135136,,22,5,22.727272727272727,12,0,8.134920634920636,3,COMPLETED,22,70,5,5,70,1
Performance Only,0.3,2,High,1.5,20269629,351.31773670488013,0.004228539350670864,2.1143822575593796,,19,4,21.052631578947366,8,1,10.714285714285715,1,FAILED_OR_BLOCKED,19,70,7,7,70,1
CEDAR-inspired,0.3,2,High,1.5,20269629,351.31773670488013,0.004385880228826046,2.1479551101479353,,19,6,31.57894736842105,8,1,6.904761904761905,3,FAILED_OR_BLOCKED,19,70,5,4,70,1
Proposed Failure-Aware Carbon,0.3,2,High,1.5,20269629,351.31773670488013,0.005193718027707135,2.3732035193631713,,22,8,36.36363636363637,8,1,10.496046101975853,4,FAILED_OR_BLOCKED,22,70,6,6,70,1
Round Robin,0.3,2,High,1.5,20269630,360.9144833640281,0.004554507398464538,2.5143744383672626,,17,2,11.76470588235294,8,1,6.666666666666668,1,FAILED_OR_BLOCKED,17,68,7,6,68,2
Least Loaded,0.3,2,High,1.5,20269630,360.9144833640281,0.0039575236285758755,2.080976609072099,,15,2,13.333333333333334,8,1,5.714285714285715,1,FAILED_OR_BLOCKED,15,68,5,5,68,2
Performance Only,0.3,2,High,1.5,20269630,360.9144833640281,0.002888702144992406,1.0725253042559288,,13,2,15.384615384615385,5,1,5.714285714285712,1,FAILED_OR_BLOCKED,13,68,6,5,68,2
CEDAR-inspired,0.3,2,High,1.5,20269630,360.9144833640281,0.004722694593785777,1.8769594963146787,,22,5,22.727272727272727,12,0,7.059523809523809,4,COMPLETED,22,68,5,5,68,2
Proposed Failure-Aware Carbon,0.3,2,High,1.5,20269630,360.9144833640281,0.002116632872058573,0.63741305630479,,10,2,20.0,5,1,0.0,0,FAILED_OR_BLOCKED,10,68,3,2,68,2
Round Robin,0.3,2,High,1.5,20269631,357.81449976356555,0.004318167371001843,2.1877779886830195,,17,2,11.76470588235294,12,0,5.333333333333334,2,COMPLETED,17,66,3,3,66,3
Least Loaded,0.3,2,High,1.5,20269631,357.81449976356555,0.004103702633711918,1.8150804336643835,,19,4,21.052631578947366,12,0,4.749999999999999,4,COMPLETED,19,66,3,3,66,3
Performance Only,0.3,2,High,1.5,20269631,357.81449976356555,0.0034179894179894184,1.4536507936507936,,15,3,20.0,12,0,5.158730158730158,3,COMPLETED,15,66,0,0,66,3
CEDAR-inspired,0.3,2,High,1.5,20269631,357.81449976356555,0.0037095052255258637,1.3915020406996867,,17,3,17.647058823529413,12,0,5.15873015873016,3,COMPLETED,17,66,2,2,66,3
Proposed Failure-Aware Carbon,0.3,2,High,1.5,20269631,357.81449976356555,0.003836765499829119,1.3670465571152786,,19,3,15.789473684210526,12,0,5.476190476190476,3,COMPLETED,19,66,4,4,66,3
Round Robin,0.3,3,Low,0.5,20269729,351.644408624641,0.0052790787091097115,0.9207015170464019,,21,4,19.047619047619047,12,0,7.043650793650793,3,COMPLETED,21,58,5,5,58,1
Least Loaded,0.3,3,Low,0.5,20269729,351.644408624641,0.0044989370660866715,0.7356659343285795,,20,3,15.0,10,1,5.357142857142858,2,FAILED_OR_BLOCKED,20,58,7,6,58,1
Performance Only,0.3,3,Low,0.5,20269729,351.644408624641,0.003907476163640234,0.5233066097312205,,19,5,26.31578947368421,10,1,4.684853566042284,3,FAILED_OR_BLOCKED,19,58,4,3,58,1
CEDAR-inspired,0.3,3,Low,0.5,20269729,351.644408624641,0.003713761905301438,0.5255053308794967,,18,4,22.22222222222222,10,1,4.84126984126984,3,FAILED_OR_BLOCKED,18,58,4,3,58,1
Proposed Failure-Aware Carbon,0.3,3,Low,0.5,20269729,351.644408624641,0.0036695483367381967,0.39888707379032534,,20,3,15.0,12,0,5.614581602992535,3,COMPLETED,20,58,5,5,58,1
Round Robin,0.3,3,Low,0.5,20269730,353.46202300238167,0.003994997283682495,0.6686423855640323,,17,6,35.294117647058826,8,1,5.702587676553832,3,FAILED_OR_BLOCKED,17,62,3,3,62,2
Least Loaded,0.3,3,Low,0.5,20269730,353.46202300238167,0.003705008848900829,0.5346296929832012,,16,9,56.25,5,2,6.666666666666667,3,FAILED_OR_BLOCKED,16,62,2,2,62,2
Performance Only,0.3,3,Low,0.5,20269730,353.46202300238167,0.0035410052910052913,0.5252248677248678,,16,8,50.0,8,1,4.285714285714286,4,FAILED_OR_BLOCKED,16,62,0,0,62,2
CEDAR-inspired,0.3,3,Low,0.5,20269730,353.46202300238167,0.0037556380614973727,0.4800249486694729,,17,8,47.05882352941176,8,1,4.523809523809524,4,FAILED_OR_BLOCKED,17,62,1,1,62,2
Proposed Failure-Aware Carbon,0.3,3,Low,0.5,20269730,353.46202300238167,0.003704315310174622,0.439141350785875,,17,8,47.05882352941176,8,1,4.642857142857142,4,FAILED_OR_BLOCKED,17,62,1,1,62,2
Round Robin,0.3,3,Low,0.5,20269731,356.9257790136582,0.0027626038532419087,0.254782545316987,,16,2,12.5,8,1,7.022126360550811,1,FAILED_OR_BLOCKED,16,80,6,5,80,3
Least Loaded,0.3,3,Low,0.5,20269731,356.9257790136582,0.0037016092865921647,0.4077439813131644,,22,1,4.545454545454546,12,0,4.0,1,COMPLETED,22,80,9,9,80,3
Performance Only,0.3,3,Low,0.5,20269731,356.9257790136582,0.0036153779732807953,0.4020047754909225,,22,1,4.545454545454546,12,0,3.333333333333334,1,COMPLETED,22,80,9,9,80,3
CEDAR-inspired,0.3,3,Low,0.5,20269731,356.9257790136582,0.0036142024750458095,0.41462354454696204,,22,1,4.545454545454546,12,0,4.0,1,COMPLETED,22,80,9,9,80,3
Proposed Failure-Aware Carbon,0.3,3,Low,0.5,20269731,356.9257790136582,0.0026338720249331257,0.22639164244825727,,14,2,14.285714285714285,8,1,7.0,1,FAILED_OR_BLOCKED,14,80,4,3,80,3
Round Robin,0.3,3,Medium,1.0,20269829,355.9316010197789,0.004156362329603292,1.224756615187492,,20,3,15.0,12,0,7.713720285008894,3,COMPLETED,20,68,5,5,68,1
Least Loaded,0.3,3,Medium,1.0,20269829,355.9316010197789,0.0040741913921867896,1.1055571885202384,,18,4,22.22222222222222,12,0,8.609436205642654,3,COMPLETED,18,68,2,2,68,1
Performance Only,0.3,3,Medium,1.0,20269829,355.9316010197789,0.004261545864222623,1.165204500007528,,20,6,30.0,10,1,7.363969888887728,3,FAILED_OR_BLOCKED,20,68,4,3,68,1
CEDAR-inspired,0.3,3,Medium,1.0,20269829,355.9316010197789,0.0035118273389025826,0.8130314876256532,,18,3,16.666666666666664,12,0,9.169389103071389,2,COMPLETED,18,68,3,3,68,1
Proposed Failure-Aware Carbon,0.3,3,Medium,1.0,20269829,355.9316010197789,0.00394446279719659,0.8163532439546785,,18,4,22.22222222222222,12,0,11.365217010720453,3,COMPLETED,18,68,2,2,68,1
Round Robin,0.3,3,Medium,1.0,20269830,342.1345184018709,0.004803123641236254,1.5481707859206144,,19,5,26.31578947368421,9,1,8.916666666666668,2,FAILED_OR_BLOCKED,19,66,5,4,66,2
Least Loaded,0.3,3,Medium,1.0,20269830,342.1345184018709,0.004396925865873326,1.1681217345125912,,19,3,15.789473684210526,12,0,8.359611189925191,3,COMPLETED,19,66,4,4,66,2
Performance Only,0.3,3,Medium,1.0,20269830,342.1345184018709,0.004646374966963439,1.2039124900890315,,24,5,20.833333333333336,12,0,9.850866115186781,3,COMPLETED,24,66,7,7,66,2
CEDAR-inspired,0.3,3,Medium,1.0,20269830,342.1345184018709,0.0030712558975058554,0.850035024065768,,15,1,6.666666666666667,9,1,0.0,0,FAILED_OR_BLOCKED,15,66,5,5,66,2
Proposed Failure-Aware Carbon,0.3,3,Medium,1.0,20269830,342.1345184018709,0.0032291156609618316,0.6938458093996606,,15,2,13.333333333333334,12,0,5.357142857142858,2,COMPLETED,15,66,1,1,66,2
Round Robin,0.3,3,Medium,1.0,20269831,357.8881930050512,0.005315832867533741,1.8135615217141619,,21,6,28.57142857142857,8,1,9.262672506401834,4,FAILED_OR_BLOCKED,21,62,7,7,62,3
Least Loaded,0.3,3,Medium,1.0,20269831,357.8881930050512,0.006102082895055839,1.7236577699048672,,27,8,29.629629629629626,12,0,8.494559448712334,6,COMPLETED,27,62,7,7,62,3
Performance Only,0.3,3,Medium,1.0,20269831,357.8881930050512,0.0049783916319653,1.2257528137227192,,25,9,36.0,8,1,9.20208575705538,5,FAILED_OR_BLOCKED,25,62,8,8,62,3
CEDAR-inspired,0.3,3,Medium,1.0,20269831,357.8881930050512,0.005182440665468943,1.4749258034283361,,27,6,22.22222222222222,12,0,6.279771164667643,5,COMPLETED,27,62,9,9,62,3
Proposed Failure-Aware Carbon,0.3,3,Medium,1.0,20269831,357.8881930050512,0.00472885876310832,0.9442696379920876,,25,7,28.000000000000004,12,0,5.932539682539682,6,COMPLETED,25,62,6,6,62,3
Round Robin,0.3,3,High,1.5,20269929,358.8917232819367,0.001987560998439679,0.840081591354149,,10,1,10.0,5,1,0.0,0,FAILED_OR_BLOCKED,10,71,4,3,71,1
Least Loaded,0.3,3,High,1.5,20269929,358.8917232819367,0.0026207801125063272,1.005312454486928,,13,2,15.384615384615385,4,2,0.0,0,FAILED_OR_BLOCKED,13,71,7,6,71,1
Performance Only,0.3,3,High,1.5,20269929,358.8917232819367,0.0020698653904701117,0.7087727590448837,,11,2,18.181818181818183,5,1,0.0,0,FAILED_OR_BLOCKED,11,71,4,4,71,1
CEDAR-inspired,0.3,3,High,1.5,20269929,358.8917232819367,0.003972234450753959,1.5095919284930888,,23,5,21.73913043478261,6,3,3.333333333333332,1,FAILED_OR_BLOCKED,23,71,12,10,71,1
Proposed Failure-Aware Carbon,0.3,3,High,1.5,20269929,358.8917232819367,0.003548305139080504,0.9666677565365703,,20,2,10.0,12,0,9.525683734835402,2,COMPLETED,20,71,6,6,71,1
Round Robin,0.3,3,High,1.5,20269930,355.68283674718805,0.005419990167518799,2.186512396154645,,28,7,25.0,12,0,6.630436728283898,6,COMPLETED,28,69,9,9,69,2
Least Loaded,0.3,3,High,1.5,20269930,355.68283674718805,0.005137392656141075,1.9696885364157297,,29,5,17.24137931034483,12,0,7.3629430396462014,4,COMPLETED,29,69,12,12,69,2
Performance Only,0.3,3,High,1.5,20269930,355.68283674718805,0.004445957124700394,1.5856910403568367,,25,5,20.0,12,0,5.282163479892937,5,COMPLETED,25,69,8,8,69,2
CEDAR-inspired,0.3,3,High,1.5,20269930,355.68283674718805,0.004371822624758815,1.5003622804490655,,23,5,21.73913043478261,12,0,6.892857142857144,4,COMPLETED,23,69,6,6,69,2
Proposed Failure-Aware Carbon,0.3,3,High,1.5,20269930,355.68283674718805,0.004074663512730013,1.2127303603229376,,23,5,21.73913043478261,12,0,8.144531301364664,3,COMPLETED,23,69,6,6,69,2
Round Robin,0.3,3,High,1.5,20269931,349.26131920435677,0.00387210768516697,1.9742005898686852,,16,2,12.5,12,0,4.5,2,COMPLETED,16,72,2,2,72,3
Least Loaded,0.3,3,High,1.5,20269931,349.26131920435677,0.0031189100473686757,1.2939434910660443,,14,1,7.142857142857142,12,0,4.0,1,COMPLETED,14,72,1,1,72,3
Performance Only,0.3,3,High,1.5,20269931,349.26131920435677,0.003112518260736865,1.3428554395538115,,15,2,13.333333333333334,12,0,4.762748744934785,2,COMPLETED,15,72,1,1,72,3
CEDAR-inspired,0.3,3,High,1.5,20269931,349.26131920435677,0.0030626505358691404,1.199970518918891,,15,2,13.333333333333334,12,0,4.10798684017288,2,COMPLETED,15,72,1,1,72,3
Proposed Failure-Aware Carbon,0.3,3,High,1.5,20269931,349.26131920435677,0.0032777246044018373,1.1425767083976335,,17,3,17.647058823529413,12,0,3.9370705918612856,3,COMPLETED,17,72,2,2,72,3
Round Robin,0.3,1,Low,0.5,20270029,355.0513073564265,0.004205443740710816,0.6278106909077621,,19,4,21.052631578947366,8,1,8.238933863828013,3,FAILED_OR_BLOCKED,19,72,7,7,72,1
Least Loaded,0.3,1,Low,0.5,20270029,355.0513073564265,0.004533219467458416,0.6530281064714587,,19,5,26.31578947368421,8,1,12.357142857142858,2,FAILED_OR_BLOCKED,19,72,6,5,72,1
Performance Only,0.3,1,Low,0.5,20270029,355.0513073564265,0.0022917383835734497,0.3145143222121516,,9,2,22.22222222222222,5,1,0.0,0,FAILED_OR_BLOCKED,9,72,2,2,72,1
CEDAR-inspired,0.3,1,Low,0.5,20270029,355.0513073564265,0.0022917383835734497,0.3145143222121516,,9,2,22.22222222222222,5,1,0.0,0,FAILED_OR_BLOCKED,9,72,2,2,72,1
Proposed Failure-Aware Carbon,0.3,1,Low,0.5,20270029,355.0513073564265,0.0046019805756550075,0.6088581269346619,,21,4,19.047619047619047,12,0,8.809523809523808,3,COMPLETED,21,72,5,5,72,1
Round Robin,0.3,1,Low,0.5,20270030,356.3482069179551,0.00509496833401032,0.8002280816539215,,21,6,28.57142857142857,12,0,6.190476190476191,5,COMPLETED,21,80,3,3,80,2
Least Loaded,0.3,1,Low,0.5,20270030,356.3482069179551,0.004876542917963518,0.7014251436770376,,21,6,28.57142857142857,12,0,6.457142857142857,5,COMPLETED,21,80,3,3,80,2
Performance Only,0.3,1,Low,0.5,20270030,356.3482069179551,0.0035783068783068785,0.48879232804232814,,15,3,20.0,12,0,5.4603174603174605,3,COMPLETED,15,80,0,0,80,2
CEDAR-inspired,0.3,1,Low,0.5,20270030,356.3482069179551,0.0035783068783068785,0.48879232804232814,,15,3,20.0,12,0,5.4603174603174605,3,COMPLETED,15,80,0,0,80,2
Proposed Failure-Aware Carbon,0.3,1,Low,0.5,20270030,356.3482069179551,0.0037608561883883617,0.47516944858170723,,17,3,17.647058823529413,12,0,6.222222222222222,3,COMPLETED,17,80,2,2,80,2
Round Robin,0.3,1,Low,0.5,20270031,357.08751317511866,0.004344968699518098,0.6083705590652247,,21,3,14.285714285714285,12,0,6.755208150104129,3,COMPLETED,21,70,6,6,70,3
Least Loaded,0.3,1,Low,0.5,20270031,357.08751317511866,0.0038462515370200853,0.5290756919642035,,19,3,15.789473684210526,10,1,5.178571428571429,2,FAILED_OR_BLOCKED,19,70,6,5,70,3
Performance Only,0.3,1,Low,0.5,20270031,357.08751317511866,0.0049051078028235955,0.6249738449437793,,23,6,26.08695652173913,12,0,6.381314780104704,5,COMPLETED,23,70,5,5,70,3
CEDAR-inspired,0.3,1,Low,0.5,20270031,357.08751317511866,0.0049051078028235955,0.6249738449437793,,23,6,26.08695652173913,12,0,6.381314780104704,5,COMPLETED,23,70,5,5,70,3
Proposed Failure-Aware Carbon,0.3,1,Low,0.5,20270031,357.08751317511866,0.00438576426690811,0.5305985122237407,,21,4,19.047619047619047,12,0,7.064096062079269,3,COMPLETED,21,70,5,5,70,3
Round Robin,0.3,1,Medium,1.0,20270129,358.83888375795163,0.004883617614727787,1.5341816939617954,,24,3,12.5,12,0,7.1904870605401845,3,COMPLETED,24,67,9,9,67,1
Least Loaded,0.3,1,Medium,1.0,20270129,358.83888375795163,0.0046783266094367814,1.3771129108930125,,24,3,12.5,12,0,7.412709282762406,3,COMPLETED,24,67,9,9,67,1
Performance Only,0.3,1,Medium,1.0,20270129,358.83888375795163,0.0028203855470913617,0.7465749776314377,,14,1,7.142857142857142,8,1,0.0,0,FAILED_OR_BLOCKED,14,67,5,5,67,1
CEDAR-inspired,0.3,1,Medium,1.0,20270129,358.83888375795163,0.0028203855470913617,0.7465749776314377,,14,1,7.142857142857142,8,1,0.0,0,FAILED_OR_BLOCKED,14,67,5,5,67,1
Proposed Failure-Aware Carbon,0.3,1,Medium,1.0,20270129,358.83888375795163,0.0028203855470913617,0.7465749776314377,,14,1,7.142857142857142,8,1,0.0,0,FAILED_OR_BLOCKED,14,67,5,5,67,1
Round Robin,0.3,1,Medium,1.0,20270130,356.97607515448084,0.0059475363782687685,1.9032300348407958,,27,7,25.925925925925924,10,1,9.831157883603069,4,FAILED_OR_BLOCKED,27,74,10,9,74,2
Least Loaded,0.3,1,Medium,1.0,20270130,356.97607515448084,0.003434591217557611,1.0956273649415604,,15,5,33.33333333333333,5,1,10.25,2,FAILED_OR_BLOCKED,15,74,5,4,74,2
Performance Only,0.3,1,Medium,1.0,20270130,356.97607515448084,0.004703131399169287,1.3843547194410384,,20,5,25.0,9,1,11.634920634920634,3,FAILED_OR_BLOCKED,20,74,6,6,74,2
CEDAR-inspired,0.3,1,Medium,1.0,20270130,356.97607515448084,0.004703131399169287,1.3843547194410384,,20,5,25.0,9,1,11.634920634920634,3,FAILED_OR_BLOCKED,20,74,6,6,74,2
Proposed Failure-Aware Carbon,0.3,1,Medium,1.0,20270130,356.97607515448084,0.004703131399169287,1.3843547194410384,,20,5,25.0,9,1,11.634920634920634,3,FAILED_OR_BLOCKED,20,74,6,6,74,2
Round Robin,0.3,1,Medium,1.0,20270131,358.37668581196476,0.004843864346093691,1.4930191796582628,,24,3,12.5,12,0,6.104585034314975,3,COMPLETED,24,75,9,9,75,3
Least Loaded,0.3,1,Medium,1.0,20270131,358.37668581196476,0.004951210802859711,1.4153940276755925,,24,4,16.666666666666664,12,0,5.542889975911663,4,COMPLETED,24,75,8,8,75,3
Performance Only,0.3,1,Medium,1.0,20270131,358.37668581196476,0.0035718970840788095,0.9740161245406287,,16,2,12.5,12,0,4.702380952380954,2,COMPLETED,16,75,2,2,75,3
CEDAR-inspired,0.3,1,Medium,1.0,20270131,358.37668581196476,0.0035718970840788095,0.9740161245406287,,16,2,12.5,12,0,4.702380952380954,2,COMPLETED,16,75,2,2,75,3
Proposed Failure-Aware Carbon,0.3,1,Medium,1.0,20270131,358.37668581196476,0.00354279655497828,0.9171378176623218,,16,2,12.5,12,0,5.0,2,COMPLETED,16,75,2,2,75,3
Round Robin,0.3,1,High,1.5,20270229,356.26012031752094,0.0022645660459103363,1.03033944725166,,10,3,30.0,5,1,0.0,0,FAILED_OR_BLOCKED,10,61,2,2,61,1
Least Loaded,0.3,1,High,1.5,20270229,356.26012031752094,0.0022645660459103363,1.03033944725166,,10,3,30.0,5,1,0.0,0,FAILED_OR_BLOCKED,10,61,2,2,61,1
Performance Only,0.3,1,High,1.5,20270229,356.26012031752094,0.004033964886847863,1.5361555939861504,,20,7,35.0,8,1,7.017857142857143,4,FAILED_OR_BLOCKED,20,61,5,5,61,1
CEDAR-inspired,0.3,1,High,1.5,20270229,356.26012031752094,0.004033964886847863,1.5361555939861504,,20,7,35.0,8,1,7.017857142857143,4,FAILED_OR_BLOCKED,20,61,5,5,61,1
Proposed Failure-Aware Carbon,0.3,1,High,1.5,20270229,356.26012031752094,0.003540090649993588,1.3678010762906156,,17,5,29.411764705882355,8,1,5.8571428571428585,3,FAILED_OR_BLOCKED,17,61,4,4,61,1
Round Robin,0.3,1,High,1.5,20270230,349.465425136034,0.004869905325816743,2.518447475532655,,19,2,10.526315789473683,12,0,10.957932323012727,2,COMPLETED,19,70,5,5,70,2
Least Loaded,0.3,1,High,1.5,20270230,349.465425136034,0.00498353646204261,2.5922152545459056,,19,3,15.789473684210526,9,1,11.493646608727012,2,FAILED_OR_BLOCKED,19,70,7,6,70,2
Performance Only,0.3,1,High,1.5,20270230,349.465425136034,0.005108524786933842,2.5531662773609165,,22,5,22.727272727272727,12,0,5.745761556016533,5,COMPLETED,22,70,5,5,70,2
CEDAR-inspired,0.3,1,High,1.5,20270230,349.465425136034,0.005108524786933842,2.5531662773609165,,22,5,22.727272727272727,12,0,5.745761556016533,5,COMPLETED,22,70,5,5,70,2
Proposed Failure-Aware Carbon,0.3,1,High,1.5,20270230,349.465425136034,0.004504675887757435,2.0502417949207308,,19,4,21.052631578947366,12,0,5.166666666666668,4,COMPLETED,19,70,3,3,70,2
Round Robin,0.3,1,High,1.5,20270231,360.79096186067994,0.004335343017218635,1.990907575865938,,21,4,19.047619047619047,12,0,8.130103424372734,3,COMPLETED,21,72,5,5,72,3
Least Loaded,0.3,1,High,1.5,20270231,360.79096186067994,0.004112459704974621,1.7943621765979603,,20,4,20.0,12,0,8.130103424372734,3,COMPLETED,20,72,4,4,72,3
Performance Only,0.3,1,High,1.5,20270231,360.79096186067994,0.004312592847481217,1.7865973031836646,,20,6,30.0,12,0,7.392857142857143,4,COMPLETED,20,72,2,2,72,3
CEDAR-inspired,0.3,1,High,1.5,20270231,360.79096186067994,0.004312592847481217,1.7865973031836646,,20,6,30.0,12,0,7.392857142857143,4,COMPLETED,20,72,2,2,72,3
Proposed Failure-Aware Carbon,0.3,1,High,1.5,20270231,360.79096186067994,0.0044202905357895676,1.737332093428374,,21,6,28.57142857142857,12,0,6.821428571428571,4,COMPLETED,21,72,3,3,72,3
Round Robin,0.3,2,Low,0.5,20270329,356.8548661206261,0.003325704356245447,0.39938345545805365,,18,2,11.11111111111111,12,0,5.357142857142858,2,COMPLETED,18,58,4,4,58,1
Least Loaded,0.3,2,Low,0.5,20270329,356.8548661206261,0.003930666860614337,0.4463659263514824,,20,5,25.0,12,0,5.3999999999999995,5,COMPLETED,20,58,3,3,58,1
Performance Only,0.3,2,Low,0.5,20270329,356.8548661206261,0.0039105231935455155,0.5406525531059013,,18,5,27.77777777777778,12,0,4.428571428571428,5,COMPLETED,18,58,1,1,58,1
CEDAR-inspired,0.3,2,Low,0.5,20270329,356.8548661206261,0.003895840653862975,0.4635612832646315,,18,5,27.77777777777778,12,0,5.3590239911132755,5,COMPLETED,18,58,1,1,58,1
Proposed Failure-Aware Carbon,0.3,2,Low,0.5,20270329,356.8548661206261,0.003652645502645502,0.33393386243386247,,17,5,29.411764705882355,12,0,5.933333333333333,5,COMPLETED,17,58,0,0,58,1
Round Robin,0.3,2,Low,0.5,20270330,358.2171386096434,0.005478938267007483,0.8010353639211841,,23,7,30.434782608695656,12,0,6.383982027053526,7,COMPLETED,23,71,4,4,71,2
Least Loaded,0.3,2,Low,0.5,20270330,358.2171386096434,0.005620733044530205,0.8823112440768446,,24,7,29.166666666666668,12,0,7.106433538383649,6,COMPLETED,24,71,5,5,71,2
Performance Only,0.3,2,Low,0.5,20270330,358.2171386096434,0.004730467359526304,0.5635330668919085,,24,6,25.0,12,0,5.2093175676348435,6,COMPLETED,24,71,6,6,71,2
CEDAR-inspired,0.3,2,Low,0.5,20270330,358.2171386096434,0.004515841403864795,0.5118947290982379,,24,7,29.166666666666668,12,0,5.212259285776689,7,COMPLETED,24,71,5,5,71,2
Proposed Failure-Aware Carbon,0.3,2,Low,0.5,20270330,358.2171386096434,0.004764421794950004,0.5101077136869451,,24,9,37.5,12,0,5.752063303153963,8,COMPLETED,24,71,3,3,71,2
Round Robin,0.3,2,Low,0.5,20270331,360.8150684006967,0.004635331216912647,0.7034475507146035,,22,8,36.36363636363637,7,2,11.382289890597441,2,FAILED_OR_BLOCKED,22,64,7,7,64,3
Least Loaded,0.3,2,Low,0.5,20270331,360.8150684006967,0.002972236091142626,0.4201890400277813,,17,4,23.52941176470588,5,2,7.431246447861547,1,FAILED_OR_BLOCKED,17,64,8,7,64,3
Performance Only,0.3,2,Low,0.5,20270331,360.8150684006967,0.004382106740598934,0.5645949196674778,,26,7,26.923076923076923,10,1,4.761904761904763,4,FAILED_OR_BLOCKED,26,64,9,8,64,3
CEDAR-inspired,0.3,2,Low,0.5,20270331,360.8150684006967,0.005101076201035776,0.6096453559183009,,28,9,32.142857142857146,9,2,10.533529377939443,3,FAILED_OR_BLOCKED,28,64,10,10,64,3
Proposed Failure-Aware Carbon,0.3,2,Low,0.5,20270331,360.8150684006967,0.004390177468602173,0.5034458208484228,,25,7,28.000000000000004,10,1,10.176386520796587,3,FAILED_OR_BLOCKED,25,64,8,8,64,3
Round Robin,0.3,2,Medium,1.0,20270429,353.37066141758453,0.00272371295536176,0.6584370436110003,,14,2,14.285714285714285,8,1,6.666666666666668,1,FAILED_OR_BLOCKED,14,64,4,3,64,1
Least Loaded,0.3,2,Medium,1.0,20270429,353.37066141758453,0.0026829722146210194,0.6128074139813706,,14,2,14.285714285714285,8,1,8.0,1,FAILED_OR_BLOCKED,14,64,4,3,64,1
Performance Only,0.3,2,Medium,1.0,20270429,353.37066141758453,0.0029749206945145048,0.7279254784691903,,16,1,6.25,12,0,3.571428571428573,1,COMPLETED,16,64,3,3,64,1
CEDAR-inspired,0.3,2,Medium,1.0,20270429,353.37066141758453,0.0032062463243834236,0.7616194637261623,,16,2,12.5,12,0,4.642857142857144,2,COMPLETED,16,64,2,2,64,1
Proposed Failure-Aware Carbon,0.3,2,Medium,1.0,20270429,353.37066141758453,0.003372378073834785,0.6257874962245096,,16,3,18.75,12,0,6.722222222222222,3,COMPLETED,16,64,1,1,64,1
Round Robin,0.3,2,Medium,1.0,20270430,358.6944669036105,0.0043174178314881176,1.0944900273136515,,22,3,13.636363636363635,12,0,5.0969048424367065,3,COMPLETED,22,88,7,7,88,2
Least Loaded,0.3,2,Medium,1.0,20270430,358.6944669036105,0.0036283790021390846,0.8392509949534052,,17,4,23.52941176470588,9,1,6.055555555555556,3,FAILED_OR_BLOCKED,17,88,4,3,88,2
Performance Only,0.3,2,Medium,1.0,20270430,358.6944669036105,0.004230606294676943,1.107347056399483,,21,3,14.285714285714285,12,0,4.563492063492063,3,COMPLETED,21,88,6,6,88,2
CEDAR-inspired,0.3,2,Medium,1.0,20270430,358.6944669036105,0.0036816006695408795,0.8644972207105159,,19,1,5.263157894736842,12,0,4.166666666666668,1,COMPLETED,19,88,6,6,88,2
Proposed Failure-Aware Carbon,0.3,2,Medium,1.0,20270430,358.6944669036105,0.004477594046931517,0.9472211598536336,,23,4,17.391304347826086,12,0,7.238339703227207,4,COMPLETED,23,88,7,7,88,2
Round Robin,0.3,2,Medium,1.0,20270431,358.78285272016757,0.004502378870683489,1.4130662046410611,,19,3,15.789473684210526,12,0,7.776630547087066,3,COMPLETED,19,67,4,4,67,3
Least Loaded,0.3,2,Medium,1.0,20270431,358.78285272016757,0.003560943226262651,1.0775723746593926,,16,1,6.25,12,0,4.285714285714285,1,COMPLETED,16,67,3,3,67,3
Performance Only,0.3,2,Medium,1.0,20270431,358.78285272016757,0.002987485639764639,0.786177272384149,,15,1,6.666666666666667,12,0,4.285714285714285,1,COMPLETED,15,67,2,2,67,3
CEDAR-inspired,0.3,2,Medium,1.0,20270431,358.78285272016757,0.003518076872668388,0.8230371819378133,,18,5,27.77777777777778,10,1,6.270372932131767,2,FAILED_OR_BLOCKED,18,67,3,3,67,3
Proposed Failure-Aware Carbon,0.3,2,Medium,1.0,20270431,358.78285272016757,0.0033053525988128887,0.7200347145959785,,15,2,13.333333333333334,12,0,5.0,2,COMPLETED,15,67,1,1,67,3
Round Robin,0.3,2,High,1.5,20270529,359.36271299346225,0.004760226353558883,2.172164568399121,,20,2,10.0,12,0,8.727854443807136,2,COMPLETED,20,66,6,6,66,1
Least Loaded,0.3,2,High,1.5,20270529,359.36271299346225,0.003643382158532848,1.6049221139275551,,16,1,6.25,12,0,11.64794590601298,1,COMPLETED,16,66,3,3,66,1
Performance Only,0.3,2,High,1.5,20270529,359.36271299346225,0.0031429200052681635,1.229326426492751,,15,1,6.666666666666667,12,0,6.93517047711048,1,COMPLETED,15,66,2,2,66,1
CEDAR-inspired,0.3,2,High,1.5,20270529,359.36271299346225,0.0034788988412469994,1.2144851566514814,,16,2,12.5,12,0,8.727854443807136,2,COMPLETED,16,66,2,2,66,1
Proposed Failure-Aware Carbon,0.3,2,High,1.5,20270529,359.36271299346225,0.0029950730687653385,1.0110051031666245,,15,2,13.333333333333334,12,0,3.7857142857142856,2,COMPLETED,15,66,1,1,66,1
Round Robin,0.3,2,High,1.5,20270530,356.5255092852899,0.004674369973188399,1.8111931104533587,,22,6,27.27272727272727,12,0,10.400092224296023,3,COMPLETED,22,59,4,4,59,2
Least Loaded,0.3,2,High,1.5,20270530,356.5255092852899,0.004805716344908602,1.9393945559781685,,21,6,28.57142857142857,12,0,14.33403834878729,3,COMPLETED,21,59,3,3,59,2
Performance Only,0.3,2,High,1.5,20270530,356.5255092852899,0.0044779119068850326,1.8150603580982647,,21,8,38.095238095238095,12,0,9.107142857142856,4,COMPLETED,21,59,1,1,59,2
CEDAR-inspired,0.3,2,High,1.5,20270530,356.5255092852899,0.004370634920634921,1.5644523809523811,,20,8,40.0,12,0,9.761904761904763,4,COMPLETED,20,59,0,0,59,2
Proposed Failure-Aware Carbon,0.3,2,High,1.5,20270530,356.5255092852899,0.004292857142857143,1.3487857142857145,,20,8,40.0,12,0,10.261904761904763,4,COMPLETED,20,59,0,0,59,2
Round Robin,0.3,2,High,1.5,20270531,359.7319679440107,0.003827993172849266,2.0013946328224055,,17,2,11.76470588235294,8,1,7.543093098221206,2,FAILED_OR_BLOCKED,17,72,7,6,72,3
Least Loaded,0.3,2,High,1.5,20270531,359.7319679440107,0.003643826510531674,1.6768263622621176,,17,2,11.76470588235294,8,1,7.5,2,FAILED_OR_BLOCKED,17,72,7,6,72,3
Performance Only,0.3,2,High,1.5,20270531,359.7319679440107,0.0034573852908562352,1.298003737852215,,19,3,15.789473684210526,9,1,4.761904761904763,2,FAILED_OR_BLOCKED,19,72,7,6,72,3
CEDAR-inspired,0.3,2,High,1.5,20270531,359.7319679440107,0.003972752705762488,1.4967701070144748,,22,2,9.090909090909092,12,0,4.285714285714283,2,COMPLETED,22,72,8,8,72,3
Proposed Failure-Aware Carbon,0.3,2,High,1.5,20270531,359.7319679440107,0.0026061618025749176,0.8836086439853507,,14,1,7.142857142857142,8,1,8.0,1,FAILED_OR_BLOCKED,14,72,5,4,72,3
Round Robin,0.3,3,Low,0.5,20270629,355.69546551583727,0.004128738801626131,0.615958771487177,,18,3,16.666666666666664,8,1,5.583333333333335,2,FAILED_OR_BLOCKED,18,65,7,6,65,1
Least Loaded,0.3,3,Low,0.5,20270629,355.69546551583727,0.0045929682923797795,0.67437607529906,,23,3,13.043478260869565,12,0,9.320786049775787,2,COMPLETED,23,65,8,8,65,1
Performance Only,0.3,3,Low,0.5,20270629,355.69546551583727,0.005370678672095419,0.7339105365307034,,24,8,33.33333333333333,7,2,6.114874692365366,4,FAILED_OR_BLOCKED,24,65,9,8,65,1
CEDAR-inspired,0.3,3,Low,0.5,20270629,355.69546551583727,0.0044486923950721145,0.5985002748757543,,22,3,13.636363636363635,12,0,7.269726692201626,3,COMPLETED,22,65,7,7,65,1
Proposed Failure-Aware Carbon,0.3,3,Low,0.5,20270629,355.69546551583727,0.0026248853285589678,0.32348044772374906,,14,2,14.285714285714285,8,1,3.5714285714285716,1,FAILED_OR_BLOCKED,14,65,4,3,65,1
Round Robin,0.3,3,Low,0.5,20270630,354.8505483356828,0.004626874304947731,0.658823379826131,,21,3,14.285714285714285,10,1,8.236164930746224,2,FAILED_OR_BLOCKED,21,63,8,7,63,2
Least Loaded,0.3,3,Low,0.5,20270630,354.8505483356828,0.004675624346608744,0.7393086565537359,,19,5,26.31578947368421,9,1,6.1696428571428585,4,FAILED_OR_BLOCKED,19,63,5,4,63,2
Performance Only,0.3,3,Low,0.5,20270630,354.8505483356828,0.004010985940116843,0.5444294894740793,,22,3,13.636363636363635,12,0,5.000000000000001,3,COMPLETED,22,63,7,7,63,2
CEDAR-inspired,0.3,3,Low,0.5,20270630,354.8505483356828,0.004316391338812195,0.538514355805315,,23,5,21.73913043478261,12,0,6.342791883505454,5,COMPLETED,23,63,6,6,63,2
Proposed Failure-Aware Carbon,0.3,3,Low,0.5,20270630,354.8505483356828,0.004935595248687131,0.559803019664103,,24,5,20.833333333333336,12,0,8.545574048755459,4,COMPLETED,24,63,7,7,63,2
Round Robin,0.3,3,Low,0.5,20270631,354.2129213083795,0.0022303286106272993,0.3193137096981977,,14,1,7.142857142857142,5,1,0.0,0,FAILED_OR_BLOCKED,14,71,8,8,71,3
Least Loaded,0.3,3,Low,0.5,20270631,354.2129213083795,0.0024440668906813706,0.3511253691309111,,14,2,14.285714285714285,5,1,4.2857142857142865,1,FAILED_OR_BLOCKED,14,71,7,7,71,3
Performance Only,0.3,3,Low,0.5,20270631,354.2129213083795,0.0031953350642069164,0.3882057776308307,,17,3,17.647058823529413,5,1,4.403379914286286,2,FAILED_OR_BLOCKED,17,71,9,8,71,3
CEDAR-inspired,0.3,3,Low,0.5,20270631,354.2129213083795,0.005049446511183242,0.6350880496195483,,28,6,21.428571428571427,12,0,5.509964403896864,5,COMPLETED,28,71,10,10,71,3
Proposed Failure-Aware Carbon,0.3,3,Low,0.5,20270631,354.2129213083795,0.003854523801896738,0.3596361761179588,,23,4,17.391304347826086,12,0,3.8504994809526667,4,COMPLETED,23,71,7,7,71,3
Round Robin,0.3,3,Medium,1.0,20270729,360.27185615629503,0.004074333026149643,1.060466231612362,,24,5,20.833333333333336,7,2,7.781007769644464,1,FAILED_OR_BLOCKED,24,68,12,11,68,1
Least Loaded,0.3,3,Medium,1.0,20270729,360.27185615629503,0.003848457459476205,0.9179469184806663,,23,4,17.391304347826086,8,1,12.142857142857142,2,FAILED_OR_BLOCKED,23,68,11,10,68,1
Performance Only,0.3,3,Medium,1.0,20270729,360.27185615629503,0.003167441185318133,0.7225196643814511,,19,2,10.526315789473683,8,1,4.166666666666667,1,FAILED_OR_BLOCKED,19,68,9,8,68,1
CEDAR-inspired,0.3,3,Medium,1.0,20270729,360.27185615629503,0.0019182072948203991,0.41260487924866573,,11,2,18.181818181818183,2,2,0.0,0,FAILED_OR_BLOCKED,11,68,7,6,68,1
Proposed Failure-Aware Carbon,0.3,3,Medium,1.0,20270729,360.27185615629503,0.0046284260275170335,0.9017815825124165,,24,7,29.166666666666668,12,0,9.434870064030866,4,COMPLETED,24,68,5,5,68,1
Round Robin,0.3,3,Medium,1.0,20270730,357.9752498383226,0.005281659752501804,1.6624600068404196,,23,4,17.391304347826086,12,0,8.175551957170883,4,COMPLETED,23,74,7,7,74,2
Least Loaded,0.3,3,Medium,1.0,20270730,357.9752498383226,0.005397442225079389,1.5390540864642779,,25,6,24.0,12,0,8.716474875695644,5,COMPLETED,25,74,7,7,74,2
Performance Only,0.3,3,Medium,1.0,20270730,357.9752498383226,0.00491346605518011,1.30499945408916,,27,8,29.629629629629626,12,0,6.119911326262722,7,COMPLETED,27,74,7,7,74,2
CEDAR-inspired,0.3,3,Medium,1.0,20270730,357.9752498383226,0.004026414141413179,0.9506749172854374,,20,6,30.0,9,1,4.2471907023598305,4,FAILED_OR_BLOCKED,20,74,5,4,74,2
Proposed Failure-Aware Carbon,0.3,3,Medium,1.0,20270730,357.9752498383226,0.004335938823891061,0.8399156479967558,,22,6,27.27272727272727,12,0,4.913179669533803,6,COMPLETED,22,74,4,4,74,2
Round Robin,0.3,3,Medium,1.0,20270731,357.74322457413723,0.005963116027560231,2.1694288517182856,,24,5,20.833333333333336,12,0,6.280200684189865,5,COMPLETED,24,64,7,7,64,3
Least Loaded,0.3,3,Medium,1.0,20270731,357.74322457413723,0.0042098530463632365,1.266040493440015,,20,5,25.0,10,1,6.995183780117831,3,FAILED_OR_BLOCKED,20,64,5,5,64,3
Performance Only,0.3,3,Medium,1.0,20270731,357.74322457413723,0.0043736874091676245,1.2051432597873244,,22,8,36.36363636363637,10,1,5.924959263659801,4,FAILED_OR_BLOCKED,22,64,4,4,64,3
CEDAR-inspired,0.3,3,Medium,1.0,20270731,357.74322457413723,0.003434841698246556,0.8126340197002045,,17,4,23.52941176470588,9,1,5.416666666666669,2,FAILED_OR_BLOCKED,17,64,4,4,64,3
Proposed Failure-Aware Carbon,0.3,3,Medium,1.0,20270731,357.74322457413723,0.004285023815525267,0.938128268113282,,22,7,31.818181818181817,10,1,5.904889707943836,3,FAILED_OR_BLOCKED,22,64,5,5,64,3
Round Robin,0.3,3,High,1.5,20270829,358.3211711691467,0.004817987137160569,2.2495660313410006,,22,2,9.090909090909092,8,1,5.833333333333334,1,FAILED_OR_BLOCKED,22,74,12,11,74,1
Least Loaded,0.3,3,High,1.5,20270829,358.3211711691467,0.004177285938306355,2.040190141809906,,22,2,9.090909090909092,8,2,3.333333333333334,1,FAILED_OR_BLOCKED,22,74,12,10,74,1
Performance Only,0.3,3,High,1.5,20270829,358.3211711691467,0.0055829081463353355,2.900140468521539,,27,7,25.925925925925924,8,2,4.642857142857143,5,FAILED_OR_BLOCKED,27,74,12,11,74,1
CEDAR-inspired,0.3,3,High,1.5,20270829,358.3211711691467,0.005565099272504847,2.7318280377268125,,25,7,28.000000000000004,7,2,4.476190476190476,5,FAILED_OR_BLOCKED,25,74,11,11,74,1
Proposed Failure-Aware Carbon,0.3,3,High,1.5,20270829,358.3211711691467,0.00510876347923095,2.2758634568463747,,23,6,26.08695652173913,8,1,4.952812601414378,4,FAILED_OR_BLOCKED,23,74,9,9,74,1
Round Robin,0.3,3,High,1.5,20270830,359.4390151649035,0.0045210265794734614,2.041867744635983,,19,5,26.31578947368421,10,1,9.65052699838894,2,FAILED_OR_BLOCKED,19,62,4,3,62,2
Least Loaded,0.3,3,High,1.5,20270830,359.4390151649035,0.004995703398170534,2.314184303651388,,22,5,22.727272727272727,12,0,9.314637046545007,3,COMPLETED,22,62,5,5,62,2
Performance Only,0.3,3,High,1.5,20270830,359.4390151649035,0.0039338624338624345,1.7524603174603175,,18,6,33.33333333333333,12,0,6.428571428571429,4,COMPLETED,18,62,0,0,62,2
CEDAR-inspired,0.3,3,High,1.5,20270830,359.4390151649035,0.003953439153439154,1.6274920634920635,,18,6,33.33333333333333,12,0,6.696428571428571,4,COMPLETED,18,62,0,0,62,2
Proposed Failure-Aware Carbon,0.3,3,High,1.5,20270830,359.4390151649035,0.004056860530051326,1.277377752552096,,19,6,31.57894736842105,12,0,8.26573968967066,4,COMPLETED,19,62,1,1,62,2
Round Robin,0.3,3,High,1.5,20270831,360.4263331899033,0.004371441420951598,1.7488426936737653,,22,4,18.181818181818183,12,0,8.055555555555555,3,COMPLETED,22,64,6,6,64,3
Least Loaded,0.3,3,High,1.5,20270831,360.4263331899033,0.003926587890898025,1.6349427243736574,,20,5,25.0,8,1,6.255056361658134,3,FAILED_OR_BLOCKED,20,64,7,7,64,3
Performance Only,0.3,3,High,1.5,20270831,360.4263331899033,0.004091198737077761,1.7268686267652003,,20,4,20.0,12,0,5.113911318862648,4,COMPLETED,20,64,4,4,64,3
CEDAR-inspired,0.3,3,High,1.5,20270831,360.4263331899033,0.0037768820817708397,1.4689816874326416,,19,4,21.052631578947366,12,0,5.292482747434076,4,COMPLETED,19,64,3,3,64,3
Proposed Failure-Aware Carbon,0.3,3,High,1.5,20270831,360.4263331899033,0.00418219199592631,1.4186568009062406,,22,5,22.727272727272727,12,0,6.581767036008461,5,COMPLETED,22,64,5,5,64,3
Round Robin,0.3,1,Low,0.5,20270929,356.01273018667854,0.004257210678904682,0.6973556340958148,,19,5,26.31578947368421,8,1,6.502604322372016,4,FAILED_OR_BLOCKED,19,71,6,5,71,1
Least Loaded,0.3,1,Low,0.5,20270929,356.01273018667854,0.004257210678904682,0.6973556340958148,,19,5,26.31578947368421,8,1,6.502604322372016,4,FAILED_OR_BLOCKED,19,71,6,5,71,1
Performance Only,0.3,1,Low,0.5,20270929,356.01273018667854,0.0029119643152306514,0.4201713999810138,,13,4,30.76923076923077,5,1,5.0,1,FAILED_OR_BLOCKED,13,71,4,4,71,1
CEDAR-inspired,0.3,1,Low,0.5,20270929,356.01273018667854,0.0029119643152306514,0.4201713999810138,,13,4,30.76923076923077,5,1,5.0,1,FAILED_OR_BLOCKED,13,71,4,4,71,1
Proposed Failure-Aware Carbon,0.3,1,Low,0.5,20270929,356.01273018667854,0.0029119643152306514,0.4201713999810138,,13,4,30.76923076923077,5,1,5.0,1,FAILED_OR_BLOCKED,13,71,4,4,71,1
Round Robin,0.3,1,Low,0.5,20270930,357.38435908350243,0.005161477545625391,0.7480717253735565,,27,6,22.22222222222222,11,1,8.156373751025194,3,FAILED_OR_BLOCKED,27,71,10,10,71,2
Least Loaded,0.3,1,Low,0.5,20270930,357.38435908350243,0.004589401259628723,0.607347908374554,,25,5,20.0,12,0,7.293576149623942,4,COMPLETED,25,71,8,8,71,2
Performance Only,0.3,1,Low,0.5,20270930,357.38435908350243,0.00408320089616408,0.5504215927861986,,21,4,19.047619047619047,12,0,5.809523809523809,3,COMPLETED,21,71,5,5,71,2
CEDAR-inspired,0.3,1,Low,0.5,20270930,357.38435908350243,0.00408320089616408,0.5504215927861986,,21,4,19.047619047619047,12,0,5.809523809523809,3,COMPLETED,21,71,5,5,71,2
Proposed Failure-Aware Carbon,0.3,1,Low,0.5,20270930,357.38435908350243,0.004156241618951818,0.5370250601358844,,23,4,17.391304347826086,12,0,6.607451266851544,3,COMPLETED,23,71,7,7,71,2
Round Robin,0.3,1,Low,0.5,20270931,358.5725863831119,0.004222751322751323,0.7580145502645503,,15,3,20.0,12,0,7.410714285714285,2,COMPLETED,15,62,0,0,62,3
Least Loaded,0.3,1,Low,0.5,20270931,358.5725863831119,0.003931481481481482,0.642462962962963,,15,3,20.0,12,0,8.410714285714285,2,COMPLETED,15,62,0,0,62,3
Performance Only,0.3,1,Low,0.5,20270931,358.5725863831119,0.003438095238095238,0.4693809523809524,,15,3,20.0,12,0,6.7857142857142865,2,COMPLETED,15,62,0,0,62,3
CEDAR-inspired,0.3,1,Low,0.5,20270931,358.5725863831119,0.003438095238095238,0.4693809523809524,,15,3,20.0,12,0,6.7857142857142865,2,COMPLETED,15,62,0,0,62,3
Proposed Failure-Aware Carbon,0.3,1,Low,0.5,20270931,358.5725863831119,0.0034417989417989416,0.47145502645502646,,15,3,20.0,12,0,6.3690476190476195,2,COMPLETED,15,62,0,0,62,3
Round Robin,0.3,1,Medium,1.0,20271029,360.6920500847566,0.004097594047103856,1.1566950217815164,,19,3,15.789473684210526,12,0,4.956294141382783,3,COMPLETED,19,65,4,4,65,1
Least Loaded,0.3,1,Medium,1.0,20271029,360.6920500847566,0.00403834212984012,1.1474691237930186,,18,3,16.666666666666664,12,0,4.904761904761905,3,COMPLETED,18,65,3,3,65,1
Performance Only,0.3,1,Medium,1.0,20271029,360.6920500847566,0.0029645880831766632,0.7157210546565289,,16,2,12.5,10,1,0.0,0,FAILED_OR_BLOCKED,16,65,4,3,65,1
CEDAR-inspired,0.3,1,Medium,1.0,20271029,360.6920500847566,0.0029645880831766632,0.7157210546565289,,16,2,12.5,10,1,0.0,0,FAILED_OR_BLOCKED,16,65,4,3,65,1
Proposed Failure-Aware Carbon,0.3,1,Medium,1.0,20271029,360.6920500847566,0.0029332567695284258,0.6322696198271855,,16,1,6.25,12,0,4.0,1,COMPLETED,16,65,3,3,65,1
Round Robin,0.3,1,Medium,1.0,20271030,349.9718477906979,0.003610114686128993,1.200923843953544,,17,2,11.76470588235294,9,1,7.0,1,FAILED_OR_BLOCKED,17,67,6,5,67,2
Least Loaded,0.3,1,Medium,1.0,20271030,349.9718477906979,0.003629828536293004,1.2067758346789637,,15,1,6.666666666666667,12,0,7.0,1,COMPLETED,15,67,2,2,67,2
Performance Only,0.3,1,Medium,1.0,20271030,349.9718477906979,0.003590245572562482,1.0463586175174786,,16,1,6.25,12,0,5.833333333333336,1,COMPLETED,16,67,3,3,67,2
CEDAR-inspired,0.3,1,Medium,1.0,20271030,349.9718477906979,0.003590245572562482,1.0463586175174786,,16,1,6.25,12,0,5.833333333333336,1,COMPLETED,16,67,3,3,67,2
Proposed Failure-Aware Carbon,0.3,1,Medium,1.0,20271030,349.9718477906979,0.003120622005404793,1.0077457977225848,,14,1,7.142857142857142,9,1,0.0,0,FAILED_OR_BLOCKED,14,67,4,3,67,2
Round Robin,0.3,1,Medium,1.0,20271031,352.9699278461825,0.0034827416541988645,1.0493416272714435,,19,4,21.052631578947366,5,1,10.506983167482215,2,FAILED_OR_BLOCKED,19,87,10,10,87,3
Least Loaded,0.3,1,Medium,1.0,20271031,352.9699278461825,0.0035986198484756707,1.0764593718661508,,20,5,25.0,4,2,10.506983167482215,2,FAILED_OR_BLOCKED,20,87,11,10,87,3
Performance Only,0.3,1,Medium,1.0,20271031,352.9699278461825,0.00260037296376869,0.6777453480512567,,15,1,6.666666666666667,4,2,5.0,1,FAILED_OR_BLOCKED,15,87,10,8,87,3
CEDAR-inspired,0.3,1,Medium,1.0,20271031,352.9699278461825,0.00260037296376869,0.6777453480512567,,15,1,6.666666666666667,4,2,5.0,1,FAILED_OR_BLOCKED,15,87,10,8,87,3
Proposed Failure-Aware Carbon,0.3,1,Medium,1.0,20271031,352.9699278461825,0.0025803075292896486,0.6711308956866949,,15,1,6.666666666666667,4,2,5.0,1,FAILED_OR_BLOCKED,15,87,10,8,87,3
Round Robin,0.3,1,High,1.5,20271129,352.70340918622003,0.0037107211975029412,1.7522463307339171,,18,5,27.77777777777778,7,2,0.0,0,FAILED_OR_BLOCKED,18,56,6,4,56,1
Least Loaded,0.3,1,High,1.5,20271129,352.70340918622003,0.004548185227792411,2.0031683005673115,,21,5,23.809523809523807,9,1,21.0,1,FAILED_OR_BLOCKED,21,56,7,6,56,1
Performance Only,0.3,1,High,1.5,20271129,352.70340918622003,0.004828800216201608,2.2740871076892715,,23,6,26.08695652173913,8,2,21.0,1,FAILED_OR_BLOCKED,23,56,9,7,56,1
CEDAR-inspired,0.3,1,High,1.5,20271129,352.70340918622003,0.004828800216201608,2.2740871076892715,,23,6,26.08695652173913,8,2,21.0,1,FAILED_OR_BLOCKED,23,56,9,7,56,1
Proposed Failure-Aware Carbon,0.3,1,High,1.5,20271129,352.70340918622003,0.004871201820368702,2.1474946044859786,,23,5,21.73913043478261,12,0,6.531667852647882,4,COMPLETED,23,56,6,6,56,1
Round Robin,0.3,1,High,1.5,20271130,358.9836218332126,0.003764927789621302,1.923048971730677,,16,3,18.75,8,1,5.357142857142858,2,FAILED_OR_BLOCKED,16,74,5,4,74,2
Least Loaded,0.3,1,High,1.5,20271130,358.9836218332126,0.0039545170475273105,1.8198538205685424,,16,5,31.25,6,2,5.0,1,FAILED_OR_BLOCKED,16,74,5,4,74,2
Performance Only,0.3,1,High,1.5,20271130,358.9836218332126,0.0039005916444510742,1.8989281512981415,,16,5,31.25,8,1,8.32598164851353,2,FAILED_OR_BLOCKED,16,74,3,2,74,2
CEDAR-inspired,0.3,1,High,1.5,20271130,358.9836218332126,0.0039005916444510742,1.8989281512981415,,16,5,31.25,8,1,8.32598164851353,2,FAILED_OR_BLOCKED,16,74,3,2,74,2
Proposed Failure-Aware Carbon,0.3,1,High,1.5,20271130,358.9836218332126,0.004078531391575842,1.842960090149626,,17,7,41.17647058823529,6,2,10.937677582741344,1,FAILED_OR_BLOCKED,17,74,4,4,74,2
Round Robin,0.3,1,High,1.5,20271131,358.9567689776691,0.0045379212236124275,2.084506393322185,,21,3,14.285714285714285,12,0,5.263826274588014,3,COMPLETED,21,70,6,6,70,3
Least Loaded,0.3,1,High,1.5,20271131,358.9567689776691,0.004523106408797613,2.059617504433296,,21,3,14.285714285714285,12,0,5.263826274588014,3,COMPLETED,21,70,6,6,70,3
Performance Only,0.3,1,High,1.5,20271131,358.9567689776691,0.0038574105773996428,1.8249873959338276,,18,3,16.666666666666664,9,1,5.416666666666667,2,FAILED_OR_BLOCKED,18,70,6,5,70,3
CEDAR-inspired,0.3,1,High,1.5,20271131,358.9567689776691,0.0038574105773996428,1.8249873959338276,,18,3,16.666666666666664,9,1,5.416666666666667,2,FAILED_OR_BLOCKED,18,70,6,5,70,3
Proposed Failure-Aware Carbon,0.3,1,High,1.5,20271131,358.9567689776691,0.003964362568651797,1.8351681548563528,,18,2,11.11111111111111,12,0,5.416666666666667,2,COMPLETED,18,70,4,4,70,3
Round Robin,0.3,2,Low,0.5,20271229,357.8142267358543,0.0025068698299490163,0.2879866545426588,,15,4,26.666666666666668,5,1,9.456104006376503,2,FAILED_OR_BLOCKED,15,87,6,5,87,1
Least Loaded,0.3,2,Low,0.5,20271229,357.8142267358543,0.0023910751186637454,0.24645146342942664,,14,4,28.57142857142857,5,1,9.480102291999128,2,FAILED_OR_BLOCKED,14,87,5,4,87,1
Performance Only,0.3,2,Low,0.5,20271229,357.8142267358543,0.002918692002888109,0.38641264074936404,,15,4,26.666666666666668,5,1,6.304284586234724,2,FAILED_OR_BLOCKED,15,87,6,6,87,1
CEDAR-inspired,0.3,2,Low,0.5,20271229,357.8142267358543,0.0035853282236356634,0.4255191785668097,,19,4,21.052631578947366,8,1,7.623059707949712,3,FAILED_OR_BLOCKED,19,87,7,6,87,1
Proposed Failure-Aware Carbon,0.3,2,Low,0.5,20271229,357.8142267358543,0.0050367674005442,0.4999610075347104,,25,7,28.000000000000004,12,0,10.182258145170826,5,COMPLETED,25,87,6,6,87,1
Round Robin,0.3,2,Low,0.5,20271230,360.46868746773424,0.004714347295354479,0.7146711432638768,,20,8,40.0,9,1,7.098557970134946,4,FAILED_OR_BLOCKED,20,64,3,3,64,2
Least Loaded,0.3,2,Low,0.5,20271230,360.46868746773424,0.0047243247011849645,0.6895305626671349,,20,9,45.0,9,1,5.892857142857143,4,FAILED_OR_BLOCKED,20,64,2,2,64,2
Performance Only,0.3,2,Low,0.5,20271230,360.46868746773424,0.004082615186762108,0.5459924324485936,,19,9,47.368421052631575,9,1,4.732142857142858,4,FAILED_OR_BLOCKED,19,64,1,1,64,2
CEDAR-inspired,0.3,2,Low,0.5,20271230,360.46868746773424,0.004388699842846764,0.5301379350940965,,20,10,50.0,9,1,5.223809523809525,5,FAILED_OR_BLOCKED,20,64,1,1,64,2
Proposed Failure-Aware Carbon,0.3,2,Low,0.5,20271230,360.46868746773424,0.004158541112688033,0.46791571287187417,,19,9,47.368421052631575,9,1,5.3428571428571425,5,FAILED_OR_BLOCKED,19,64,1,1,64,2
Round Robin,0.3,2,Low,0.5,20271231,354.0858479719275,0.0042490419949826755,0.6788140846844359,,17,2,11.76470588235294,12,0,5.285714285714286,2,COMPLETED,17,71,3,3,71,3
Least Loaded,0.3,2,Low,0.5,20271231,354.0858479719275,0.003605648234337192,0.6033425761588498,,15,1,6.666666666666667,12,0,6.25,1,COMPLETED,15,71,2,2,71,3
Performance Only,0.3,2,Low,0.5,20271231,354.0858479719275,0.0032232042185837014,0.4488381783299213,,15,2,13.333333333333334,12,0,4.583333333333333,2,COMPLETED,15,71,1,1,71,3
CEDAR-inspired,0.3,2,Low,0.5,20271231,354.0858479719275,0.003075770172048482,0.3698863154319882,,15,1,6.666666666666667,12,0,5.0,1,COMPLETED,15,71,2,2,71,3
Proposed Failure-Aware Carbon,0.3,2,Low,0.5,20271231,354.0858479719275,0.0030591035053818155,0.34638631543198817,,15,1,6.666666666666667,12,0,5.0,1,COMPLETED,15,71,2,2,71,3
Round Robin,0.3,2,Medium,1.0,20271329,359.0749924720886,0.004566143399234622,1.5058629965631687,,17,7,41.17647058823529,9,1,11.333333333333332,1,FAILED_OR_BLOCKED,17,81,1,1,81,1
Least Loaded,0.3,2,Medium,1.0,20271329,359.0749924720886,0.004688734215352079,1.470443810869807,,18,6,33.33333333333333,9,1,11.190476190476192,1,FAILED_OR_BLOCKED,18,81,3,3,81,1
Performance Only,0.3,2,Medium,1.0,20271329,359.0749924720886,0.0035185306935452887,0.9429666154709939,,16,6,37.5,9,1,9.523809523809526,1,FAILED_OR_BLOCKED,16,81,1,1,81,1
CEDAR-inspired,0.3,2,Medium,1.0,20271329,359.0749924720886,0.0036185185185185187,0.8560740740740742,,16,7,43.75,9,1,12.000000000000002,1,FAILED_OR_BLOCKED,16,81,0,0,81,1
Proposed Failure-Aware Carbon,0.3,2,Medium,1.0,20271329,359.0749924720886,0.0036066137566137563,0.8225026455026456,,16,7,43.75,9,1,12.000000000000002,1,FAILED_OR_BLOCKED,16,81,0,0,81,1
Round Robin,0.3,2,Medium,1.0,20271330,360.27448907610744,0.005534889918766403,1.7877757976461834,,24,4,16.666666666666664,12,0,11.76945187297165,3,COMPLETED,24,80,8,8,80,2
Least Loaded,0.3,2,Medium,1.0,20271330,360.27448907610744,0.003779597162704376,1.1719897082761548,,16,3,18.75,8,1,7.066518485977234,2,FAILED_OR_BLOCKED,16,80,5,4,80,2
Performance Only,0.3,2,Medium,1.0,20271330,360.27448907610744,0.00477927773426651,1.376220014023079,,25,4,16.0,12,0,5.664211623940997,4,COMPLETED,25,80,9,9,80,2
CEDAR-inspired,0.3,2,Medium,1.0,20271330,360.27448907610744,0.00453296216912683,1.0810536813888103,,21,6,28.57142857142857,9,1,9.045854622858926,3,FAILED_OR_BLOCKED,21,80,6,5,80,2
Proposed Failure-Aware Carbon,0.3,2,Medium,1.0,20271330,360.27448907610744,0.004910538051544013,1.1429065577662703,,24,5,20.833333333333336,12,0,8.105819538572765,4,COMPLETED,24,80,7,7,80,2
Round Robin,0.3,2,Medium,1.0,20271331,350.33715164950576,0.003873473095883146,1.025250975959604,,18,6,33.33333333333333,9,1,4.619047619047618,3,FAILED_OR_BLOCKED,18,55,3,3,55,3
Least Loaded,0.3,2,Medium,1.0,20271331,350.33715164950576,0.00416921502471391,1.1531555651799523,,20,5,25.0,12,0,5.650274137076213,5,COMPLETED,20,55,3,3,55,3
Performance Only,0.3,2,Medium,1.0,20271331,350.33715164950576,0.003951530028830302,1.0373108605009425,,18,5,27.77777777777778,12,0,4.3809523809523805,5,COMPLETED,18,55,1,1,55,3
CEDAR-inspired,0.3,2,Medium,1.0,20271331,350.33715164950576,0.003800880086173652,0.8447084702965402,,18,6,33.33333333333333,10,1,4.444444444444444,3,FAILED_OR_BLOCKED,18,55,2,2,55,3
Proposed Failure-Aware Carbon,0.3,2,Medium,1.0,20271331,350.33715164950576,0.00363962526692554,0.7750727652628472,,18,5,27.77777777777778,12,0,4.685714285714285,5,COMPLETED,18,55,1,1,55,3
Round Robin,0.3,2,High,1.5,20271429,359.3793320056604,0.005422992194503763,2.834009522095406,,22,5,22.727272727272727,12,0,9.777358160740597,3,COMPLETED,22,68,5,5,68,1
Least Loaded,0.3,2,High,1.5,20271429,359.3793320056604,0.004189973180276337,1.8788820312645074,,18,4,22.22222222222222,12,0,11.5,2,COMPLETED,18,68,2,2,68,1
Performance Only,0.3,2,High,1.5,20271429,359.3793320056604,0.0019803938416991895,0.7203894021754493,,10,2,20.0,5,1,0.0,0,FAILED_OR_BLOCKED,10,68,3,3,68,1
CEDAR-inspired,0.3,2,High,1.5,20271429,359.3793320056604,0.002067182870094323,0.7223857786241993,,11,3,27.27272727272727,5,1,3.571428571428571,1,FAILED_OR_BLOCKED,11,68,3,3,68,1
Proposed Failure-Aware Carbon,0.3,2,High,1.5,20271429,359.3793320056604,0.0035654558794736627,1.2789587288622384,,19,4,21.052631578947366,12,0,4.285714285714286,3,COMPLETED,19,68,3,3,68,1
Round Robin,0.3,2,High,1.5,20271430,350.9182999128906,0.004287524974319785,2.117671815505694,,18,4,22.22222222222222,8,1,9.581074015608689,2,FAILED_OR_BLOCKED,18,65,6,6,65,2
Least Loaded,0.3,2,High,1.5,20271430,350.9182999128906,0.004969620966296318,2.42982540843026,,20,3,15.0,12,0,9.815954105643886,3,COMPLETED,20,65,5,5,65,2
Performance Only,0.3,2,High,1.5,20271430,350.9182999128906,0.004160762112961732,1.676483193244788,,21,3,14.285714285714285,12,0,7.490163649359548,3,COMPLETED,21,65,6,6,65,2
CEDAR-inspired,0.3,2,High,1.5,20271430,350.9182999128906,0.0029297776740320573,1.134006811280952,,16,3,18.75,8,1,8.5,2,FAILED_OR_BLOCKED,16,65,5,4,65,2
Proposed Failure-Aware Carbon,0.3,2,High,1.5,20271430,350.9182999128906,0.003763640107894491,1.3834671287412694,,20,3,15.0,12,0,8.5,2,COMPLETED,20,65,5,5,65,2
Round Robin,0.3,2,High,1.5,20271431,357.4412487174124,0.004703019594340184,2.5666452751440696,,16,4,25.0,7,2,0.0,0,FAILED_OR_BLOCKED,16,69,5,4,69,3
Least Loaded,0.3,2,High,1.5,20271431,357.4412487174124,0.004397843831580354,2.346450551723239,,16,2,12.5,10,1,6.428571428571431,1,FAILED_OR_BLOCKED,16,69,4,3,69,3
Performance Only,0.3,2,High,1.5,20271431,357.4412487174124,0.004517280211251966,2.265068273349046,,20,4,20.0,8,2,6.428571428571431,1,FAILED_OR_BLOCKED,20,69,8,6,69,3
CEDAR-inspired,0.3,2,High,1.5,20271431,357.4412487174124,0.004442557728705613,2.008736693783127,,22,5,22.727272727272727,10,1,6.642857142857142,2,FAILED_OR_BLOCKED,22,69,7,6,69,3
Proposed Failure-Aware Carbon,0.3,2,High,1.5,20271431,357.4412487174124,0.004444809005643688,2.0356467831971585,,20,3,15.0,12,0,12.097506049331207,2,COMPLETED,20,69,5,5,69,3
Round Robin,0.3,3,Low,0.5,20271529,359.07999848676684,0.004898317838025543,0.7346108535553734,,21,4,19.047619047619047,12,0,8.64285714285714,3,COMPLETED,21,73,5,5,73,1
Least Loaded,0.3,3,Low,0.5,20271529,359.07999848676684,0.005316342005338817,0.8144087941274611,,21,7,33.33333333333333,8,1,10.357142857142856,4,FAILED_OR_BLOCKED,21,73,6,6,73,1
Performance Only,0.3,3,Low,0.5,20271529,359.07999848676684,0.004801918220853184,0.6713988442390887,,21,5,23.809523809523807,12,0,9.047619047619046,3,COMPLETED,21,73,4,4,73,1
CEDAR-inspired,0.3,3,Low,0.5,20271529,359.07999848676684,0.004948538670776063,0.6375830686749829,,23,7,30.434782608695656,12,0,8.523050519294623,5,COMPLETED,23,73,4,4,73,1
Proposed Failure-Aware Carbon,0.3,3,Low,0.5,20271529,359.07999848676684,0.004525141114292059,0.5057466047959074,,22,5,22.727272727272727,12,0,8.979080171028443,4,COMPLETED,22,73,5,5,73,1
Round Robin,0.3,3,Low,0.5,20271530,357.18527859475677,0.005456970629483933,0.9400833123540508,,21,2,9.523809523809524,12,0,5.5,2,COMPLETED,21,73,7,7,73,2
Least Loaded,0.3,3,Low,0.5,20271530,357.18527859475677,0.0057435789182562706,0.905047417163269,,22,4,18.181818181818183,12,0,7.556009156302894,4,COMPLETED,22,73,6,6,73,2
Performance Only,0.3,3,Low,0.5,20271530,357.18527859475677,0.0042109046107609086,0.5938834116741297,,20,4,20.0,12,0,6.421034230894483,3,COMPLETED,20,73,4,4,73,2
CEDAR-inspired,0.3,3,Low,0.5,20271530,357.18527859475677,0.0023714259518348574,0.27658260979764304,,13,3,23.076923076923077,5,1,7.5,1,FAILED_OR_BLOCKED,13,73,5,4,73,2
Proposed Failure-Aware Carbon,0.3,3,Low,0.5,20271530,357.18527859475677,0.0020036925269959587,0.19096636029767955,,10,2,20.0,5,1,0.0,0,FAILED_OR_BLOCKED,10,73,3,2,73,2
Round Robin,0.3,3,Low,0.5,20271531,356.6470396536941,0.005800131952579486,1.0186516519803068,,26,3,11.538461538461538,12,0,11.300059344435772,2,COMPLETED,26,64,11,11,64,3
Least Loaded,0.3,3,Low,0.5,20271531,356.6470396536941,0.006385780928990122,1.1443309341279952,,27,6,22.22222222222222,11,1,9.241175618623846,4,FAILED_OR_BLOCKED,27,64,10,10,64,3
Performance Only,0.3,3,Low,0.5,20271531,356.6470396536941,0.004206463633839591,0.5601257809946983,,21,4,19.047619047619047,7,2,4.166666666666668,1,FAILED_OR_BLOCKED,21,64,10,9,64,3
CEDAR-inspired,0.3,3,Low,0.5,20271531,356.6470396536941,0.005102036912374896,0.7201685717596874,,23,6,26.08695652173913,8,2,6.666666666666667,1,FAILED_OR_BLOCKED,23,64,9,9,64,3
Proposed Failure-Aware Carbon,0.3,3,Low,0.5,20271531,356.6470396536941,0.004755101324496969,0.5260083491440757,,23,5,21.73913043478261,8,2,6.725550392478592,2,FAILED_OR_BLOCKED,23,64,10,10,64,3
Round Robin,0.3,3,Medium,1.0,20271629,359.32921679270277,0.00425748224925811,1.3769565069332301,,16,5,31.25,9,1,5.333333333333334,2,FAILED_OR_BLOCKED,16,80,2,2,80,1
Least Loaded,0.3,3,Medium,1.0,20271629,359.32921679270277,0.0050906821215955965,1.5683512441447807,,21,4,19.047619047619047,12,0,6.810067225558548,4,COMPLETED,21,80,5,5,80,1
Performance Only,0.3,3,Medium,1.0,20271629,359.32921679270277,0.0034778392771340704,0.9603888201772581,,18,3,16.666666666666664,12,0,8.930745092710382,2,COMPLETED,18,80,3,3,80,1
CEDAR-inspired,0.3,3,Medium,1.0,20271629,359.32921679270277,0.0036597929824201676,1.0295289883026915,,18,6,33.33333333333333,9,1,7.834420165402809,2,FAILED_OR_BLOCKED,18,80,3,3,80,1
Proposed Failure-Aware Carbon,0.3,3,Medium,1.0,20271629,359.32921679270277,0.003196083552514209,0.7231383815531259,,15,5,33.33333333333333,9,1,5.333333333333334,2,FAILED_OR_BLOCKED,15,80,1,1,80,1
Round Robin,0.3,3,Medium,1.0,20271630,358.998805102202,0.005120301398420033,1.8255022600096513,,21,4,19.047619047619047,10,1,11.440590451894886,2,FAILED_OR_BLOCKED,21,65,7,6,65,2
Least Loaded,0.3,3,Medium,1.0,20271630,358.998805102202,0.005249785226067862,1.6505365269193215,,24,6,25.0,12,0,8.541666666666668,4,COMPLETED,24,65,6,6,65,2
Performance Only,0.3,3,Medium,1.0,20271630,358.998805102202,0.004468113598606454,1.2456638456790128,,23,6,26.08695652173913,12,0,5.833333333333332,5,COMPLETED,23,65,5,5,65,2
CEDAR-inspired,0.3,3,Medium,1.0,20271630,358.998805102202,0.004598442448486975,1.1900269875018477,,23,5,21.73913043478261,12,0,6.641286264910731,5,COMPLETED,23,65,6,6,65,2
Proposed Failure-Aware Carbon,0.3,3,Medium,1.0,20271630,358.998805102202,0.004315279491701609,0.9341867202402826,,22,6,27.27272727272727,12,0,8.015228274310603,5,COMPLETED,22,65,4,4,65,2
Round Robin,0.3,3,Medium,1.0,20271631,358.4857216710779,0.004233982212241324,1.4102348419046449,,18,4,22.22222222222222,12,0,7.348078537365858,3,COMPLETED,18,71,2,2,71,3
Least Loaded,0.3,3,Medium,1.0,20271631,358.4857216710779,0.004258698168028548,1.3832959946943497,,18,4,22.22222222222222,12,0,7.1190476190476195,3,COMPLETED,18,71,2,2,71,3
Performance Only,0.3,3,Medium,1.0,20271631,358.4857216710779,0.003648148148148148,1.0825925925925926,,17,5,29.411764705882355,12,0,6.666666666666666,3,COMPLETED,17,71,0,0,71,3
CEDAR-inspired,0.3,3,Medium,1.0,20271631,358.4857216710779,0.0036796296296296295,0.9761851851851852,,17,5,29.411764705882355,12,0,7.142857142857142,3,COMPLETED,17,71,0,0,71,3
Proposed Failure-Aware Carbon,0.3,3,Medium,1.0,20271631,358.4857216710779,0.0036396825396825404,0.8383492063492064,,17,5,29.411764705882355,12,0,8.246031746031747,3,COMPLETED,17,71,0,0,71,3
Round Robin,0.3,3,High,1.5,20271729,360.6276075228661,0.003153976184927212,1.6635618245069148,,14,3,21.428571428571427,5,1,11.706346180041102,1,FAILED_OR_BLOCKED,14,75,6,5,75,1
Least Loaded,0.3,3,High,1.5,20271729,360.6276075228661,0.0022897388516620277,0.9100755020742235,,12,3,25.0,3,2,0.0,0,FAILED_OR_BLOCKED,12,75,6,4,75,1
Performance Only,0.3,3,High,1.5,20271729,360.6276075228661,0.0024387058274896204,0.9184976711766759,,14,3,21.428571428571427,5,1,12.617551205938886,1,FAILED_OR_BLOCKED,14,75,6,5,75,1
CEDAR-inspired,0.3,3,High,1.5,20271729,360.6276075228661,0.004017786566844311,1.4457616173443857,,23,2,8.695652173913043,12,0,9.346536601918348,2,COMPLETED,23,75,9,9,75,1
Proposed Failure-Aware Carbon,0.3,3,High,1.5,20271729,360.6276075228661,0.0039314942095151325,1.2672765248005378,,20,5,25.0,7,2,5.9544276656155715,2,FAILED_OR_BLOCKED,20,75,8,6,75,1
Round Robin,0.3,3,High,1.5,20271730,353.0732763404317,0.004445676578652193,2.1091603717853586,,17,4,23.52941176470588,9,1,14.676173470935137,1,FAILED_OR_BLOCKED,17,85,4,3,85,2
Least Loaded,0.3,3,High,1.5,20271730,353.0732763404317,0.0026110092948243902,0.7797297655486952,,13,5,38.46153846153847,5,1,24.0,1,FAILED_OR_BLOCKED,13,85,3,2,85,2
Performance Only,0.3,3,High,1.5,20271730,353.0732763404317,0.0021537520394615643,0.8793062938596038,,12,3,25.0,5,1,5.714285714285715,1,FAILED_OR_BLOCKED,12,85,4,3,85,2
CEDAR-inspired,0.3,3,High,1.5,20271730,353.0732763404317,0.002739268671041315,0.9614380789534953,,12,4,33.33333333333333,4,2,0.0,0,FAILED_OR_BLOCKED,12,85,4,2,85,2
Proposed Failure-Aware Carbon,0.3,3,High,1.5,20271730,353.0732763404317,0.0028749829567556004,0.8335095075249239,,12,4,33.33333333333333,5,1,19.38942672783405,1,FAILED_OR_BLOCKED,12,85,3,2,85,2
Round Robin,0.3,3,High,1.5,20271731,359.77287746193264,0.004490419458216088,2.059386942525435,,19,2,10.526315789473683,12,0,5.357142857142858,2,COMPLETED,19,70,5,5,70,3
Least Loaded,0.3,3,High,1.5,20271731,359.77287746193264,0.00443374336131875,1.8772159372292054,,20,3,15.0,12,0,5.988095238095238,3,COMPLETED,20,70,5,5,70,3
Performance Only,0.3,3,High,1.5,20271731,359.77287746193264,0.0037611777498427145,1.5547522096514443,,18,3,16.666666666666664,12,0,4.722222222222222,3,COMPLETED,18,70,3,3,70,3
CEDAR-inspired,0.3,3,High,1.5,20271731,359.77287746193264,0.003926666292510125,1.458202755534492,,18,4,22.22222222222222,12,0,6.468253968253969,3,COMPLETED,18,70,2,2,70,3
Proposed Failure-Aware Carbon,0.3,3,High,1.5,20271731,359.77287746193264,0.003845853479623427,1.3627694993480899,,18,5,27.77777777777778,12,0,6.693107446382055,4,COMPLETED,18,70,1,1,70,3
Round Robin,0.5,1,Low,0.5,20271829,360.92384926743205,0.003965959108829707,0.6542558738612522,,18,6,33.33333333333333,4,2,4.226190476190476,2,FAILED_OR_BLOCKED,18,108,8,8,108,1
Least Loaded,0.5,1,Low,0.5,20271829,360.92384926743205,0.004653926366216726,0.6683047313564645,,24,7,29.166666666666668,6,2,10.547495064279584,3,FAILED_OR_BLOCKED,24,108,11,9,108,1
Performance Only,0.5,1,Low,0.5,20271829,360.92384926743205,0.0017882375950850375,0.2405569002845745,,9,4,44.44444444444444,1,2,0.0,0,FAILED_OR_BLOCKED,9,108,4,4,108,1
CEDAR-inspired,0.5,1,Low,0.5,20271829,360.92384926743205,0.0017882375950850375,0.2405569002845745,,9,4,44.44444444444444,1,2,0.0,0,FAILED_OR_BLOCKED,9,108,4,4,108,1
Proposed Failure-Aware Carbon,0.5,1,Low,0.5,20271829,360.92384926743205,0.0017691899760374184,0.21369975742743164,,9,4,44.44444444444444,1,2,0.0,0,FAILED_OR_BLOCKED,9,108,4,4,108,1
Round Robin,0.5,1,Low,0.5,20271830,358.7254626270322,0.0023968790436678456,0.3449506410787765,,13,1,7.6923076923076925,5,1,7.9999999999999964,1,FAILED_OR_BLOCKED,13,100,7,6,100,2
Least Loaded,0.5,1,Low,0.5,20271830,358.7254626270322,0.0021771337510543324,0.33176592352196577,,13,0,0.0,5,1,0.0,0,FAILED_OR_BLOCKED,13,100,8,7,100,2
Performance Only,0.5,1,Low,0.5,20271830,358.7254626270322,0.0026480470843037434,0.406848431716027,,16,3,18.75,3,2,5.0,2,FAILED_OR_BLOCKED,16,100,10,9,100,2
CEDAR-inspired,0.5,1,Low,0.5,20271830,358.7254626270322,0.0026480470843037434,0.406848431716027,,16,3,18.75,3,2,5.0,2,FAILED_OR_BLOCKED,16,100,10,9,100,2
Proposed Failure-Aware Carbon,0.5,1,Low,0.5,20271830,358.7254626270322,0.0029317370056659436,0.4200961911279093,,17,2,11.76470588235294,5,1,5.0,2,FAILED_OR_BLOCKED,17,100,10,9,100,2
Round Robin,0.5,1,Low,0.5,20271831,359.89333804541207,0.0028214626560029874,0.4555213207365702,,15,2,13.333333333333334,5,1,4.285714285714285,2,FAILED_OR_BLOCKED,15,104,8,7,104,3
Least Loaded,0.5,1,Low,0.5,20271831,359.89333804541207,0.0027058396595348567,0.4337691261336675,,15,1,6.666666666666667,5,1,2.8571428571428577,1,FAILED_OR_BLOCKED,15,104,9,8,104,3
Performance Only,0.5,1,Low,0.5,20271831,359.89333804541207,0.002091926981931241,0.36004985813902735,,12,3,25.0,0,3,0.0,0,FAILED_OR_BLOCKED,12,104,9,8,104,3
CEDAR-inspired,0.5,1,Low,0.5,20271831,359.89333804541207,0.002091926981931241,0.36004985813902735,,12,3,25.0,0,3,0.0,0,FAILED_OR_BLOCKED,12,104,9,8,104,3
Proposed Failure-Aware Carbon,0.5,1,Low,0.5,20271831,359.89333804541207,0.0020998634898677492,0.35235144544061464,,12,3,25.0,0,3,0.0,0,FAILED_OR_BLOCKED,12,104,9,8,104,3
Round Robin,0.5,1,Medium,1.0,20271929,359.2757811241015,0.002836198284262471,1.0670646366719627,,13,3,23.076923076923077,1,3,0.0,0,FAILED_OR_BLOCKED,13,107,9,7,107,1
Least Loaded,0.5,1,Medium,1.0,20271929,359.2757811241015,0.002591146421533171,1.014235634150409,,13,3,23.076923076923077,1,3,0.0,0,FAILED_OR_BLOCKED,13,107,9,7,107,1
Performance Only,0.5,1,Medium,1.0,20271929,359.2757811241015,0.003078459099381584,0.9591766853454861,,17,3,17.647058823529413,4,2,2.8571428571428577,1,FAILED_OR_BLOCKED,17,107,10,9,107,1
CEDAR-inspired,0.5,1,Medium,1.0,20271929,359.2757811241015,0.003078459099381584,0.9591766853454861,,17,3,17.647058823529413,4,2,2.8571428571428577,1,FAILED_OR_BLOCKED,17,107,10,9,107,1
Proposed Failure-Aware Carbon,0.5,1,Medium,1.0,20271929,359.2757811241015,0.003080790688319549,0.929035551018452,,16,4,25.0,4,2,5.428571428571429,2,FAILED_OR_BLOCKED,16,107,8,7,107,1
Round Robin,0.5,1,Medium,1.0,20271930,356.7562721258236,0.0025903953547130403,0.8607548709420388,,13,5,38.46153846153847,1,3,0.0,0,FAILED_OR_BLOCKED,13,114,7,5,114,2
Least Loaded,0.5,1,Medium,1.0,20271930,356.7562721258236,0.0025903953547130403,0.8607548709420388,,13,5,38.46153846153847,1,3,0.0,0,FAILED_OR_BLOCKED,13,114,7,5,114,2
Performance Only,0.5,1,Medium,1.0,20271930,356.7562721258236,0.0038680084833456183,1.2240156527612396,,21,3,14.285714285714285,6,2,9.863214325421431,1,FAILED_OR_BLOCKED,21,114,12,10,114,2
CEDAR-inspired,0.5,1,Medium,1.0,20271930,356.7562721258236,0.0038680084833456183,1.2240156527612396,,21,3,14.285714285714285,6,2,9.863214325421431,1,FAILED_OR_BLOCKED,21,114,12,10,114,2
Proposed Failure-Aware Carbon,0.5,1,Medium,1.0,20271930,356.7562721258236,0.003751341816678951,1.1470156527612396,,21,3,14.285714285714285,6,2,7.863214325421431,1,FAILED_OR_BLOCKED,21,114,12,10,114,2
Round Robin,0.5,1,Medium,1.0,20271931,359.24273487072134,0.0027213546254452885,0.7997912611055555,,14,2,14.285714285714285,5,1,5.714285714285714,1,FAILED_OR_BLOCKED,14,108,7,6,108,3
Least Loaded,0.5,1,Medium,1.0,20271931,359.24273487072134,0.0027213546254452885,0.7997912611055555,,14,2,14.285714285714285,5,1,5.714285714285714,1,FAILED_OR_BLOCKED,14,108,7,6,108,3
Performance Only,0.5,1,Medium,1.0,20271931,359.24273487072134,0.003014146157907741,0.9293887230387693,,17,6,35.294117647058826,3,3,7.142857142857144,1,FAILED_OR_BLOCKED,17,108,8,7,108,3
CEDAR-inspired,0.5,1,Medium,1.0,20271931,359.24273487072134,0.003014146157907741,0.9293887230387693,,17,6,35.294117647058826,3,3,7.142857142857144,1,FAILED_OR_BLOCKED,17,108,8,7,108,3
Proposed Failure-Aware Carbon,0.5,1,Medium,1.0,20271931,359.24273487072134,0.002688287483169142,0.8073348243208934,,15,4,26.666666666666668,4,2,7.142857142857144,1,FAILED_OR_BLOCKED,15,108,7,6,108,3
Round Robin,0.5,1,High,1.5,20272029,360.7220460421662,0.0032488170872210617,1.364514255518667,,18,2,11.11111111111111,8,1,6.541206880052911,2,FAILED_OR_BLOCKED,18,106,8,7,106,1
Least Loaded,0.5,1,High,1.5,20272029,360.7220460421662,0.0032488170872210617,1.364514255518667,,18,2,11.11111111111111,8,1,6.541206880052911,2,FAILED_OR_BLOCKED,18,106,8,7,106,1
Performance Only,0.5,1,High,1.5,20272029,360.7220460421662,0.0033999825251275536,1.431526983435505,,21,2,9.523809523809524,8,1,3.5714285714285716,1,FAILED_OR_BLOCKED,21,106,11,10,106,1
CEDAR-inspired,0.5,1,High,1.5,20272029,360.7220460421662,0.0033999825251275536,1.431526983435505,,21,2,9.523809523809524,8,1,3.5714285714285716,1,FAILED_OR_BLOCKED,21,106,11,10,106,1
Proposed Failure-Aware Carbon,0.5,1,High,1.5,20272029,360.7220460421662,0.004571404720172296,1.878153480036682,,28,4,14.285714285714285,10,1,6.285714285714286,2,FAILED_OR_BLOCKED,28,106,14,14,106,1
Round Robin,0.5,1,High,1.5,20272030,358.8139644395905,0.0016042945219809984,0.7478755635807948,,9,2,22.22222222222222,1,2,0.0,0,FAILED_OR_BLOCKED,9,112,6,4,112,2
Least Loaded,0.5,1,High,1.5,20272030,358.8139644395905,0.0016042945219809984,0.7478755635807948,,9,2,22.22222222222222,1,2,0.0,0,FAILED_OR_BLOCKED,9,112,6,4,112,2
Performance Only,0.5,1,High,1.5,20272030,358.8139644395905,0.0016204740159993904,0.7183738446926051,,9,2,22.22222222222222,1,2,0.0,0,FAILED_OR_BLOCKED,9,112,6,5,112,2
CEDAR-inspired,0.5,1,High,1.5,20272030,358.8139644395905,0.0016204740159993904,0.7183738446926051,,9,2,22.22222222222222,1,2,0.0,0,FAILED_OR_BLOCKED,9,112,6,5,112,2
Proposed Failure-Aware Carbon,0.5,1,High,1.5,20272030,358.8139644395905,0.0015944120150424284,0.7054815598716327,,9,2,22.22222222222222,1,2,0.0,0,FAILED_OR_BLOCKED,9,112,6,5,112,2
Round Robin,0.5,1,High,1.5,20272031,357.59142383790703,0.004420407652306137,1.9454274082760847,,30,5,16.666666666666664,6,2,12.13736210137403,3,FAILED_OR_BLOCKED,30,122,19,17,122,3
Least Loaded,0.5,1,High,1.5,20272031,357.59142383790703,0.0043834290666628535,1.8256387297162178,,30,6,20.0,6,2,9.352612017755776,3,FAILED_OR_BLOCKED,30,122,18,16,122,3
Performance Only,0.5,1,High,1.5,20272031,357.59142383790703,0.0031579867692518577,1.1421587573386442,,20,5,25.0,4,2,19.000410852049974,1,FAILED_OR_BLOCKED,20,122,11,9,122,3
CEDAR-inspired,0.5,1,High,1.5,20272031,357.59142383790703,0.0031579867692518577,1.1421587573386442,,20,5,25.0,4,2,19.000410852049974,1,FAILED_OR_BLOCKED,20,122,11,9,122,3
Proposed Failure-Aware Carbon,0.5,1,High,1.5,20272031,357.59142383790703,0.0029594201765723344,1.070610148381949,,19,5,26.31578947368421,4,2,19.000410852049974,1,FAILED_OR_BLOCKED,19,122,10,8,122,3
Round Robin,0.5,2,Low,0.5,20272129,359.53202896483117,0.00457730985812657,0.5820627755897789,,24,4,16.666666666666664,12,0,10.014277074230975,2,COMPLETED,24,96,8,8,96,1
Least Loaded,0.5,2,Low,0.5,20272129,359.53202896483117,0.004546596529663162,0.5480368804923895,,25,5,20.0,12,0,7.73015873015873,3,COMPLETED,25,96,8,8,96,1
Performance Only,0.5,2,Low,0.5,20272129,359.53202896483117,0.005310914389293798,0.6506294937913484,,30,7,23.333333333333332,12,0,7.612077115800752,4,COMPLETED,30,96,11,11,96,1
CEDAR-inspired,0.5,2,Low,0.5,20272129,359.53202896483117,0.0025571279760104315,0.2783418164543025,,13,4,30.76923076923077,4,2,0.0,0,FAILED_OR_BLOCKED,13,96,5,4,96,1
Proposed Failure-Aware Carbon,0.5,2,Low,0.5,20272129,359.53202896483117,0.0049076806988744915,0.46306498659965556,,27,10,37.03703703703704,11,1,9.785714285714286,3,FAILED_OR_BLOCKED,27,96,6,6,96,1
Round Robin,0.5,2,Low,0.5,20272130,356.3887190350749,0.00446096339462556,0.7977946408538181,,21,5,23.809523809523807,6,2,10.980484721327922,1,FAILED_OR_BLOCKED,21,108,10,9,108,2
Least Loaded,0.5,2,Low,0.5,20272130,356.3887190350749,0.004506977778158507,0.7162418315656458,,23,6,26.08695652173913,6,2,10.980484721327922,1,FAILED_OR_BLOCKED,23,108,11,11,108,2
Performance Only,0.5,2,Low,0.5,20272130,356.3887190350749,0.0042547605738891825,0.6168090370889313,,24,6,25.0,5,3,5.0,1,FAILED_OR_BLOCKED,24,108,13,11,108,2
CEDAR-inspired,0.5,2,Low,0.5,20272130,356.3887190350749,0.002699990522935762,0.39308001235459755,,16,6,37.5,2,3,6.0,1,FAILED_OR_BLOCKED,16,108,8,5,108,2
Proposed Failure-Aware Carbon,0.5,2,Low,0.5,20272130,356.3887190350749,0.0026336392478367577,0.3664061381712379,,16,6,37.5,2,3,6.0,1,FAILED_OR_BLOCKED,16,108,8,5,108,2
Round Robin,0.5,2,Low,0.5,20272131,360.21552371268217,0.0034907214233340384,0.6696793976280984,,23,2,8.695652173913043,3,4,5.714285714285714,1,FAILED_OR_BLOCKED,23,110,18,15,110,3
Least Loaded,0.5,2,Low,0.5,20272131,360.21552371268217,0.0034907214233340384,0.6696793976280984,,23,2,8.695652173913043,3,4,5.714285714285714,1,FAILED_OR_BLOCKED,23,110,18,15,110,3
Performance Only,0.5,2,Low,0.5,20272131,360.21552371268217,0.003568180839036381,0.667851541525728,,22,3,13.636363636363635,3,4,4.642857142857143,2,FAILED_OR_BLOCKED,22,110,16,13,110,3
CEDAR-inspired,0.5,2,Low,0.5,20272131,360.21552371268217,0.003345882499734713,0.6339673435220955,,22,4,18.181818181818183,3,4,3.5714285714285716,1,FAILED_OR_BLOCKED,22,110,15,12,110,3
Proposed Failure-Aware Carbon,0.5,2,Low,0.5,20272131,360.21552371268217,0.002991994187852913,0.5128917018814071,,23,2,8.695652173913043,3,4,3.5714285714285716,1,FAILED_OR_BLOCKED,23,110,18,15,110,3
Round Robin,0.5,2,Medium,1.0,20272229,355.25005922010837,0.0043102817320317625,1.2213528909279239,,24,7,29.166666666666668,8,1,4.588438454013081,5,FAILED_OR_BLOCKED,24,102,9,8,102,1
Least Loaded,0.5,2,Medium,1.0,20272229,355.25005922010837,0.004824840043321944,1.2838944603902052,,28,8,28.57142857142857,8,1,8.578662035552155,5,FAILED_OR_BLOCKED,28,102,12,11,102,1
Performance Only,0.5,2,Medium,1.0,20272229,355.25005922010837,0.004833601298917413,1.215403126466988,,26,11,42.30769230769231,9,1,7.7404170934341545,6,FAILED_OR_BLOCKED,26,102,6,5,102,1
CEDAR-inspired,0.5,2,Medium,1.0,20272229,355.25005922010837,0.005181892391235741,1.358676723915767,,26,9,34.61538461538461,8,2,6.865017275365993,5,FAILED_OR_BLOCKED,26,102,9,7,102,1
Proposed Failure-Aware Carbon,0.5,2,Medium,1.0,20272229,355.25005922010837,0.005198339540779381,1.3127410583112995,,27,10,37.03703703703704,7,3,6.075549522090924,5,FAILED_OR_BLOCKED,27,102,10,7,102,1
Round Robin,0.5,2,Medium,1.0,20272230,357.5755151381357,0.00480203608400576,1.1132814457470974,,26,7,26.923076923076923,10,1,10.43431610678427,4,FAILED_OR_BLOCKED,26,105,9,9,105,2
Least Loaded,0.5,2,Medium,1.0,20272230,357.5755151381357,0.004455550444064656,1.059096038821091,,23,5,21.73913043478261,9,1,9.491443869604323,3,FAILED_OR_BLOCKED,23,105,9,9,105,2
Performance Only,0.5,2,Medium,1.0,20272230,357.5755151381357,0.0042727734119476285,0.9921569403245736,,23,7,30.434782608695656,7,2,8.406609210485513,4,FAILED_OR_BLOCKED,23,105,9,7,105,2
CEDAR-inspired,0.5,2,Medium,1.0,20272230,357.5755151381357,0.006035334589692026,1.3574368467825593,,30,9,30.0,12,0,8.254630632419664,7,COMPLETED,30,105,9,9,105,2
Proposed Failure-Aware Carbon,0.5,2,Medium,1.0,20272230,357.5755151381357,0.005092985829610928,0.9665907684058701,,26,8,30.76923076923077,12,0,8.16394073284879,6,COMPLETED,26,105,6,6,105,2
Round Robin,0.5,2,Medium,1.0,20272231,360.2428663429838,0.003250684981418079,0.8276595381064193,,15,7,46.666666666666664,4,2,4.990209455085045,1,FAILED_OR_BLOCKED,15,116,4,4,116,3
Least Loaded,0.5,2,Medium,1.0,20272231,360.2428663429838,0.003063171959321488,0.9023537478041479,,15,5,33.33333333333333,4,2,4.990209455085045,1,FAILED_OR_BLOCKED,15,116,6,6,116,3
Performance Only,0.5,2,Medium,1.0,20272231,360.2428663429838,0.0027553759925653654,0.734301654837056,,13,4,30.76923076923077,5,1,10.0,1,FAILED_OR_BLOCKED,13,116,4,3,116,3
CEDAR-inspired,0.5,2,Medium,1.0,20272231,360.2428663429838,0.0026251918074867097,0.6806901346381995,,13,3,23.076923076923077,5,1,6.0,1,FAILED_OR_BLOCKED,13,116,5,4,116,3
Proposed Failure-Aware Carbon,0.5,2,Medium,1.0,20272231,360.2428663429838,0.002743691181660377,0.644890031421389,,13,6,46.15384615384615,3,2,6.0,1,FAILED_OR_BLOCKED,13,116,4,4,116,3
Round Robin,0.5,2,High,1.5,20272329,357.8230612089283,0.002078721256227245,0.8942638651922163,,17,2,11.76470588235294,1,4,0.0,0,FAILED_OR_BLOCKED,17,99,14,10,99,1
Least Loaded,0.5,2,High,1.5,20272329,357.8230612089283,0.0022920218295063408,0.8622679872147212,,15,2,13.333333333333334,4,2,13.910270094715976,1,FAILED_OR_BLOCKED,15,99,9,7,99,1
Performance Only,0.5,2,High,1.5,20272329,357.8230612089283,0.0017524098616952502,0.6468315754182234,,12,1,8.333333333333332,3,2,0.0,0,FAILED_OR_BLOCKED,12,99,8,6,99,1
CEDAR-inspired,0.5,2,High,1.5,20272329,357.8230612089283,0.0020134255175945372,0.6324159066762857,,13,1,7.6923076923076925,4,2,0.0,0,FAILED_OR_BLOCKED,13,99,8,6,99,1
Proposed Failure-Aware Carbon,0.5,2,High,1.5,20272329,357.8230612089283,0.001608301672284203,0.49206060257704853,,11,1,9.090909090909092,3,2,0.0,0,FAILED_OR_BLOCKED,11,99,7,5,99,1
Round Robin,0.5,2,High,1.5,20272330,360.59800982141905,0.004504489354910787,1.6677837676261167,,27,5,18.51851851851852,10,1,5.852985606875634,5,FAILED_OR_BLOCKED,27,103,12,11,103,2
Least Loaded,0.5,2,High,1.5,20272330,360.59800982141905,0.0026120435642135306,0.9246015246305449,,15,4,26.666666666666668,5,1,6.508061074591041,3,FAILED_OR_BLOCKED,15,103,6,5,103,2
Performance Only,0.5,2,High,1.5,20272330,360.59800982141905,0.0025885025901684643,0.8899009267154223,,14,4,28.57142857142857,5,1,4.166666666666667,2,FAILED_OR_BLOCKED,14,103,5,4,103,2
CEDAR-inspired,0.5,2,High,1.5,20272330,360.59800982141905,0.003737342132642122,1.3393786683390216,,22,3,13.636363636363635,8,2,8.199863809754945,2,FAILED_OR_BLOCKED,22,103,11,9,103,2
Proposed Failure-Aware Carbon,0.5,2,High,1.5,20272330,360.59800982141905,0.004055066776483813,1.393591098194445,,22,5,22.727272727272727,7,2,15.023325554211386,2,FAILED_OR_BLOCKED,22,103,10,9,103,2
Round Robin,0.5,2,High,1.5,20272331,357.5650005688044,0.003158788507427002,1.4482333133446985,,19,3,15.789473684210526,4,2,5.0,1,FAILED_OR_BLOCKED,19,102,12,11,102,3
Least Loaded,0.5,2,High,1.5,20272331,357.5650005688044,0.003574934858192823,1.7489228936985208,,19,4,21.052631578947366,4,2,4.166666666666668,1,FAILED_OR_BLOCKED,19,102,11,10,102,3
Performance Only,0.5,2,High,1.5,20272331,357.5650005688044,0.003652925449112222,1.4443598551353642,,19,6,31.57894736842105,4,2,5.07936507936508,3,FAILED_OR_BLOCKED,19,102,9,8,102,3
CEDAR-inspired,0.5,2,High,1.5,20272331,357.5650005688044,0.0034627907398566077,1.3307931596389733,,19,5,26.31578947368421,4,2,5.11904761904762,2,FAILED_OR_BLOCKED,19,102,10,9,102,3
Proposed Failure-Aware Carbon,0.5,2,High,1.5,20272331,357.5650005688044,0.003543346295412163,1.2043764929723066,,19,5,26.31578947368421,4,2,6.083333333333334,2,FAILED_OR_BLOCKED,19,102,10,10,102,3
Round Robin,0.5,3,Low,0.5,20272429,357.67563651557714,0.0031419941364882868,0.4810190897708801,,13,5,38.46153846153847,5,1,16.5,1,FAILED_OR_BLOCKED,13,103,3,2,103,1
Least Loaded,0.5,3,Low,0.5,20272429,357.67563651557714,0.004936423445548022,0.6844543858899587,,24,10,41.66666666666667,8,1,12.756648101012143,4,FAILED_OR_BLOCKED,24,103,6,5,103,1
Performance Only,0.5,3,Low,0.5,20272429,357.67563651557714,0.00554041548537735,0.7445808413251209,,26,13,50.0,8,2,8.494743339107382,4,FAILED_OR_BLOCKED,26,103,5,4,103,1
CEDAR-inspired,0.5,3,Low,0.5,20272429,357.67563651557714,0.005639226312103259,0.7971435177455635,,26,11,42.30769230769231,8,2,6.633333333333334,5,FAILED_OR_BLOCKED,26,103,7,6,103,1
Proposed Failure-Aware Carbon,0.5,3,Low,0.5,20272429,357.67563651557714,0.004368633613791064,0.4369275581122608,,21,11,52.38095238095239,8,1,9.58095238095238,5,FAILED_OR_BLOCKED,21,103,2,2,103,1
Round Robin,0.5,3,Low,0.5,20272430,358.34755269282203,0.0029730046092401774,0.4305618024971378,,12,5,41.66666666666667,5,1,6.666666666666668,1,FAILED_OR_BLOCKED,12,90,2,2,90,2
Least Loaded,0.5,3,Low,0.5,20272430,358.34755269282203,0.002826305619890824,0.39280990415534045,,12,5,41.66666666666667,5,1,6.857142857142858,2,FAILED_OR_BLOCKED,12,90,2,2,90,2
Performance Only,0.5,3,Low,0.5,20272430,358.34755269282203,0.0024191624784973068,0.3154669643671887,,12,6,50.0,0,3,0.0,0,FAILED_OR_BLOCKED,12,90,6,4,90,2
CEDAR-inspired,0.5,3,Low,0.5,20272430,358.34755269282203,0.002355389711215321,0.2938640122378536,,12,7,58.333333333333336,0,3,0.0,0,FAILED_OR_BLOCKED,12,90,5,2,90,2
Proposed Failure-Aware Carbon,0.5,3,Low,0.5,20272430,358.34755269282203,0.002024288727400337,0.199124790591532,,9,6,66.66666666666666,1,2,0.0,0,FAILED_OR_BLOCKED,9,90,2,1,90,2
Round Robin,0.5,3,Low,0.5,20272431,358.30651446884445,0.0038174514971984126,0.5498463437843966,,20,4,20.0,5,2,11.767325215848222,2,FAILED_OR_BLOCKED,20,111,11,9,111,3
Least Loaded,0.5,3,Low,0.5,20272431,358.30651446884445,0.003762203422516815,0.5440960498098911,,20,1,5.0,8,1,8.0,1,FAILED_OR_BLOCKED,20,111,11,10,111,3
Performance Only,0.5,3,Low,0.5,20272431,358.30651446884445,0.003208281478785252,0.3895727434061763,,19,6,31.57894736842105,5,2,3.749999999999999,2,FAILED_OR_BLOCKED,19,111,8,7,111,3
CEDAR-inspired,0.5,3,Low,0.5,20272431,358.30651446884445,0.004119464775489044,0.5127324326667451,,25,6,24.0,7,2,6.820609945583124,3,FAILED_OR_BLOCKED,25,111,12,10,111,3
Proposed Failure-Aware Carbon,0.5,3,Low,0.5,20272431,358.30651446884445,0.0032227659296585253,0.33947878694252454,,20,8,40.0,4,2,6.279649002070029,3,FAILED_OR_BLOCKED,20,111,8,8,111,3
Round Robin,0.5,3,Medium,1.0,20272529,360.9801673025363,0.004119603676987604,1.0536828461717909,,19,2,10.526315789473683,12,0,7.550817578830052,2,COMPLETED,19,99,5,5,99,1
Least Loaded,0.5,3,Medium,1.0,20272529,360.9801673025363,0.00302605802418568,0.8101081139415943,,14,2,14.285714285714285,8,1,6.428571428571429,1,FAILED_OR_BLOCKED,14,99,4,3,99,1
Performance Only,0.5,3,Medium,1.0,20272529,360.9801673025363,0.0035600059012211543,0.966964733329309,,17,2,11.76470588235294,12,0,5.357142857142858,2,COMPLETED,17,99,3,3,99,1
CEDAR-inspired,0.5,3,Medium,1.0,20272529,360.9801673025363,0.004018828916780587,1.006153943520542,,19,3,15.789473684210526,12,0,6.365079365079365,3,COMPLETED,19,99,4,4,99,1
Proposed Failure-Aware Carbon,0.5,3,Medium,1.0,20272529,360.9801673025363,0.0035407310751519264,0.6969819871418907,,17,1,5.88235294117647,12,0,8.0,1,COMPLETED,17,99,4,4,99,1
Round Robin,0.5,3,Medium,1.0,20272530,357.7699923297556,0.00161580225811668,0.4166490544930504,,10,4,40.0,1,2,0.0,0,FAILED_OR_BLOCKED,10,107,5,3,107,2
Least Loaded,0.5,3,Medium,1.0,20272530,357.7699923297556,0.001654497889858168,0.4023792798545281,,10,5,50.0,1,2,0.0,0,FAILED_OR_BLOCKED,10,107,4,3,107,2
Performance Only,0.5,3,Medium,1.0,20272530,357.7699923297556,0.003762182974358514,0.8135491620188176,,20,8,40.0,4,2,7.772161008459612,3,FAILED_OR_BLOCKED,20,107,8,8,107,2
CEDAR-inspired,0.5,3,Medium,1.0,20272530,357.7699923297556,0.0028419889728642476,0.6313809472295676,,15,6,40.0,2,3,0.0,0,FAILED_OR_BLOCKED,15,107,7,7,107,2
Proposed Failure-Aware Carbon,0.5,3,Medium,1.0,20272530,357.7699923297556,0.0027255531601048317,0.46226136609184443,,16,7,43.75,4,2,9.650656965784272,2,FAILED_OR_BLOCKED,16,107,5,4,107,2
Round Robin,0.5,3,Medium,1.0,20272531,359.0125314568904,0.004382050284555882,0.9341961505334395,,23,5,21.73913043478261,12,0,8.117371812375643,4,COMPLETED,23,114,6,6,114,3
Least Loaded,0.5,3,Medium,1.0,20272531,359.0125314568904,0.0033863549651800195,0.7383785352383945,,17,5,29.411764705882355,8,1,12.804432976580323,2,FAILED_OR_BLOCKED,17,114,4,3,114,3
Performance Only,0.5,3,Medium,1.0,20272531,359.0125314568904,0.0021293600746074143,0.5309561705303724,,10,3,30.0,5,1,0.0,0,FAILED_OR_BLOCKED,10,114,2,2,114,3
CEDAR-inspired,0.5,3,Medium,1.0,20272531,359.0125314568904,0.0020731494477358335,0.4754515146044198,,10,2,20.0,5,1,0.0,0,FAILED_OR_BLOCKED,10,114,3,3,114,3
Proposed Failure-Aware Carbon,0.5,3,Medium,1.0,20272531,359.0125314568904,0.0038533651814419154,0.6553344743130554,,20,3,15.0,12,0,11.89967107181842,2,COMPLETED,20,114,5,5,114,3
Round Robin,0.5,3,High,1.5,20272629,358.328632880891,0.0033616612104873686,1.08000766870066,,19,7,36.84210526315789,5,1,10.710084207919628,2,FAILED_OR_BLOCKED,19,104,7,7,104,1
Least Loaded,0.5,3,High,1.5,20272629,358.328632880891,0.003139024103489591,1.0167017625718338,,20,6,30.0,4,2,10.079998001902943,1,FAILED_OR_BLOCKED,20,104,10,9,104,1
Performance Only,0.5,3,High,1.5,20272629,358.328632880891,0.0024846695107091153,0.8780634937553968,,17,4,23.52941176470588,3,2,0.0,0,FAILED_OR_BLOCKED,17,104,10,9,104,1
CEDAR-inspired,0.5,3,High,1.5,20272629,358.328632880891,0.003465273920790391,1.188030793132208,,20,8,40.0,4,2,9.776913987591836,2,FAILED_OR_BLOCKED,20,104,8,8,104,1
Proposed Failure-Aware Carbon,0.5,3,High,1.5,20272629,358.328632880891,0.0029007756837839574,0.8607286655684142,,16,5,31.25,4,2,7.3384712383676245,2,FAILED_OR_BLOCKED,16,104,7,6,104,1
Round Robin,0.5,3,High,1.5,20272630,360.3553909089374,0.0021600899143044616,0.9804691256015978,,11,4,36.36363636363637,1,2,6.0,1,FAILED_OR_BLOCKED,11,105,6,5,105,2
Least Loaded,0.5,3,High,1.5,20272630,360.3553909089374,0.002991864657811394,1.1801017726215393,,16,5,31.25,4,2,6.334028013962706,2,FAILED_OR_BLOCKED,16,105,7,6,105,2
Performance Only,0.5,3,High,1.5,20272630,360.3553909089374,0.0024668079477595745,0.8645328925973007,,17,2,11.76470588235294,4,2,0.0,0,FAILED_OR_BLOCKED,17,105,11,9,105,2
CEDAR-inspired,0.5,3,High,1.5,20272630,360.3553909089374,0.0024725046760744065,0.9258279827326199,,13,1,7.6923076923076925,5,1,0.0,0,FAILED_OR_BLOCKED,13,105,7,6,105,2
Proposed Failure-Aware Carbon,0.5,3,High,1.5,20272630,360.3553909089374,0.0027940257623454683,0.7172668208700016,,13,4,30.76923076923077,5,1,12.0,1,FAILED_OR_BLOCKED,13,105,4,3,105,2
Round Robin,0.5,3,High,1.5,20272631,357.9685955127083,0.002408740021865158,1.2255940188144732,,15,3,20.0,2,3,6.25,1,FAILED_OR_BLOCKED,15,116,10,7,116,3
Least Loaded,0.5,3,High,1.5,20272631,357.9685955127083,0.0023894897500216475,1.0387897811670659,,15,4,26.666666666666668,2,3,5.0,1,FAILED_OR_BLOCKED,15,116,9,6,116,3
Performance Only,0.5,3,High,1.5,20272631,357.9685955127083,0.002263156178215005,0.8177256278832561,,19,3,15.789473684210526,2,3,3.571428571428571,1,FAILED_OR_BLOCKED,19,116,14,11,116,3
CEDAR-inspired,0.5,3,High,1.5,20272631,357.9685955127083,0.002568723092393544,1.1465751549244099,,17,3,17.647058823529413,2,3,0.0,0,FAILED_OR_BLOCKED,17,116,12,9,116,3
Proposed Failure-Aware Carbon,0.5,3,High,1.5,20272631,357.9685955127083,0.0021891331366253727,0.6610571536034813,,17,3,17.647058823529413,2,3,3.571428571428571,1,FAILED_OR_BLOCKED,17,116,12,9,116,3
Round Robin,0.5,1,Low,0.5,20272729,359.72603614605174,0.0046397787725567085,0.7547192291662613,,22,6,27.27272727272727,5,3,12.833333333333336,1,FAILED_OR_BLOCKED,22,104,11,9,104,1
Least Loaded,0.5,1,Low,0.5,20272729,359.72603614605174,0.004441216325541662,0.6418724927450605,,22,7,31.818181818181817,5,3,14.0,1,FAILED_OR_BLOCKED,22,104,10,9,104,1
Performance Only,0.5,1,Low,0.5,20272729,359.72603614605174,0.002406190839592195,0.33146761288404053,,14,3,21.428571428571427,4,2,3.571428571428573,1,FAILED_OR_BLOCKED,14,104,7,5,104,1
CEDAR-inspired,0.5,1,Low,0.5,20272729,359.72603614605174,0.002406190839592195,0.33146761288404053,,14,3,21.428571428571427,4,2,3.571428571428573,1,FAILED_OR_BLOCKED,14,104,7,5,104,1
Proposed Failure-Aware Carbon,0.5,1,Low,0.5,20272729,359.72603614605174,0.0022968090201686176,0.3140190418656696,,14,3,21.428571428571427,4,2,3.571428571428573,1,FAILED_OR_BLOCKED,14,104,7,5,104,1
Round Robin,0.5,1,Low,0.5,20272730,360.8195249553718,0.004220920949441283,0.6461782643248345,,20,5,25.0,6,2,13.235052368528132,3,FAILED_OR_BLOCKED,20,112,9,8,112,2
Least Loaded,0.5,1,Low,0.5,20272730,360.8195249553718,0.004220920949441283,0.6461782643248345,,20,5,25.0,6,2,13.235052368528132,3,FAILED_OR_BLOCKED,20,112,9,8,112,2
Performance Only,0.5,1,Low,0.5,20272730,360.8195249553718,0.003148981319237971,0.39564585738342256,,19,7,36.84210526315789,3,4,0.0,0,FAILED_OR_BLOCKED,19,112,9,8,112,2
CEDAR-inspired,0.5,1,Low,0.5,20272730,360.8195249553718,0.003148981319237971,0.39564585738342256,,19,7,36.84210526315789,3,4,0.0,0,FAILED_OR_BLOCKED,19,112,9,8,112,2
Proposed Failure-Aware Carbon,0.5,1,Low,0.5,20272730,360.8195249553718,0.003244317242661059,0.39494624589688576,,19,8,42.10526315789473,3,4,0.0,0,FAILED_OR_BLOCKED,19,112,8,7,112,2
Round Robin,0.5,1,Low,0.5,20272731,357.83967032967627,0.00511145184040004,0.789382013603236,,23,5,21.73913043478261,9,1,7.344504373466828,4,FAILED_OR_BLOCKED,23,106,9,8,106,3
Least Loaded,0.5,1,Low,0.5,20272731,357.83967032967627,0.00511145184040004,0.789382013603236,,23,5,21.73913043478261,9,1,7.344504373466828,4,FAILED_OR_BLOCKED,23,106,9,8,106,3
Performance Only,0.5,1,Low,0.5,20272731,357.83967032967627,0.005399843757907826,0.7669028918261552,,26,8,30.76923076923077,9,1,7.261904761904761,4,FAILED_OR_BLOCKED,26,106,9,8,106,3
CEDAR-inspired,0.5,1,Low,0.5,20272731,357.83967032967627,0.005399843757907826,0.7669028918261552,,26,8,30.76923076923077,9,1,7.261904761904761,4,FAILED_OR_BLOCKED,26,106,9,8,106,3
Proposed Failure-Aware Carbon,0.5,1,Low,0.5,20272731,357.83967032967627,0.004536210343547814,0.711647547095853,,20,4,20.0,9,1,9.014893456818307,2,FAILED_OR_BLOCKED,20,106,7,6,106,3
Round Robin,0.5,1,Medium,1.0,20272829,353.7413960844882,0.0023532025883235687,0.6848690228833196,,13,1,7.6923076923076925,5,1,0.0,0,FAILED_OR_BLOCKED,13,103,7,6,103,1
Least Loaded,0.5,1,Medium,1.0,20272829,353.7413960844882,0.0023392835921402133,0.6220151622840615,,13,2,15.384615384615385,5,1,5.0,1,FAILED_OR_BLOCKED,13,103,6,5,103,1
Performance Only,0.5,1,Medium,1.0,20272829,353.7413960844882,0.0017220674144750418,0.4736835873092036,,10,2,20.0,2,2,0.0,0,FAILED_OR_BLOCKED,10,103,6,5,103,1
CEDAR-inspired,0.5,1,Medium,1.0,20272829,353.7413960844882,0.0017220674144750418,0.4736835873092036,,10,2,20.0,2,2,0.0,0,FAILED_OR_BLOCKED,10,103,6,5,103,1
Proposed Failure-Aware Carbon,0.5,1,Medium,1.0,20272829,353.7413960844882,0.0017220674144750418,0.4736835873092036,,10,2,20.0,2,2,0.0,0,FAILED_OR_BLOCKED,10,103,6,5,103,1
Round Robin,0.5,1,Medium,1.0,20272830,356.1976494676215,0.00370916101651025,1.092278977475545,,20,11,55.00000000000001,2,4,5.357142857142858,2,FAILED_OR_BLOCKED,20,105,7,6,105,2
Least Loaded,0.5,1,Medium,1.0,20272830,356.1976494676215,0.003938068518272314,1.1159719611965324,,20,10,50.0,4,3,8.238095238095237,3,FAILED_OR_BLOCKED,20,105,6,5,105,2
Performance Only,0.5,1,Medium,1.0,20272830,356.1976494676215,0.004097357784002621,1.0940091278846122,,21,10,47.61904761904761,5,3,6.746031746031746,3,FAILED_OR_BLOCKED,21,105,6,5,105,2
CEDAR-inspired,0.5,1,Medium,1.0,20272830,356.1976494676215,0.004097357784002621,1.0940091278846122,,21,10,47.61904761904761,5,3,6.746031746031746,3,FAILED_OR_BLOCKED,21,105,6,5,105,2
Proposed Failure-Aware Carbon,0.5,1,Medium,1.0,20272830,356.1976494676215,0.0040093215650922505,1.0193043318644166,,22,8,36.36363636363637,7,2,7.541666666666667,4,FAILED_OR_BLOCKED,22,105,7,6,105,2
Round Robin,0.5,1,Medium,1.0,20272831,357.3303915808479,0.002919525415809759,0.7807082172311977,,19,4,21.052631578947366,3,3,7.0,2,FAILED_OR_BLOCKED,19,106,12,9,106,3
Least Loaded,0.5,1,Medium,1.0,20272831,357.3303915808479,0.003191862166064999,0.8224130472961475,,19,4,21.052631578947366,4,2,7.0,2,FAILED_OR_BLOCKED,19,106,11,9,106,3
Performance Only,0.5,1,Medium,1.0,20272831,357.3303915808479,0.003475194105974313,0.8102774832642373,,20,6,30.0,4,2,9.360262022953084,3,FAILED_OR_BLOCKED,20,106,10,8,106,3
CEDAR-inspired,0.5,1,Medium,1.0,20272831,357.3303915808479,0.003475194105974313,0.8102774832642373,,20,6,30.0,4,2,9.360262022953084,3,FAILED_OR_BLOCKED,20,106,10,8,106,3
Proposed Failure-Aware Carbon,0.5,1,Medium,1.0,20272831,357.3303915808479,0.00274748264612765,0.5927800128115699,,16,4,25.0,4,2,5.0,1,FAILED_OR_BLOCKED,16,106,8,6,106,3
Round Robin,0.5,1,High,1.5,20272929,358.54269737493445,0.0023800741098605224,1.0466434039459727,,15,0,0.0,4,2,0.0,0,FAILED_OR_BLOCKED,15,111,11,9,111,1
Least Loaded,0.5,1,High,1.5,20272929,358.54269737493445,0.0022922211855108715,1.0184720203221123,,15,0,0.0,4,2,0.0,0,FAILED_OR_BLOCKED,15,111,11,9,111,1
Performance Only,0.5,1,High,1.5,20272929,358.54269737493445,0.0024579691735302387,0.9694488698161672,,15,3,20.0,2,3,6.666666666666667,1,FAILED_OR_BLOCKED,15,111,10,8,111,1
CEDAR-inspired,0.5,1,High,1.5,20272929,358.54269737493445,0.0024579691735302387,0.9694488698161672,,15,3,20.0,2,3,6.666666666666667,1,FAILED_OR_BLOCKED,15,111,10,8,111,1
Proposed Failure-Aware Carbon,0.5,1,High,1.5,20272929,358.54269737493445,0.0024579691735302387,0.9694488698161672,,15,3,20.0,2,3,6.666666666666667,1,FAILED_OR_BLOCKED,15,111,10,8,111,1
Round Robin,0.5,1,High,1.5,20272930,357.0725610181939,0.004011272682112686,1.9709028227938876,,19,3,15.789473684210526,7,2,7.819157835037055,2,FAILED_OR_BLOCKED,19,103,9,7,103,2
Least Loaded,0.5,1,High,1.5,20272930,357.0725610181939,0.003633277457483722,1.6601670273110027,,16,2,12.5,6,2,8.13831567007411,1,FAILED_OR_BLOCKED,16,103,8,6,103,2
Performance Only,0.5,1,High,1.5,20272930,357.0725610181939,0.004402470470462229,2.039784477967257,,23,6,26.08695652173913,6,3,6.285714285714286,3,FAILED_OR_BLOCKED,23,103,11,8,103,2
CEDAR-inspired,0.5,1,High,1.5,20272930,357.0725610181939,0.004402470470462229,2.039784477967257,,23,6,26.08695652173913,6,3,6.285714285714286,3,FAILED_OR_BLOCKED,23,103,11,8,103,2
Proposed Failure-Aware Carbon,0.5,1,High,1.5,20272930,357.0725610181939,0.004462466644508675,2.060444953419912,,23,6,26.08695652173913,6,3,6.285714285714286,3,FAILED_OR_BLOCKED,23,103,11,8,103,2
Round Robin,0.5,1,High,1.5,20272931,358.4300249858159,0.002597815615209456,1.2353653520987413,,13,3,23.076923076923077,5,1,8.007189586989147,1,FAILED_OR_BLOCKED,13,96,5,4,96,3
Least Loaded,0.5,1,High,1.5,20272931,358.4300249858159,0.002597815615209456,1.2353653520987413,,13,3,23.076923076923077,5,1,8.007189586989147,1,FAILED_OR_BLOCKED,13,96,5,4,96,3
Performance Only,0.5,1,High,1.5,20272931,358.4300249858159,0.00296835464503621,1.4014937055282173,,14,2,14.285714285714285,5,1,15.197432459973491,1,FAILED_OR_BLOCKED,14,96,7,6,96,3
CEDAR-inspired,0.5,1,High,1.5,20272931,358.4300249858159,0.00296835464503621,1.4014937055282173,,14,2,14.285714285714285,5,1,15.197432459973491,1,FAILED_OR_BLOCKED,14,96,7,6,96,3
Proposed Failure-Aware Carbon,0.5,1,High,1.5,20272931,358.4300249858159,0.002949307025988591,1.3209222769567888,,14,2,14.285714285714285,5,1,15.197432459973491,1,FAILED_OR_BLOCKED,14,96,7,6,96,3
Round Robin,0.5,2,Low,0.5,20273029,360.96609587558913,0.0018859759190703578,0.3225222237274107,,9,3,33.33333333333333,1,2,0.0,0,FAILED_OR_BLOCKED,9,104,5,3,104,1
Least Loaded,0.5,2,Low,0.5,20273029,360.96609587558913,0.0018666176503650874,0.2534848483337724,,9,4,44.44444444444444,1,2,0.0,0,FAILED_OR_BLOCKED,9,104,4,3,104,1
Performance Only,0.5,2,Low,0.5,20273029,360.96609587558913,0.0015092098562572416,0.22164703536569447,,10,2,20.0,1,2,0.0,0,FAILED_OR_BLOCKED,10,104,7,5,104,1
CEDAR-inspired,0.5,2,Low,0.5,20273029,360.96609587558913,0.0014554518413205087,0.17946078122701176,,9,3,33.33333333333333,1,2,0.0,0,FAILED_OR_BLOCKED,9,104,5,4,104,1
Proposed Failure-Aware Carbon,0.5,2,Low,0.5,20273029,360.96609587558913,0.0026648769223554564,0.3662120721339839,,17,3,17.647058823529413,2,3,0.0,0,FAILED_OR_BLOCKED,17,104,12,11,104,1
Round Robin,0.5,2,Low,0.5,20273030,354.7395037779875,0.0030426157687667545,0.5876395768721819,,15,3,20.0,2,3,0.0,0,FAILED_OR_BLOCKED,15,103,10,7,103,2
Least Loaded,0.5,2,Low,0.5,20273030,354.7395037779875,0.0030426157687667545,0.5876395768721819,,15,3,20.0,2,3,0.0,0,FAILED_OR_BLOCKED,15,103,10,7,103,2
Performance Only,0.5,2,Low,0.5,20273030,354.7395037779875,0.0029129523681368655,0.5196967742954849,,15,3,20.0,2,3,0.0,0,FAILED_OR_BLOCKED,15,103,10,7,103,2
CEDAR-inspired,0.5,2,Low,0.5,20273030,354.7395037779875,0.0037777012266805585,0.5548298542038264,,21,6,28.57142857142857,4,3,14.255343274528734,1,FAILED_OR_BLOCKED,21,103,11,9,103,2
Proposed Failure-Aware Carbon,0.5,2,Low,0.5,20273030,354.7395037779875,0.0044561578429617305,0.6115432256851256,,25,8,32.0,5,3,12.741909291733126,2,FAILED_OR_BLOCKED,25,103,12,10,103,2
Round Robin,0.5,2,Low,0.5,20273031,357.0771129269456,0.0026266028362023244,0.4139343199550727,,11,6,54.54545454545454,1,2,6.0,1,FAILED_OR_BLOCKED,11,101,4,2,101,3
Least Loaded,0.5,2,Low,0.5,20273031,357.0771129269456,0.006310550492021645,1.0581696078456024,,30,6,20.0,9,1,8.594713172945637,4,FAILED_OR_BLOCKED,30,101,15,14,101,3
Performance Only,0.5,2,Low,0.5,20273031,357.0771129269456,0.004069658592637804,0.5693005570749472,,23,8,34.78260869565217,4,2,9.166666666666668,2,FAILED_OR_BLOCKED,23,101,11,10,101,3
CEDAR-inspired,0.5,2,Low,0.5,20273031,357.0771129269456,0.00334092438863891,0.47659513103020196,,17,6,35.294117647058826,3,2,10.166666666666668,2,FAILED_OR_BLOCKED,17,101,8,6,101,3
Proposed Failure-Aware Carbon,0.5,2,Low,0.5,20273031,357.0771129269456,0.0035459071450150773,0.4293931480958186,,19,10,52.63157894736842,2,3,10.083333333333332,2,FAILED_OR_BLOCKED,19,101,7,5,101,3
Round Robin,0.5,2,Medium,1.0,20273129,359.44093739455786,0.0034436378048817956,1.068328123320561,,16,4,25.0,4,2,3.333333333333334,1,FAILED_OR_BLOCKED,16,119,8,7,119,1
Least Loaded,0.5,2,Medium,1.0,20273129,359.44093739455786,0.003057893352123252,0.7429032291313186,,16,6,37.5,4,2,3.333333333333334,1,FAILED_OR_BLOCKED,16,119,6,6,119,1
Performance Only,0.5,2,Medium,1.0,20273129,359.44093739455786,0.0029687249200877224,0.7710724845146965,,15,6,40.0,4,2,3.57604754044882,2,FAILED_OR_BLOCKED,15,119,5,4,119,1
CEDAR-inspired,0.5,2,Medium,1.0,20273129,359.44093739455786,0.0030896990849026253,0.7778737301157582,,18,4,22.22222222222222,6,2,3.57604754044882,2,FAILED_OR_BLOCKED,18,119,8,6,119,1
Proposed Failure-Aware Carbon,0.5,2,Medium,1.0,20273129,359.44093739455786,0.004206087493442825,1.1089329482442887,,22,4,18.181818181818183,9,1,5.317460317460318,3,FAILED_OR_BLOCKED,22,119,9,8,119,1
Round Robin,0.5,2,Medium,1.0,20273130,360.89606307962623,0.0031033563026572103,0.7471053664524167,,21,5,23.809523809523807,4,3,4.5,2,FAILED_OR_BLOCKED,21,108,12,9,108,2
Least Loaded,0.5,2,Medium,1.0,20273130,360.89606307962623,0.0030393715823874663,0.7498992401448484,,19,5,26.31578947368421,4,3,5.0,1,FAILED_OR_BLOCKED,19,108,10,7,108,2
Performance Only,0.5,2,Medium,1.0,20273130,360.89606307962623,0.003331252675250969,0.7066979482808656,,24,6,25.0,3,4,5.173406536176401,1,FAILED_OR_BLOCKED,24,108,15,12,108,2
CEDAR-inspired,0.5,2,Medium,1.0,20273130,360.89606307962623,0.0019089749114940726,0.3674660082791664,,13,3,23.076923076923077,3,2,0.0,0,FAILED_OR_BLOCKED,13,108,7,6,108,2
Proposed Failure-Aware Carbon,0.5,2,Medium,1.0,20273130,360.89606307962623,0.002124131564082382,0.36901241181569966,,15,3,20.0,5,1,6.0867032680882005,2,FAILED_OR_BLOCKED,15,108,7,7,108,2
Round Robin,0.5,2,Medium,1.0,20273131,354.8753649714615,0.00307212638571297,0.9154804415903222,,18,6,33.33333333333333,2,3,9.166666666666668,1,FAILED_OR_BLOCKED,18,94,10,8,94,3
Least Loaded,0.5,2,Medium,1.0,20273131,354.8753649714615,0.0030800309023148757,0.9800928606398919,,18,5,27.77777777777778,3,2,8.142591955711897,2,FAILED_OR_BLOCKED,18,94,10,9,94,3
Performance Only,0.5,2,Medium,1.0,20273131,354.8753649714615,0.005036871073314663,1.459752974343314,,27,11,40.74074074074074,6,2,8.05319321871327,5,FAILED_OR_BLOCKED,27,94,10,8,94,3
CEDAR-inspired,0.5,2,Medium,1.0,20273131,354.8753649714615,0.0047169764405490845,1.3489814938349025,,24,12,50.0,3,4,7.2023809523809526,2,FAILED_OR_BLOCKED,24,94,9,6,94,3
Proposed Failure-Aware Carbon,0.5,2,Medium,1.0,20273131,354.8753649714615,0.0046351213708675796,1.2366006958247144,,24,13,54.166666666666664,3,4,5.119047619047619,2,FAILED_OR_BLOCKED,24,94,8,6,94,3
Round Robin,0.5,2,High,1.5,20273229,360.9655926341423,0.005713855567958495,2.818860471398414,,28,7,25.0,4,4,7.311267841883251,2,FAILED_OR_BLOCKED,28,112,17,14,112,1
Least Loaded,0.5,2,High,1.5,20273229,360.9655926341423,0.004072547531209637,1.814549055109756,,20,5,25.0,3,3,6.095304217777082,2,FAILED_OR_BLOCKED,20,112,12,10,112,1
Performance Only,0.5,2,High,1.5,20273229,360.9655926341423,0.004612965951483835,1.87903357178027,,25,7,28.000000000000004,6,3,6.36904761904762,2,FAILED_OR_BLOCKED,25,112,12,10,112,1
CEDAR-inspired,0.5,2,High,1.5,20273229,360.9655926341423,0.005381724238934312,2.4096097050182386,,29,7,24.137931034482758,7,2,11.867775134318446,4,FAILED_OR_BLOCKED,29,112,15,13,112,1
Proposed Failure-Aware Carbon,0.5,2,High,1.5,20273229,360.9655926341423,0.005027580457009194,2.2790752793905216,,29,7,24.137931034482758,6,3,10.359142794325845,3,FAILED_OR_BLOCKED,29,112,16,13,112,1
Round Robin,0.5,2,High,1.5,20273230,359.0417672715273,0.00431284757944614,2.1945362943642683,,21,2,9.523809523809524,8,2,5.0,1,FAILED_OR_BLOCKED,21,102,11,10,102,2
Least Loaded,0.5,2,High,1.5,20273230,359.0417672715273,0.004049522080326331,2.056356690765104,,22,3,13.636363636363635,7,3,5.0,1,FAILED_OR_BLOCKED,22,102,12,10,102,2
Performance Only,0.5,2,High,1.5,20273230,359.0417672715273,0.0044431055855635665,2.1252732088967616,,21,5,23.809523809523807,9,1,5.411706146133899,3,FAILED_OR_BLOCKED,21,102,7,7,102,2
CEDAR-inspired,0.5,2,High,1.5,20273230,359.0417672715273,0.004026015042347124,1.9116064823555536,,19,3,15.789473684210526,9,1,4.785714285714286,2,FAILED_OR_BLOCKED,19,102,7,7,102,2
Proposed Failure-Aware Carbon,0.5,2,High,1.5,20273230,359.0417672715273,0.0030159664618572665,1.1557177261714386,,17,3,17.647058823529413,7,2,5.5,2,FAILED_OR_BLOCKED,17,102,7,5,102,2
Round Robin,0.5,2,High,1.5,20273231,360.85639196325945,0.002963723009933091,1.0805244037954393,,17,6,35.294117647058826,3,3,5.0,1,FAILED_OR_BLOCKED,17,111,8,7,111,3
Least Loaded,0.5,2,High,1.5,20273231,360.85639196325945,0.0026119627113874197,0.994818154140554,,16,5,31.25,2,3,5.0,1,FAILED_OR_BLOCKED,16,111,9,7,111,3
Performance Only,0.5,2,High,1.5,20273231,360.85639196325945,0.0019680582494735026,0.6601679334369901,,11,5,45.45454545454545,1,2,10.0,1,FAILED_OR_BLOCKED,11,111,5,3,111,3
CEDAR-inspired,0.5,2,High,1.5,20273231,360.85639196325945,0.002214223548361288,0.7081754725038907,,13,5,38.46153846153847,1,3,0.0,0,FAILED_OR_BLOCKED,13,111,7,6,111,3
Proposed Failure-Aware Carbon,0.5,2,High,1.5,20273231,360.85639196325945,0.00213804292463287,0.6357607930468215,,13,5,38.46153846153847,1,3,0.0,0,FAILED_OR_BLOCKED,13,111,7,5,111,3
Round Robin,0.5,3,Low,0.5,20273329,357.210295677869,0.00279594392896774,0.2972691578911015,,14,9,64.28571428571429,1,3,0.0,0,FAILED_OR_BLOCKED,14,105,4,3,105,1
Least Loaded,0.5,3,Low,0.5,20273329,357.210295677869,0.0020840829310567947,0.26704787901779287,,11,4,36.36363636363637,2,2,0.0,0,FAILED_OR_BLOCKED,11,105,5,3,105,1
Performance Only,0.5,3,Low,0.5,20273329,357.210295677869,0.002318863650916431,0.3122739920819091,,11,5,45.45454545454545,2,2,0.0,0,FAILED_OR_BLOCKED,11,105,4,3,105,1
CEDAR-inspired,0.5,3,Low,0.5,20273329,357.210295677869,0.00300888696711076,0.3652209874971088,,13,7,53.84615384615385,2,2,13.92857142857143,1,FAILED_OR_BLOCKED,13,105,4,3,105,1
Proposed Failure-Aware Carbon,0.5,3,Low,0.5,20273329,357.210295677869,0.0019060557527571225,0.16190741645517429,,10,3,30.0,5,1,0.0,0,FAILED_OR_BLOCKED,10,105,2,2,105,1
Round Robin,0.5,3,Low,0.5,20273330,358.30148390273587,0.005774852556837584,0.8078506105085513,,28,7,25.0,11,1,7.719119600749,5,FAILED_OR_BLOCKED,28,107,10,10,107,2
Least Loaded,0.5,3,Low,0.5,20273330,358.30148390273587,0.005310972950424988,0.7714269611812181,,25,5,20.0,10,1,9.150019667657494,4,FAILED_OR_BLOCKED,25,107,10,9,107,2
Performance Only,0.5,3,Low,0.5,20273330,358.30148390273587,0.004836666091206721,0.6810554692365638,,23,8,34.78260869565217,12,0,5.436783878055623,8,COMPLETED,23,107,3,3,107,2
CEDAR-inspired,0.5,3,Low,0.5,20273330,358.30148390273587,0.005935191937512341,0.7704632217427947,,30,11,36.666666666666664,11,1,8.298001452057173,8,FAILED_OR_BLOCKED,30,107,8,7,107,2
Proposed Failure-Aware Carbon,0.5,3,Low,0.5,20273330,358.30148390273587,0.004959564253731253,0.5404130975836101,,27,8,29.629629629629626,11,1,8.654431891730276,6,FAILED_OR_BLOCKED,27,107,8,7,107,2
Round Robin,0.5,3,Low,0.5,20273331,358.1943719581156,0.0030324632543238567,0.4836163867628921,,13,4,30.76923076923077,5,1,7.708333333333334,2,FAILED_OR_BLOCKED,13,105,4,3,105,3
Least Loaded,0.5,3,Low,0.5,20273331,358.1943719581156,0.0036259854804140965,0.48808732057451254,,17,6,35.294117647058826,4,2,18.17226199570969,1,FAILED_OR_BLOCKED,17,105,7,6,105,3
Performance Only,0.5,3,Low,0.5,20273331,358.1943719581156,0.00312366490144788,0.4346272695981768,,15,6,40.0,5,1,8.061534679432985,3,FAILED_OR_BLOCKED,15,105,4,3,105,3
CEDAR-inspired,0.5,3,Low,0.5,20273331,358.1943719581156,0.0024400609943076986,0.3073053472754705,,12,3,25.0,5,1,5.642857142857142,2,FAILED_OR_BLOCKED,12,105,4,3,105,3
Proposed Failure-Aware Carbon,0.5,3,Low,0.5,20273331,358.1943719581156,0.002392971047217752,0.256371484841608,,12,3,25.0,5,1,5.916666666666667,2,FAILED_OR_BLOCKED,12,105,4,3,105,3
Round Robin,0.5,3,Medium,1.0,20273429,355.47517677084494,0.0032651534366142164,0.8814496626375954,,19,8,42.10526315789473,3,3,8.428499044237503,1,FAILED_OR_BLOCKED,19,103,8,7,103,1
Least Loaded,0.5,3,Medium,1.0,20273429,355.47517677084494,0.0037695980565464167,0.9908452453855982,,23,6,26.08695652173913,6,2,9.537976457579951,2,FAILED_OR_BLOCKED,23,103,11,10,103,1
Performance Only,0.5,3,Medium,1.0,20273429,355.47517677084494,0.003483911861783784,0.843321706683283,,20,8,40.0,5,3,7.5,1,FAILED_OR_BLOCKED,20,103,7,6,103,1
CEDAR-inspired,0.5,3,Medium,1.0,20273429,355.47517677084494,0.0037842516074683137,0.937347812608984,,19,8,42.10526315789473,5,3,0.0,0,FAILED_OR_BLOCKED,19,103,6,5,103,1
Proposed Failure-Aware Carbon,0.5,3,Medium,1.0,20273429,355.47517677084494,0.0028198171345336855,0.6156281173156782,,16,5,31.25,5,2,7.915907511874419,1,FAILED_OR_BLOCKED,16,103,6,5,103,1
Round Robin,0.5,3,Medium,1.0,20273430,354.9710777357103,0.005130832359396142,1.9581057908596418,,21,5,23.809523809523807,4,3,6.300830191382264,2,FAILED_OR_BLOCKED,21,106,12,10,106,2
Least Loaded,0.5,3,Medium,1.0,20273430,354.9710777357103,0.004248056308430201,1.6720482861367456,,19,3,15.789473684210526,5,2,6.925557238064194,2,FAILED_OR_BLOCKED,19,106,11,10,106,2
Performance Only,0.5,3,Medium,1.0,20273430,354.9710777357103,0.0033166158953383115,1.2318973400022046,,15,3,20.0,4,2,0.0,0,FAILED_OR_BLOCKED,15,106,8,7,106,2
CEDAR-inspired,0.5,3,Medium,1.0,20273430,354.9710777357103,0.0014170254075314731,0.35163503292991216,,9,3,33.33333333333333,1,2,0.0,0,FAILED_OR_BLOCKED,9,106,5,4,106,2
Proposed Failure-Aware Carbon,0.5,3,Medium,1.0,20273430,354.9710777357103,0.0013377549406460645,0.26845938192839963,,9,2,22.22222222222222,1,2,0.0,0,FAILED_OR_BLOCKED,9,106,6,5,106,2
Round Robin,0.5,3,Medium,1.0,20273431,360.971599552271,0.0020257005820960893,0.5236731256190377,,14,2,14.285714285714285,3,2,6.368569178475834,1,FAILED_OR_BLOCKED,14,102,9,7,102,3
Least Loaded,0.5,3,Medium,1.0,20273431,360.971599552271,0.0019820721526467933,0.5125512908255884,,14,1,7.142857142857142,3,2,6.368569178475834,1,FAILED_OR_BLOCKED,14,102,10,8,102,3
Performance Only,0.5,3,Medium,1.0,20273431,360.971599552271,0.002372502117881483,0.5809493723730883,,16,3,18.75,3,3,0.0,0,FAILED_OR_BLOCKED,16,102,10,8,102,3
CEDAR-inspired,0.5,3,Medium,1.0,20273431,360.971599552271,0.0030561712219799456,0.7269117560646146,,17,4,23.52941176470588,4,3,0.0,0,FAILED_OR_BLOCKED,17,102,9,8,102,3
Proposed Failure-Aware Carbon,0.5,3,Medium,1.0,20273431,360.971599552271,0.002670934011376794,0.5343632208044012,,17,3,17.647058823529413,6,2,10.342159677763883,1,FAILED_OR_BLOCKED,17,102,8,7,102,3
Round Robin,0.5,3,High,1.5,20273529,359.4846535860482,0.0038277425972646625,1.3698127063528656,,21,5,23.809523809523807,7,2,6.539316505009144,3,FAILED_OR_BLOCKED,21,106,9,8,106,1
Least Loaded,0.5,3,High,1.5,20273529,359.4846535860482,0.004020529798544976,1.3515558868039623,,23,4,17.391304347826086,9,1,6.770046011230327,3,FAILED_OR_BLOCKED,23,106,10,9,106,1
Performance Only,0.5,3,High,1.5,20273529,359.4846535860482,0.00375393492808345,1.016800549086079,,21,4,19.047619047619047,8,1,8.000000000000002,1,FAILED_OR_BLOCKED,21,106,9,9,106,1
CEDAR-inspired,0.5,3,High,1.5,20273529,359.4846535860482,0.003972552464063833,1.3491435889116647,,25,5,20.0,7,2,7.999999999999998,1,FAILED_OR_BLOCKED,25,106,13,13,106,1
Proposed Failure-Aware Carbon,0.5,3,High,1.5,20273529,359.4846535860482,0.0032043171414065687,0.7831762588643651,,20,1,5.0,12,0,6.0,1,COMPLETED,20,106,7,7,106,1
Round Robin,0.5,3,High,1.5,20273530,359.2420709022657,0.0025448704828695827,0.8744414284406323,,13,6,46.15384615384615,2,2,6.666666666666668,1,FAILED_OR_BLOCKED,13,109,5,5,109,2
Least Loaded,0.5,3,High,1.5,20273530,359.2420709022657,0.002243234309639869,0.767312085561662,,12,5,41.66666666666667,2,2,8.0,1,FAILED_OR_BLOCKED,12,109,5,4,109,2
Performance Only,0.5,3,High,1.5,20273530,359.2420709022657,0.0038160788161876007,1.352793323900095,,21,8,38.095238095238095,3,3,6.475054925129817,2,FAILED_OR_BLOCKED,21,109,10,8,109,2
CEDAR-inspired,0.5,3,High,1.5,20273530,359.2420709022657,0.003747687128883771,1.1922656245950307,,21,9,42.857142857142854,3,3,6.141721591796484,2,FAILED_OR_BLOCKED,21,109,9,8,109,2
Proposed Failure-Aware Carbon,0.5,3,High,1.5,20273530,359.2420709022657,0.004644880415927753,1.2470815497940524,,24,12,50.0,6,2,8.559523809523808,4,FAILED_OR_BLOCKED,24,109,6,6,109,2
Round Robin,0.5,3,High,1.5,20273531,359.9324756102747,0.0013631059224961098,0.49499664046601555,,12,2,16.666666666666664,0,3,0.0,0,FAILED_OR_BLOCKED,12,110,10,8,110,3
Least Loaded,0.5,3,High,1.5,20273531,359.9324756102747,0.0013631059224961098,0.49499664046601555,,12,2,16.666666666666664,0,3,0.0,0,FAILED_OR_BLOCKED,12,110,10,8,110,3
Performance Only,0.5,3,High,1.5,20273531,359.9324756102747,0.0007633585291982807,0.2381034081437296,,12,0,0.0,0,3,0.0,0,FAILED_OR_BLOCKED,12,110,12,9,110,3
CEDAR-inspired,0.5,3,High,1.5,20273531,359.9324756102747,0.0011336619245680148,0.38837881644257455,,12,1,8.333333333333332,0,3,0.0,0,FAILED_OR_BLOCKED,12,110,11,9,110,3
Proposed Failure-Aware Carbon,0.5,3,High,1.5,20273531,359.9324756102747,0.0008993887104413166,0.27977592119643135,,12,1,8.333333333333332,0,3,0.0,0,FAILED_OR_BLOCKED,12,110,11,9,110,3
Round Robin,0.5,1,Low,0.5,20273629,360.47708067587826,0.005020479586971716,0.8158939136695045,,24,9,37.5,3,4,11.666666666666671,1,FAILED_OR_BLOCKED,24,101,12,9,101,1
Least Loaded,0.5,1,Low,0.5,20273629,360.47708067587826,0.004576644380232186,0.7478019397336337,,21,8,38.095238095238095,4,3,11.666666666666671,1,FAILED_OR_BLOCKED,21,101,9,8,101,1
Performance Only,0.5,1,Low,0.5,20273629,360.47708067587826,0.0031283430883156105,0.4726964333462461,,16,5,31.25,3,2,0.0,0,FAILED_OR_BLOCKED,16,101,8,7,101,1
CEDAR-inspired,0.5,1,Low,0.5,20273629,360.47708067587826,0.0031283430883156105,0.4726964333462461,,16,5,31.25,3,2,0.0,0,FAILED_OR_BLOCKED,16,101,8,7,101,1
Proposed Failure-Aware Carbon,0.5,1,Low,0.5,20273629,360.47708067587826,0.0031283430883156105,0.4726964333462461,,16,5,31.25,3,2,0.0,0,FAILED_OR_BLOCKED,16,101,8,7,101,1
Round Robin,0.5,1,Low,0.5,20273630,360.03703299860217,0.002725535313369118,0.39701762747104913,,14,2,14.285714285714285,3,2,0.0,0,FAILED_OR_BLOCKED,14,101,9,7,101,2
Least Loaded,0.5,1,Low,0.5,20273630,360.03703299860217,0.002917819084606874,0.4199342672307866,,16,3,18.75,3,2,3.333333333333332,1,FAILED_OR_BLOCKED,16,101,10,8,101,2
Performance Only,0.5,1,Low,0.5,20273630,360.03703299860217,0.0042279317675911485,0.5810508682975213,,20,6,30.0,4,2,8.777777777777777,3,FAILED_OR_BLOCKED,20,101,10,8,101,2
CEDAR-inspired,0.5,1,Low,0.5,20273630,360.03703299860217,0.0042279317675911485,0.5810508682975213,,20,6,30.0,4,2,8.777777777777777,3,FAILED_OR_BLOCKED,20,101,10,8,101,2
Proposed Failure-Aware Carbon,0.5,1,Low,0.5,20273630,360.03703299860217,0.004223027809470081,0.5787460079806196,,20,7,35.0,4,2,7.625,4,FAILED_OR_BLOCKED,20,101,9,7,101,2
Round Robin,0.5,1,Low,0.5,20273631,359.30509602391624,0.0027453658420798,0.35046942578578966,,14,4,28.57142857142857,4,2,0.0,0,FAILED_OR_BLOCKED,14,104,6,6,104,3
Least Loaded,0.5,1,Low,0.5,20273631,359.30509602391624,0.0027453658420798,0.35046942578578966,,14,4,28.57142857142857,4,2,0.0,0,FAILED_OR_BLOCKED,14,104,6,6,104,3
Performance Only,0.5,1,Low,0.5,20273631,359.30509602391624,0.0013786431616192815,0.1950286637291223,,10,3,30.0,1,2,7.083627267414347,1,FAILED_OR_BLOCKED,10,104,6,4,104,3
CEDAR-inspired,0.5,1,Low,0.5,20273631,359.30509602391624,0.0013786431616192815,0.1950286637291223,,10,3,30.0,1,2,7.083627267414347,1,FAILED_OR_BLOCKED,10,104,6,4,104,3
Proposed Failure-Aware Carbon,0.5,1,Low,0.5,20273631,359.30509602391624,0.0026082418836798193,0.3218936097988348,,15,4,26.666666666666668,5,1,6.218351946280972,3,FAILED_OR_BLOCKED,15,104,6,5,104,3
Round Robin,0.5,1,Medium,1.0,20273729,356.3775259768197,0.0037104950731269076,1.1267418127212705,,18,4,22.22222222222222,5,2,5.666666666666667,3,FAILED_OR_BLOCKED,18,109,9,8,109,1
Least Loaded,0.5,1,Medium,1.0,20273729,356.3775259768197,0.00332200982293974,0.9420662007847834,,18,4,22.22222222222222,5,2,5.666666666666667,3,FAILED_OR_BLOCKED,18,109,9,8,109,1
Performance Only,0.5,1,Medium,1.0,20273729,356.3775259768197,0.0040408259777926945,1.179198953924913,,19,2,10.526315789473683,8,1,4.916666666666668,2,FAILED_OR_BLOCKED,19,109,9,8,109,1
CEDAR-inspired,0.5,1,Medium,1.0,20273729,356.3775259768197,0.0040408259777926945,1.179198953924913,,19,2,10.526315789473683,8,1,4.916666666666668,2,FAILED_OR_BLOCKED,19,109,9,8,109,1
Proposed Failure-Aware Carbon,0.5,1,Medium,1.0,20273729,356.3775259768197,0.003992677829644546,1.1719396946656537,,19,2,10.526315789473683,8,1,4.583333333333335,2,FAILED_OR_BLOCKED,19,109,9,8,109,1
Round Robin,0.5,1,Medium,1.0,20273730,356.8299388999937,0.0042547361486296835,1.1614340937752023,,22,7,31.818181818181817,7,2,6.857142857142858,2,FAILED_OR_BLOCKED,22,98,8,8,98,2
Least Loaded,0.5,1,Medium,1.0,20273730,356.8299388999937,0.003966975942060863,1.1106625224843143,,20,5,25.0,7,2,8.0,1,FAILED_OR_BLOCKED,20,98,8,7,98,2
Performance Only,0.5,1,Medium,1.0,20273730,356.8299388999937,0.004692061585414439,1.192901468602326,,22,6,27.27272727272727,8,1,8.333333333333334,2,FAILED_OR_BLOCKED,22,98,8,8,98,2
CEDAR-inspired,0.5,1,Medium,1.0,20273730,356.8299388999937,0.004692061585414439,1.192901468602326,,22,6,27.27272727272727,8,1,8.333333333333334,2,FAILED_OR_BLOCKED,22,98,8,8,98,2
Proposed Failure-Aware Carbon,0.5,1,Medium,1.0,20273730,356.8299388999937,0.004051321974035934,0.9967536592628484,,20,5,25.0,8,1,8.80375754600018,2,FAILED_OR_BLOCKED,20,98,7,7,98,2
Round Robin,0.5,1,Medium,1.0,20273731,360.6035696297449,0.002191041409853346,0.6148720787922926,,16,1,6.25,3,2,0.0,0,FAILED_OR_BLOCKED,16,116,12,10,116,3
Least Loaded,0.5,1,Medium,1.0,20273731,360.6035696297449,0.002383858449018144,0.6274652407795985,,16,1,6.25,3,2,0.0,0,FAILED_OR_BLOCKED,16,116,12,10,116,3
Performance Only,0.5,1,Medium,1.0,20273731,360.6035696297449,0.002387571591049409,0.6021924699181027,,18,3,16.666666666666664,3,3,4.904617704002753,1,FAILED_OR_BLOCKED,18,116,12,9,116,3
CEDAR-inspired,0.5,1,Medium,1.0,20273731,360.6035696297449,0.002387571591049409,0.6021924699181027,,18,3,16.666666666666664,3,3,4.904617704002753,1,FAILED_OR_BLOCKED,18,116,12,9,116,3
Proposed Failure-Aware Carbon,0.5,1,Medium,1.0,20273731,360.6035696297449,0.0024140340058186123,0.571645934617246,,18,3,16.666666666666664,3,3,4.904617704002753,1,FAILED_OR_BLOCKED,18,116,12,9,116,3
Round Robin,0.5,1,High,1.5,20273829,358.2800448470486,0.0033939975239438455,1.75240512385759,,16,6,37.5,2,3,4.0,1,FAILED_OR_BLOCKED,16,98,8,6,98,1
Least Loaded,0.5,1,High,1.5,20273829,358.2800448470486,0.004227343679508157,1.9605719565267714,,19,7,36.84210526315789,4,2,11.817295096840418,3,FAILED_OR_BLOCKED,19,98,8,7,98,1
Performance Only,0.5,1,High,1.5,20273829,358.2800448470486,0.0038502444815504636,1.8857082056394348,,19,7,36.84210526315789,4,2,8.722057001602323,3,FAILED_OR_BLOCKED,19,98,8,7,98,1
CEDAR-inspired,0.5,1,High,1.5,20273829,358.2800448470486,0.0038502444815504636,1.8857082056394348,,19,7,36.84210526315789,4,2,8.722057001602323,3,FAILED_OR_BLOCKED,19,98,8,7,98,1
Proposed Failure-Aware Carbon,0.5,1,High,1.5,20273829,358.2800448470486,0.003932417502604504,1.900499349429162,,20,7,35.0,4,2,9.543787212142725,3,FAILED_OR_BLOCKED,20,98,9,8,98,1
Round Robin,0.5,1,High,1.5,20273830,358.6701956324269,0.0022293166311918786,1.0351212654264594,,12,5,41.66666666666667,0,3,0.0,0,FAILED_OR_BLOCKED,12,104,7,5,104,2
Least Loaded,0.5,1,High,1.5,20273830,358.6701956324269,0.0022293166311918786,1.0351212654264594,,12,5,41.66666666666667,0,3,0.0,0,FAILED_OR_BLOCKED,12,104,7,5,104,2
Performance Only,0.5,1,High,1.5,20273830,358.6701956324269,0.004688668477144844,2.20716770202882,,25,9,36.0,4,3,12.734344828156328,4,FAILED_OR_BLOCKED,25,104,12,9,104,2
CEDAR-inspired,0.5,1,High,1.5,20273830,358.6701956324269,0.004688668477144844,2.20716770202882,,25,9,36.0,4,3,12.734344828156328,4,FAILED_OR_BLOCKED,25,104,12,9,104,2
Proposed Failure-Aware Carbon,0.5,1,High,1.5,20273830,358.6701956324269,0.004571000556362839,2.047033986476063,,23,9,39.130434782608695,4,3,9.663576052823753,4,FAILED_OR_BLOCKED,23,104,10,7,104,2
Round Robin,0.5,1,High,1.5,20273831,358.1974447765035,0.0029013323060343896,1.4336452608810926,,17,5,29.411764705882355,1,4,0.0,0,FAILED_OR_BLOCKED,17,104,11,7,104,3
Least Loaded,0.5,1,High,1.5,20273831,358.1974447765035,0.0028270334470814383,1.3075381472076117,,17,5,29.411764705882355,1,4,0.0,0,FAILED_OR_BLOCKED,17,104,11,7,104,3
Performance Only,0.5,1,High,1.5,20273831,358.1974447765035,0.0029158186057413917,1.2486832101754273,,17,6,35.294117647058826,1,4,0.0,0,FAILED_OR_BLOCKED,17,104,10,7,104,3
CEDAR-inspired,0.5,1,High,1.5,20273831,358.1974447765035,0.0029158186057413917,1.2486832101754273,,17,6,35.294117647058826,1,4,0.0,0,FAILED_OR_BLOCKED,17,104,10,7,104,3
Proposed Failure-Aware Carbon,0.5,1,High,1.5,20273831,358.1974447765035,0.0029158186057413917,1.2486832101754273,,17,6,35.294117647058826,1,4,0.0,0,FAILED_OR_BLOCKED,17,104,10,7,104,3
Round Robin,0.5,2,Low,0.5,20273929,360.9209781068067,0.00399907464680416,0.472443763382796,,20,6,30.0,5,2,8.741350954237033,3,FAILED_OR_BLOCKED,20,101,9,7,101,1
Least Loaded,0.5,2,Low,0.5,20273929,360.9209781068067,0.004085356183196763,0.4606900218940001,,20,7,35.0,5,2,8.463573176459255,3,FAILED_OR_BLOCKED,20,101,8,6,101,1
Performance Only,0.5,2,Low,0.5,20273929,360.9209781068067,0.00497099337835915,0.6574988273844106,,23,8,34.78260869565217,8,1,7.383394168058727,4,FAILED_OR_BLOCKED,23,101,7,7,101,1
CEDAR-inspired,0.5,2,Low,0.5,20273929,360.9209781068067,0.003827309410219294,0.4380021118576458,,20,5,25.0,8,1,9.409645478974596,2,FAILED_OR_BLOCKED,20,101,7,6,101,1
Proposed Failure-Aware Carbon,0.5,2,Low,0.5,20273929,360.9209781068067,0.0042768813836206255,0.39601101331626204,,20,7,35.0,8,1,9.495319208205288,3,FAILED_OR_BLOCKED,20,101,5,4,101,1
Round Robin,0.5,2,Low,0.5,20273930,359.26039531292713,0.005835658132771945,0.7001757723460735,,30,10,33.33333333333333,7,3,9.413886291869952,5,FAILED_OR_BLOCKED,30,96,13,11,96,2
Least Loaded,0.5,2,Low,0.5,20273930,359.26039531292713,0.003695366700994999,0.47244918383301054,,20,4,20.0,8,1,10.5,2,FAILED_OR_BLOCKED,20,96,8,7,96,2
Performance Only,0.5,2,Low,0.5,20273930,359.26039531292713,0.002160247221803088,0.237133221291711,,12,3,25.0,3,2,0.0,0,FAILED_OR_BLOCKED,12,96,6,5,96,2
CEDAR-inspired,0.5,2,Low,0.5,20273930,359.26039531292713,0.005214168981889325,0.5476120169471477,,27,8,29.629629629629626,12,0,9.518088191413852,5,COMPLETED,27,96,7,7,96,2
Proposed Failure-Aware Carbon,0.5,2,Low,0.5,20273930,359.26039531292713,0.005077889410116989,0.4860589700701863,,27,8,29.629629629629626,12,0,9.827612000937663,5,COMPLETED,27,96,7,7,96,2
Round Robin,0.5,2,Low,0.5,20273931,358.83705310434414,0.004564613091615406,0.6348365643247134,,24,8,33.33333333333333,5,3,6.237371497686421,3,FAILED_OR_BLOCKED,24,101,11,9,101,3
Least Loaded,0.5,2,Low,0.5,20273931,358.83705310434414,0.004299368814882842,0.5639594737644561,,22,8,36.36363636363637,7,2,5.6421334024483265,3,FAILED_OR_BLOCKED,22,101,7,6,101,3
Performance Only,0.5,2,Low,0.5,20273931,358.83705310434414,0.004432087358102825,0.5233342465274151,,24,8,33.33333333333333,7,2,8.239794511296788,2,FAILED_OR_BLOCKED,24,101,9,8,101,3
CEDAR-inspired,0.5,2,Low,0.5,20273931,358.83705310434414,0.005778867394618582,0.6991580926603396,,31,11,35.483870967741936,10,1,8.11861337480233,5,FAILED_OR_BLOCKED,31,101,10,10,101,3
Proposed Failure-Aware Carbon,0.5,2,Low,0.5,20273931,358.83705310434414,0.004117908764771823,0.4554586236015263,,22,7,31.818181818181817,9,1,8.779219099455293,4,FAILED_OR_BLOCKED,22,101,6,5,101,3
Round Robin,0.5,2,Medium,1.0,20274029,354.16844406085255,0.0023440958626796586,0.9734905940753109,,11,2,18.181818181818183,1,2,0.0,0,FAILED_OR_BLOCKED,11,108,8,7,108,1
Least Loaded,0.5,2,Medium,1.0,20274029,354.16844406085255,0.002379108321866996,0.8953081839638377,,11,3,27.27272727272727,1,2,0.0,0,FAILED_OR_BLOCKED,11,108,7,7,108,1
Performance Only,0.5,2,Medium,1.0,20274029,354.16844406085255,0.0023452812693351,0.9070451632159037,,12,2,16.666666666666664,1,2,12.226882691072241,1,FAILED_OR_BLOCKED,12,108,9,7,108,1
CEDAR-inspired,0.5,2,Medium,1.0,20274029,354.16844406085255,0.0022740117752527043,0.8769853078888098,,11,2,18.181818181818183,1,2,10.358688958654128,1,FAILED_OR_BLOCKED,11,108,8,6,108,1
Proposed Failure-Aware Carbon,0.5,2,Medium,1.0,20274029,354.16844406085255,0.0022740117752527043,0.8769853078888098,,11,2,18.181818181818183,1,2,10.358688958654128,1,FAILED_OR_BLOCKED,11,108,8,6,108,1
Round Robin,0.5,2,Medium,1.0,20274030,358.3690039186874,0.005267724768958801,1.912036731581337,,22,5,22.727272727272727,7,2,5.3788616566746015,1,FAILED_OR_BLOCKED,22,108,10,10,108,2
Least Loaded,0.5,2,Medium,1.0,20274030,358.3690039186874,0.004136707445499614,1.4234838377869117,,22,7,31.818181818181817,5,3,12.0,1,FAILED_OR_BLOCKED,22,108,10,9,108,2
Performance Only,0.5,2,Medium,1.0,20274030,358.3690039186874,0.0030917600929742054,0.7283214442985222,,23,5,21.73913043478261,6,2,5.922127300577069,4,FAILED_OR_BLOCKED,23,108,12,10,108,2
CEDAR-inspired,0.5,2,Medium,1.0,20274030,358.3690039186874,0.003859814950031652,1.0187147913270356,,23,7,30.434782608695656,3,4,4.531359936267771,1,FAILED_OR_BLOCKED,23,108,13,11,108,2
Proposed Failure-Aware Carbon,0.5,2,Medium,1.0,20274030,358.3690039186874,0.004280372630325508,1.3315186085714774,,22,5,22.727272727272727,6,2,4.531359936267771,1,FAILED_OR_BLOCKED,22,108,11,10,108,2
Round Robin,0.5,2,Medium,1.0,20274031,357.86742276412525,0.004022542907502273,1.4367756945102395,,19,2,10.526315789473683,5,3,0.0,0,FAILED_OR_BLOCKED,19,108,12,10,108,3
Least Loaded,0.5,2,Medium,1.0,20274031,357.86742276412525,0.003084846688332742,1.0022956943676362,,18,2,11.11111111111111,4,3,0.0,0,FAILED_OR_BLOCKED,18,108,12,10,108,3
Performance Only,0.5,2,Medium,1.0,20274031,357.86742276412525,0.0043610014156279025,1.386096873631947,,20,2,10.0,5,3,5.0,1,FAILED_OR_BLOCKED,20,108,13,10,108,3
CEDAR-inspired,0.5,2,Medium,1.0,20274031,357.86742276412525,0.003541446374241782,0.9634096695409693,,18,3,16.666666666666664,4,3,6.666666666666667,1,FAILED_OR_BLOCKED,18,108,11,9,108,3
Proposed Failure-Aware Carbon,0.5,2,Medium,1.0,20274031,357.86742276412525,0.003556192719284934,0.9911759957862943,,18,3,16.666666666666664,4,3,6.666666666666667,1,FAILED_OR_BLOCKED,18,108,11,9,108,3
Round Robin,0.5,2,High,1.5,20274129,354.7899359803069,0.00538549334547929,2.2586227548475164,,28,5,17.857142857142858,12,0,6.640873166205567,4,COMPLETED,28,102,11,11,102,1
Least Loaded,0.5,2,High,1.5,20274129,354.7899359803069,0.005051804936356987,1.9940176527249345,,25,5,20.0,12,0,6.474869973299032,5,COMPLETED,25,102,8,8,102,1
Performance Only,0.5,2,High,1.5,20274129,354.7899359803069,0.0042661708605312995,1.6470640160357715,,21,4,19.047619047619047,12,0,5.0,4,COMPLETED,21,102,5,5,102,1
CEDAR-inspired,0.5,2,High,1.5,20274129,354.7899359803069,0.003910935625139986,1.385692927979464,,21,5,23.809523809523807,12,0,6.459697580686625,4,COMPLETED,21,102,4,4,102,1
Proposed Failure-Aware Carbon,0.5,2,High,1.5,20274129,354.7899359803069,0.0047857211656370325,1.52639612627931,,25,5,20.0,12,0,7.269561911371924,5,COMPLETED,25,102,8,8,102,1
Round Robin,0.5,2,High,1.5,20274130,360.0868363006913,0.005191371025310463,2.2519896309843834,,26,9,34.61538461538461,7,2,9.504644533122825,5,FAILED_OR_BLOCKED,26,110,10,8,110,2
Least Loaded,0.5,2,High,1.5,20274130,360.0868363006913,0.005330068039037373,2.2314088919851436,,25,10,40.0,7,2,8.918772483269532,5,FAILED_OR_BLOCKED,25,110,8,7,110,2
Performance Only,0.5,2,High,1.5,20274130,360.0868363006913,0.0034247483737999697,1.168022160753992,,18,7,38.88888888888889,5,2,4.904761904761905,3,FAILED_OR_BLOCKED,18,110,6,5,110,2
CEDAR-inspired,0.5,2,High,1.5,20274130,360.0868363006913,0.004618391208136872,1.9799157138639925,,24,6,25.0,9,1,8.354639241621456,5,FAILED_OR_BLOCKED,24,110,9,8,110,2
Proposed Failure-Aware Carbon,0.5,2,High,1.5,20274130,360.0868363006913,0.003530905554798494,1.065571802024379,,20,5,25.0,8,1,7.289376131110569,3,FAILED_OR_BLOCKED,20,110,7,6,110,2
Round Robin,0.5,2,High,1.5,20274131,358.36349478297274,0.004359397195486926,1.8442413499122943,,21,4,19.047619047619047,12,0,8.027353293682232,3,COMPLETED,21,109,5,5,109,3
Least Loaded,0.5,2,High,1.5,20274131,358.36349478297274,0.00465323095785739,1.9854411584646354,,24,6,25.0,9,2,7.995988332752983,3,FAILED_OR_BLOCKED,24,109,9,8,109,3
Performance Only,0.5,2,High,1.5,20274131,358.36349478297274,0.004190469220689443,1.6148232260907829,,22,7,31.818181818181817,10,1,9.114654880983817,3,FAILED_OR_BLOCKED,22,109,5,5,109,3
CEDAR-inspired,0.5,2,High,1.5,20274131,358.36349478297274,0.0040161751930573595,1.415617253448122,,22,6,27.27272727272727,10,1,9.074972341301278,3,FAILED_OR_BLOCKED,22,109,6,5,109,3
Proposed Failure-Aware Carbon,0.5,2,High,1.5,20274131,358.36349478297274,0.004577415322166723,1.5500581752467668,,25,9,36.0,9,2,9.463861230190167,3,FAILED_OR_BLOCKED,25,109,7,5,109,3
Round Robin,0.5,3,Low,0.5,20274229,360.36176851152476,0.002565380455644808,0.3935481183317251,,18,3,16.666666666666664,3,3,0.0,0,FAILED_OR_BLOCKED,18,114,12,10,114,1
Least Loaded,0.5,3,Low,0.5,20274229,360.36176851152476,0.0025815311359913586,0.38975188380685133,,19,3,15.789473684210526,3,3,0.0,0,FAILED_OR_BLOCKED,19,114,13,11,114,1
Performance Only,0.5,3,Low,0.5,20274229,360.36176851152476,0.0017993478430436763,0.30357417766432104,,14,2,14.285714285714285,2,3,0.0,0,FAILED_OR_BLOCKED,14,114,10,7,114,1
CEDAR-inspired,0.5,3,Low,0.5,20274229,360.36176851152476,0.0017754615912002538,0.28861127894792554,,14,2,14.285714285714285,2,3,0.0,0,FAILED_OR_BLOCKED,14,114,10,7,114,1
Proposed Failure-Aware Carbon,0.5,3,Low,0.5,20274229,360.36176851152476,0.0016214765336470915,0.2301038600130205,,14,2,14.285714285714285,2,3,0.0,0,FAILED_OR_BLOCKED,14,114,10,7,114,1
Round Robin,0.5,3,Low,0.5,20274230,353.41290020484524,0.0027433432483545835,0.4067202574096071,,12,5,41.66666666666667,2,2,9.0,1,FAILED_OR_BLOCKED,12,105,5,5,105,2
Least Loaded,0.5,3,Low,0.5,20274230,353.41290020484524,0.0027433432483545835,0.4067202574096071,,12,5,41.66666666666667,2,2,9.0,1,FAILED_OR_BLOCKED,12,105,5,5,105,2
Performance Only,0.5,3,Low,0.5,20274230,353.41290020484524,0.0028828956101385962,0.37317508226153,,15,5,33.33333333333333,5,1,5.9674698621222095,2,FAILED_OR_BLOCKED,15,105,5,5,105,2
CEDAR-inspired,0.5,3,Low,0.5,20274230,353.41290020484524,0.003091046044423132,0.38201261806283415,,16,4,25.0,5,1,7.335910149266672,3,FAILED_OR_BLOCKED,16,105,7,7,105,2
Proposed Failure-Aware Carbon,0.5,3,Low,0.5,20274230,353.41290020484524,0.003371003680425033,0.29509520533950107,,16,8,50.0,5,1,9.193098087682477,4,FAILED_OR_BLOCKED,16,105,3,3,105,2
Round Robin,0.5,3,Low,0.5,20274231,356.3798775838591,0.0036724972023455715,0.4342671520931262,,21,4,19.047619047619047,8,1,5.133660182425671,2,FAILED_OR_BLOCKED,21,99,9,9,99,3
Least Loaded,0.5,3,Low,0.5,20274231,356.3798775838591,0.003803412097648125,0.47326839805536836,,21,4,19.047619047619047,8,1,5.448751417125639,2,FAILED_OR_BLOCKED,21,99,9,8,99,3
Performance Only,0.5,3,Low,0.5,20274231,356.3798775838591,0.004593407199440589,0.5851592280642366,,21,7,33.33333333333333,8,1,5.031992551626845,4,FAILED_OR_BLOCKED,21,99,6,6,99,3
CEDAR-inspired,0.5,3,Low,0.5,20274231,356.3798775838591,0.00352404202790076,0.4132982000004343,,18,7,38.88888888888889,5,2,9.026463646434443,2,FAILED_OR_BLOCKED,18,99,6,5,99,3
Proposed Failure-Aware Carbon,0.5,3,Low,0.5,20274231,356.3798775838591,0.0033551152909151566,0.3375722795981218,,18,7,38.88888888888889,5,2,9.359796979767777,2,FAILED_OR_BLOCKED,18,99,6,6,99,3
Round Robin,0.5,3,Medium,1.0,20274329,359.80108011977416,0.0038154709871374153,1.1116184188795502,,22,4,18.181818181818183,8,1,7.588611497614111,3,FAILED_OR_BLOCKED,22,101,10,9,101,1
Least Loaded,0.5,3,Medium,1.0,20274329,359.80108011977416,0.004343152065258369,1.2279048332117128,,23,4,17.391304347826086,9,1,5.0,1,FAILED_OR_BLOCKED,23,101,10,10,101,1
Performance Only,0.5,3,Medium,1.0,20274329,359.80108011977416,0.0044543512328941845,1.247498396531286,,21,6,28.57142857142857,9,1,6.428571428571428,3,FAILED_OR_BLOCKED,21,101,6,6,101,1
CEDAR-inspired,0.5,3,Medium,1.0,20274329,359.80108011977416,0.0030230336478505706,0.8167404864264113,,15,4,26.666666666666668,5,1,7.27168611245908,3,FAILED_OR_BLOCKED,15,101,6,5,101,1
Proposed Failure-Aware Carbon,0.5,3,Medium,1.0,20274329,359.80108011977416,0.0030102127594336487,0.7311666122379424,,15,3,20.0,5,1,9.357142857142858,2,FAILED_OR_BLOCKED,15,101,7,6,101,1
Round Robin,0.5,3,Medium,1.0,20274330,358.4196028033757,0.004222338427965335,1.0723506396758784,,24,8,33.33333333333333,5,3,6.766986368870485,3,FAILED_OR_BLOCKED,24,111,11,10,111,2
Least Loaded,0.5,3,Medium,1.0,20274330,358.4196028033757,0.004168008389199075,1.0557492243944149,,24,6,25.0,7,2,6.766986368870485,3,FAILED_OR_BLOCKED,24,111,11,9,111,2
Performance Only,0.5,3,Medium,1.0,20274330,358.4196028033757,0.0035073310424163498,0.8856132046185505,,21,5,23.809523809523807,5,3,3.5714285714285716,1,FAILED_OR_BLOCKED,21,111,11,10,111,2
CEDAR-inspired,0.5,3,Medium,1.0,20274330,358.4196028033757,0.0030276428158894733,0.7754488866651491,,17,5,29.411764705882355,4,3,3.5714285714285716,1,FAILED_OR_BLOCKED,17,111,8,7,111,2
Proposed Failure-Aware Carbon,0.5,3,Medium,1.0,20274330,358.4196028033757,0.0032311718081169463,0.6580350643153163,,16,4,25.0,6,2,5.0,1,FAILED_OR_BLOCKED,16,111,6,5,111,2
Round Robin,0.5,3,Medium,1.0,20274331,356.9500756664864,0.002690662958636308,0.6435325534553831,,18,3,16.666666666666664,5,1,8.88978991849054,2,FAILED_OR_BLOCKED,18,98,10,9,98,3
Least Loaded,0.5,3,Medium,1.0,20274331,356.9500756664864,0.002696281983333643,0.6380256692681868,,16,4,25.0,5,1,11.318233110683188,2,FAILED_OR_BLOCKED,16,98,7,6,98,3
Performance Only,0.5,3,Medium,1.0,20274331,356.9500756664864,0.002963797255170942,0.6366199059604204,,20,4,20.0,5,1,12.59770764230085,2,FAILED_OR_BLOCKED,20,98,11,10,98,3
CEDAR-inspired,0.5,3,Medium,1.0,20274331,356.9500756664864,0.005417965164822897,1.1470885110076576,,33,8,24.242424242424242,9,1,10.916204352978339,5,FAILED_OR_BLOCKED,33,98,16,15,98,3
Proposed Failure-Aware Carbon,0.5,3,Medium,1.0,20274331,356.9500756664864,0.0027400057507457978,0.49038015872595,,20,5,25.0,4,2,7.2971584180325975,3,FAILED_OR_BLOCKED,20,98,11,9,98,3
Round Robin,0.5,3,High,1.5,20274429,355.32295923328485,0.0029069005886175046,1.2217164696905176,,16,3,18.75,5,2,7.5,1,FAILED_OR_BLOCKED,16,105,8,6,105,1
Least Loaded,0.5,3,High,1.5,20274429,355.32295923328485,0.004196252634916841,1.4995663119024116,,24,7,29.166666666666668,8,1,11.54882711842986,3,FAILED_OR_BLOCKED,24,105,9,8,105,1
Performance Only,0.5,3,High,1.5,20274429,355.32295923328485,0.0033417694965324272,1.2603019875791286,,21,3,14.285714285714285,5,2,6.646039444470205,1,FAILED_OR_BLOCKED,21,105,13,11,105,1
CEDAR-inspired,0.5,3,High,1.5,20274429,355.32295923328485,0.004629808265632227,1.7164687045142,,28,5,17.857142857142858,9,1,9.373576887595291,2,FAILED_OR_BLOCKED,28,105,14,13,105,1
Proposed Failure-Aware Carbon,0.5,3,High,1.5,20274429,355.32295923328485,0.004140550901993646,1.2063976699623677,,23,6,26.08695652173913,10,1,10.535935241123976,2,FAILED_OR_BLOCKED,23,105,7,6,105,1
Round Robin,0.5,3,High,1.5,20274430,360.79187271495033,0.0013207063565830216,0.5202459945896182,,12,2,16.666666666666664,0,3,0.0,0,FAILED_OR_BLOCKED,12,104,10,7,104,2
Least Loaded,0.5,3,High,1.5,20274430,360.79187271495033,0.0013207063565830216,0.5202459945896182,,12,2,16.666666666666664,0,3,0.0,0,FAILED_OR_BLOCKED,12,104,10,7,104,2
Performance Only,0.5,3,High,1.5,20274430,360.79187271495033,0.0014107033146769441,0.4572524645869133,,11,2,18.181818181818183,1,2,0.0,0,FAILED_OR_BLOCKED,11,104,8,6,104,2
CEDAR-inspired,0.5,3,High,1.5,20274430,360.79187271495033,0.0013627421597022565,0.42710425640620936,,11,2,18.181818181818183,1,2,0.0,0,FAILED_OR_BLOCKED,11,104,8,7,104,2
Proposed Failure-Aware Carbon,0.5,3,High,1.5,20274430,360.79187271495033,0.001323852401088618,0.3886033953787073,,12,2,16.666666666666664,1,2,0.0,0,FAILED_OR_BLOCKED,12,104,9,8,104,2
Round Robin,0.5,3,High,1.5,20274431,356.5095016269511,0.0035684391460051694,1.3331103813038585,,25,6,24.0,4,3,7.028403494907592,3,FAILED_OR_BLOCKED,25,109,15,13,109,3
Least Loaded,0.5,3,High,1.5,20274431,356.5095016269511,0.003698068775634799,1.367554825748303,,26,6,23.076923076923077,5,3,7.028403494907592,3,FAILED_OR_BLOCKED,26,109,15,13,109,3
Performance Only,0.5,3,High,1.5,20274431,356.5095016269511,0.0037937822367500773,1.5636403630671163,,25,6,24.0,4,3,3.928571428571429,2,FAILED_OR_BLOCKED,25,109,15,14,109,3
CEDAR-inspired,0.5,3,High,1.5,20274431,356.5095016269511,0.0032175062377040207,1.1967274583038707,,20,7,35.0,3,3,6.428571428571428,2,FAILED_OR_BLOCKED,20,109,10,9,109,3
Proposed Failure-Aware Carbon,0.5,3,High,1.5,20274431,356.5095016269511,0.0021078217512245276,0.749123903998426,,14,5,35.714285714285715,3,2,7.142857142857142,1,FAILED_OR_BLOCKED,14,109,6,5,109,3
Round Robin,0.5,1,Low,0.5,20274529,357.5151509656807,0.004721881597183804,0.7062908992578463,,23,8,34.78260869565217,6,2,13.08392349936393,3,FAILED_OR_BLOCKED,23,102,9,8,102,1
Least Loaded,0.5,1,Low,0.5,20274529,357.5151509656807,0.004726030274397973,0.7082407775485056,,23,8,34.78260869565217,6,2,13.08392349936393,3,FAILED_OR_BLOCKED,23,102,9,8,102,1
Performance Only,0.5,1,Low,0.5,20274529,357.5151509656807,0.0038981306632807603,0.525806818662739,,20,8,40.0,4,3,13.96693691292551,2,FAILED_OR_BLOCKED,20,102,8,7,102,1
CEDAR-inspired,0.5,1,Low,0.5,20274529,357.5151509656807,0.0038981306632807603,0.525806818662739,,20,8,40.0,4,3,13.96693691292551,2,FAILED_OR_BLOCKED,20,102,8,7,102,1
Proposed Failure-Aware Carbon,0.5,1,Low,0.5,20274529,357.5151509656807,0.004384535420064548,0.6705111414262691,,20,9,45.0,3,4,6.666666666666667,1,FAILED_OR_BLOCKED,20,102,8,7,102,1
Round Robin,0.5,1,Low,0.5,20274530,359.3133436736498,0.003993366657991523,0.6236675176109674,,23,3,13.043478260869565,7,2,6.032386941590303,3,FAILED_OR_BLOCKED,23,110,13,11,110,2
Least Loaded,0.5,1,Low,0.5,20274530,359.3133436736498,0.0035631194796892636,0.5468473490943595,,19,3,15.789473684210526,6,2,6.083333333333332,2,FAILED_OR_BLOCKED,19,110,10,8,110,2
Performance Only,0.5,1,Low,0.5,20274530,359.3133436736498,0.004241125397430215,0.6457442524596589,,21,6,28.57142857142857,5,3,4.999999999999998,1,FAILED_OR_BLOCKED,21,110,10,8,110,2
CEDAR-inspired,0.5,1,Low,0.5,20274530,359.3133436736498,0.004241125397430215,0.6457442524596589,,21,6,28.57142857142857,5,3,4.999999999999998,1,FAILED_OR_BLOCKED,21,110,10,8,110,2
Proposed Failure-Aware Carbon,0.5,1,Low,0.5,20274530,359.3133436736498,0.004235599566201806,0.6419618836039056,,21,6,28.57142857142857,5,3,4.999999999999998,1,FAILED_OR_BLOCKED,21,110,10,8,110,2
Round Robin,0.5,1,Low,0.5,20274531,354.4916538421907,0.0029159909848881817,0.45341518074671294,,12,6,50.0,2,2,0.0,0,FAILED_OR_BLOCKED,12,104,4,4,104,3
Least Loaded,0.5,1,Low,0.5,20274531,354.4916538421907,0.0029159909848881817,0.45341518074671294,,12,6,50.0,2,2,0.0,0,FAILED_OR_BLOCKED,12,104,4,4,104,3
Performance Only,0.5,1,Low,0.5,20274531,354.4916538421907,0.002600111931460051,0.4076416867560272,,12,7,58.333333333333336,0,3,0.0,0,FAILED_OR_BLOCKED,12,104,5,5,104,3
CEDAR-inspired,0.5,1,Low,0.5,20274531,354.4916538421907,0.002600111931460051,0.4076416867560272,,12,7,58.333333333333336,0,3,0.0,0,FAILED_OR_BLOCKED,12,104,5,5,104,3
Proposed Failure-Aware Carbon,0.5,1,Low,0.5,20274531,354.4916538421907,0.002600111931460051,0.4076416867560272,,12,7,58.333333333333336,0,3,0.0,0,FAILED_OR_BLOCKED,12,104,5,5,104,3
Round Robin,0.5,1,Medium,1.0,20274629,360.0828459665956,0.0034479535380386142,0.8696878591024071,,18,7,38.88888888888889,5,1,8.0,4,FAILED_OR_BLOCKED,18,99,6,5,99,1
Least Loaded,0.5,1,Medium,1.0,20274629,360.0828459665956,0.0033900170301021065,0.8007513511658991,,18,7,38.88888888888889,5,1,8.125,4,FAILED_OR_BLOCKED,18,99,6,5,99,1
Performance Only,0.5,1,Medium,1.0,20274629,360.0828459665956,0.005630480047620966,1.4577933920766433,,30,10,33.33333333333333,10,1,7.928145430615718,5,FAILED_OR_BLOCKED,30,99,10,10,99,1
CEDAR-inspired,0.5,1,Medium,1.0,20274629,360.0828459665956,0.005630480047620966,1.4577933920766433,,30,10,33.33333333333333,10,1,7.928145430615718,5,FAILED_OR_BLOCKED,30,99,10,10,99,1
Proposed Failure-Aware Carbon,0.5,1,Medium,1.0,20274629,360.0828459665956,0.0055218745806768525,1.3766191594008166,,29,11,37.93103448275862,10,1,8.590476190476192,5,FAILED_OR_BLOCKED,29,99,8,8,99,1
Round Robin,0.5,1,Medium,1.0,20274630,360.996562029403,0.004637740657345176,1.2284752455635415,,24,6,25.0,9,1,8.208333333333334,4,FAILED_OR_BLOCKED,24,107,9,8,107,2
Least Loaded,0.5,1,Medium,1.0,20274630,360.996562029403,0.004585888805493325,1.1704011714894675,,24,6,25.0,9,1,8.5,4,FAILED_OR_BLOCKED,24,107,9,8,107,2
Performance Only,0.5,1,Medium,1.0,20274630,360.996562029403,0.003191985346029162,0.7664633314355203,,20,3,15.0,9,1,5.492112685777857,2,FAILED_OR_BLOCKED,20,107,8,7,107,2
CEDAR-inspired,0.5,1,Medium,1.0,20274630,360.996562029403,0.003191985346029162,0.7664633314355203,,20,3,15.0,9,1,5.492112685777857,2,FAILED_OR_BLOCKED,20,107,8,7,107,2
Proposed Failure-Aware Carbon,0.5,1,Medium,1.0,20274630,360.996562029403,0.003069382011924099,0.693237886759557,,18,3,16.666666666666664,9,1,5.666666666666667,2,FAILED_OR_BLOCKED,18,107,6,5,107,2
Round Robin,0.5,1,Medium,1.0,20274631,360.6540461800605,0.0027673246872311746,0.8030551006664883,,13,4,30.76923076923077,4,2,0.0,0,FAILED_OR_BLOCKED,13,99,5,4,99,3
Least Loaded,0.5,1,Medium,1.0,20274631,360.6540461800605,0.0027673246872311746,0.8030551006664883,,13,4,30.76923076923077,4,2,0.0,0,FAILED_OR_BLOCKED,13,99,5,4,99,3
Performance Only,0.5,1,Medium,1.0,20274631,360.6540461800605,0.002324062836654375,0.6903798197195297,,12,3,25.0,5,1,5.7280988454276205,1,FAILED_OR_BLOCKED,12,99,4,3,99,3
CEDAR-inspired,0.5,1,Medium,1.0,20274631,360.6540461800605,0.002324062836654375,0.6903798197195297,,12,3,25.0,5,1,5.7280988454276205,1,FAILED_OR_BLOCKED,12,99,4,3,99,3
Proposed Failure-Aware Carbon,0.5,1,Medium,1.0,20274631,360.6540461800605,0.002324062836654375,0.6903798197195297,,12,3,25.0,5,1,5.7280988454276205,1,FAILED_OR_BLOCKED,12,99,4,3,99,3
Round Robin,0.5,1,High,1.5,20274729,357.3718709958142,0.0033218964005609034,1.4505829863033957,,17,5,29.411764705882355,4,2,4.5,2,FAILED_OR_BLOCKED,17,110,8,6,110,1
Least Loaded,0.5,1,High,1.5,20274729,357.3718709958142,0.0029923448326147285,1.0739454335066714,,17,6,35.294117647058826,4,2,4.5,2,FAILED_OR_BLOCKED,17,110,7,5,110,1
Performance Only,0.5,1,High,1.5,20274729,357.3718709958142,0.002864167899859851,1.043780862332367,,17,3,17.647058823529413,5,1,11.570443572781258,2,FAILED_OR_BLOCKED,17,110,9,8,110,1
CEDAR-inspired,0.5,1,High,1.5,20274729,357.3718709958142,0.002864167899859851,1.043780862332367,,17,3,17.647058823529413,5,1,11.570443572781258,2,FAILED_OR_BLOCKED,17,110,9,8,110,1
Proposed Failure-Aware Carbon,0.5,1,High,1.5,20274729,357.3718709958142,0.002799897657246804,0.9537332177306164,,17,5,29.411764705882355,4,2,7.07176421465336,1,FAILED_OR_BLOCKED,17,110,8,6,110,1
Round Robin,0.5,1,High,1.5,20274730,355.10242021843226,0.0032562750690483112,1.5830335201116383,,15,5,33.33333333333333,5,1,5.625,2,FAILED_OR_BLOCKED,15,99,5,5,99,2
Least Loaded,0.5,1,High,1.5,20274730,355.10242021843226,0.0029321893485211793,1.3846528936876765,,15,5,33.33333333333333,3,2,5.0,1,FAILED_OR_BLOCKED,15,99,7,6,99,2
Performance Only,0.5,1,High,1.5,20274730,355.10242021843226,0.0018772330961872312,0.7222762734536288,,10,2,20.0,5,1,0.0,0,FAILED_OR_BLOCKED,10,99,3,2,99,2
CEDAR-inspired,0.5,1,High,1.5,20274730,355.10242021843226,0.0018772330961872312,0.7222762734536288,,10,2,20.0,5,1,0.0,0,FAILED_OR_BLOCKED,10,99,3,2,99,2
Proposed Failure-Aware Carbon,0.5,1,High,1.5,20274730,355.10242021843226,0.002628410480433158,0.9408703242628386,,12,3,25.0,4,2,0.0,0,FAILED_OR_BLOCKED,12,99,5,4,99,2
Round Robin,0.5,1,High,1.5,20274731,358.7649736372317,0.004118482748378422,1.932808499322309,,21,9,42.857142857142854,3,3,10.297620933843147,3,FAILED_OR_BLOCKED,21,104,9,7,104,3
Least Loaded,0.5,1,High,1.5,20274731,358.7649736372317,0.004503563977663919,1.993773032614859,,20,7,35.0,5,2,7.904761904761905,3,FAILED_OR_BLOCKED,20,104,8,6,104,3
Performance Only,0.5,1,High,1.5,20274731,358.7649736372317,0.0031630951842751,1.4253850187265373,,15,4,26.666666666666668,4,2,5.571428571428572,2,FAILED_OR_BLOCKED,15,104,7,5,104,3
CEDAR-inspired,0.5,1,High,1.5,20274731,358.7649736372317,0.0031630951842751,1.4253850187265373,,15,4,26.666666666666668,4,2,5.571428571428572,2,FAILED_OR_BLOCKED,15,104,7,5,104,3
Proposed Failure-Aware Carbon,0.5,1,High,1.5,20274731,358.7649736372317,0.003884698174064819,1.585069577376069,,20,7,35.0,4,3,7.8690476190476195,2,FAILED_OR_BLOCKED,20,104,9,7,104,3
Round Robin,0.5,2,Low,0.5,20274829,349.2931866331287,0.0035577318781792122,0.46736983036332846,,18,5,27.77777777777778,6,2,5.0,1,FAILED_OR_BLOCKED,18,99,7,6,99,1
Least Loaded,0.5,2,Low,0.5,20274829,349.2931866331287,0.003838735416395158,0.4742257982583431,,19,7,36.84210526315789,6,2,5.061487086001511,2,FAILED_OR_BLOCKED,19,99,6,5,99,1
Performance Only,0.5,2,Low,0.5,20274829,349.2931866331287,0.002360560149963665,0.26489883730936453,,13,4,30.76923076923077,5,1,5.833333333333336,1,FAILED_OR_BLOCKED,13,99,4,4,99,1
CEDAR-inspired,0.5,2,Low,0.5,20274829,349.2931866331287,0.0023369095755985878,0.24331421411756596,,12,5,41.66666666666667,5,1,5.904652601670176,2,FAILED_OR_BLOCKED,12,99,2,2,99,1
Proposed Failure-Aware Carbon,0.5,2,Low,0.5,20274829,349.2931866331287,0.0022441024178793748,0.22180054786709139,,12,5,41.66666666666667,5,1,5.161766209663228,2,FAILED_OR_BLOCKED,12,99,2,2,99,1
Round Robin,0.5,2,Low,0.5,20274830,357.20770897046594,0.004106233975037281,0.7282093778220338,,19,8,42.10526315789473,2,3,7.093843450699913,1,FAILED_OR_BLOCKED,19,103,9,7,103,2
Least Loaded,0.5,2,Low,0.5,20274830,357.20770897046594,0.004540285310123123,0.7023640638718606,,22,8,36.36363636363637,4,2,6.304409598986107,2,FAILED_OR_BLOCKED,22,103,10,9,103,2
Performance Only,0.5,2,Low,0.5,20274830,357.20770897046594,0.0029426227163425623,0.42115560194413226,,15,6,40.0,4,2,3.5714285714285716,1,FAILED_OR_BLOCKED,15,103,5,4,103,2
CEDAR-inspired,0.5,2,Low,0.5,20274830,357.20770897046594,0.0039877440039109095,0.5452489062254144,,18,6,33.33333333333333,8,1,9.3338629062602,3,FAILED_OR_BLOCKED,18,103,4,4,103,2
Proposed Failure-Aware Carbon,0.5,2,Low,0.5,20274830,357.20770897046594,0.0028679864671818777,0.38826774378768786,,15,5,33.33333333333333,4,2,4.642857142857143,2,FAILED_OR_BLOCKED,15,103,6,4,103,2
Round Robin,0.5,2,Low,0.5,20274831,359.754813418363,0.0026230385235866643,0.367036158278002,,20,3,15.0,2,3,0.0,0,FAILED_OR_BLOCKED,20,109,15,14,109,3
Least Loaded,0.5,2,Low,0.5,20274831,359.754813418363,0.003103938900477796,0.39815897425242197,,22,3,13.636363636363635,3,3,3.571428571428573,1,FAILED_OR_BLOCKED,22,109,16,14,109,3
Performance Only,0.5,2,Low,0.5,20274831,359.754813418363,0.002032326769800309,0.36253859084389006,,12,2,16.666666666666664,1,2,8.976126482310733,1,FAILED_OR_BLOCKED,12,109,9,8,109,3
CEDAR-inspired,0.5,2,Low,0.5,20274831,359.754813418363,0.0011792664007584724,0.17215221500672573,,10,1,10.0,1,2,0.0,0,FAILED_OR_BLOCKED,10,109,8,7,109,3
Proposed Failure-Aware Carbon,0.5,2,Low,0.5,20274831,359.754813418363,0.0009243834510998742,0.13916442826922268,,10,0,0.0,1,2,0.0,0,FAILED_OR_BLOCKED,10,109,9,7,109,3
Round Robin,0.5,2,Medium,1.0,20274929,357.85455342834956,0.0055950574652164665,1.946854677866754,,25,6,24.0,10,1,6.101190476190477,4,FAILED_OR_BLOCKED,25,109,9,8,109,1
Least Loaded,0.5,2,Medium,1.0,20274929,357.85455342834956,0.0050126086311744755,1.7630474166869359,,21,5,23.809523809523807,10,1,6.674024163735942,3,FAILED_OR_BLOCKED,21,109,6,5,109,1
Performance Only,0.5,2,Medium,1.0,20274929,357.85455342834956,0.004188225830472799,1.2465663967968166,,21,6,28.57142857142857,8,2,6.070338205062359,3,FAILED_OR_BLOCKED,21,109,7,6,109,1
CEDAR-inspired,0.5,2,Medium,1.0,20274929,357.85455342834956,0.00427821273037305,1.3043637781038055,,21,6,28.57142857142857,8,2,7.0221739742602045,2,FAILED_OR_BLOCKED,21,109,7,6,109,1
Proposed Failure-Aware Carbon,0.5,2,Medium,1.0,20274929,357.85455342834956,0.00445178626938927,1.2214150241344999,,23,6,26.08695652173913,8,2,7.0221739742602045,2,FAILED_OR_BLOCKED,23,109,9,7,109,1
Round Robin,0.5,2,Medium,1.0,20274930,356.0105001278154,0.003573257649468776,1.041460453268697,,24,3,12.5,7,2,3.928571428571429,2,FAILED_OR_BLOCKED,24,107,14,13,107,2
Least Loaded,0.5,2,Medium,1.0,20274930,356.0105001278154,0.002715423522351037,0.7721399252323257,,18,3,16.666666666666664,6,2,3.928571428571429,2,FAILED_OR_BLOCKED,18,107,9,8,107,2
Performance Only,0.5,2,Medium,1.0,20274930,356.0105001278154,0.0021123526404207373,0.5533185639680815,,13,1,7.6923076923076925,5,1,0.0,0,FAILED_OR_BLOCKED,13,107,7,6,107,2
CEDAR-inspired,0.5,2,Medium,1.0,20274930,356.0105001278154,0.001962240602867738,0.5090472208178337,,13,3,23.076923076923077,3,2,0.0,0,FAILED_OR_BLOCKED,13,107,7,6,107,2
Proposed Failure-Aware Carbon,0.5,2,Medium,1.0,20274930,356.0105001278154,0.0025978991597598662,0.6727257253190522,,18,3,16.666666666666664,6,2,3.928571428571429,2,FAILED_OR_BLOCKED,18,107,9,8,107,2
Round Robin,0.5,2,Medium,1.0,20274931,360.4195141054565,0.0015792039557929335,0.5680127334232317,,12,2,16.666666666666664,0,3,0.0,0,FAILED_OR_BLOCKED,12,117,10,8,117,3
Least Loaded,0.5,2,Medium,1.0,20274931,360.4195141054565,0.0017992556729599148,0.5897574445333009,,12,3,25.0,0,3,0.0,0,FAILED_OR_BLOCKED,12,117,9,8,117,3
Performance Only,0.5,2,Medium,1.0,20274931,360.4195141054565,0.0017492302316004615,0.591476996844288,,11,2,18.181818181818183,1,2,0.0,0,FAILED_OR_BLOCKED,11,117,8,7,117,3
CEDAR-inspired,0.5,2,Medium,1.0,20274931,360.4195141054565,0.0017125086167910266,0.5662358522223637,,12,3,25.0,0,3,0.0,0,FAILED_OR_BLOCKED,12,117,9,8,117,3
Proposed Failure-Aware Carbon,0.5,2,Medium,1.0,20274931,360.4195141054565,0.001928220673532903,0.5698829808960527,,12,3,25.0,0,3,0.0,0,FAILED_OR_BLOCKED,12,117,9,8,117,3
Round Robin,0.5,2,High,1.5,20275029,360.4615501682697,0.005721405225382727,2.2992333879335938,,30,6,20.0,9,1,13.648160368919552,3,FAILED_OR_BLOCKED,30,121,15,15,121,1
Least Loaded,0.5,2,High,1.5,20275029,360.4615501682697,0.006230998172939428,2.621668891282074,,34,7,20.588235294117645,7,3,8.910514079439977,2,FAILED_OR_BLOCKED,34,121,20,17,121,1
Performance Only,0.5,2,High,1.5,20275029,360.4615501682697,0.0037117360066881507,1.659089497267602,,19,4,21.052631578947366,3,3,0.0,0,FAILED_OR_BLOCKED,19,121,12,10,121,1
CEDAR-inspired,0.5,2,High,1.5,20275029,360.4615501682697,0.00352722721202255,1.563590320296303,,18,3,16.666666666666664,4,2,0.0,0,FAILED_OR_BLOCKED,18,121,11,9,121,1
Proposed Failure-Aware Carbon,0.5,2,High,1.5,20275029,360.4615501682697,0.0025792004424848697,1.2223116073376803,,15,2,13.333333333333334,3,2,0.0,0,FAILED_OR_BLOCKED,15,121,10,8,121,1
Round Robin,0.5,2,High,1.5,20275030,360.66325890737977,0.006105474090713485,3.401787849289266,,26,7,26.923076923076923,8,2,9.382587994116134,3,FAILED_OR_BLOCKED,26,111,11,9,111,2
Least Loaded,0.5,2,High,1.5,20275030,360.66325890737977,0.005436479311183704,2.7575372420001703,,26,7,26.923076923076923,8,2,8.561006120236454,3,FAILED_OR_BLOCKED,26,111,11,9,111,2
Performance Only,0.5,2,High,1.5,20275030,360.66325890737977,0.00250006599786646,0.9704376369619414,,13,1,7.6923076923076925,5,1,0.0,0,FAILED_OR_BLOCKED,13,111,7,7,111,2
CEDAR-inspired,0.5,2,High,1.5,20275030,360.66325890737977,0.0034427713441598827,1.323414663253805,,18,8,44.44444444444444,4,2,6.571428571428573,2,FAILED_OR_BLOCKED,18,111,6,5,111,2
Proposed Failure-Aware Carbon,0.5,2,High,1.5,20275030,360.66325890737977,0.0023760232742378058,0.8701315627699872,,12,1,8.333333333333332,5,1,6.0,1,FAILED_OR_BLOCKED,12,111,6,5,111,2
Round Robin,0.5,2,High,1.5,20275031,359.5644884209342,0.0019910650155727776,0.9778900072231896,,11,2,18.181818181818183,1,2,4.285714285714285,1,FAILED_OR_BLOCKED,11,112,8,7,112,3
Least Loaded,0.5,2,High,1.5,20275031,359.5644884209342,0.0019910650155727776,0.9778900072231896,,11,2,18.181818181818183,1,2,4.285714285714285,1,FAILED_OR_BLOCKED,11,112,8,7,112,3
Performance Only,0.5,2,High,1.5,20275031,359.5644884209342,0.0023162452591245653,0.9474565827223835,,16,3,18.75,5,1,5.595238095238095,2,FAILED_OR_BLOCKED,16,112,8,7,112,3
CEDAR-inspired,0.5,2,High,1.5,20275031,359.5644884209342,0.002888914671901473,1.2657023873045345,,19,5,26.31578947368421,4,2,8.333333333333334,2,FAILED_OR_BLOCKED,19,112,10,8,112,3
Proposed Failure-Aware Carbon,0.5,2,High,1.5,20275031,359.5644884209342,0.003077771646329942,1.1939426744476906,,20,5,25.0,4,2,9.416666666666668,2,FAILED_OR_BLOCKED,20,112,11,9,112,3
Round Robin,0.5,3,Low,0.5,20275129,357.48872178507827,0.00287833294444033,0.4605600580344632,,17,4,23.52941176470588,3,3,0.0,0,FAILED_OR_BLOCKED,17,118,10,8,118,1
Least Loaded,0.5,3,Low,0.5,20275129,357.48872178507827,0.0027227633913044975,0.41991847278284755,,16,4,25.0,3,3,0.0,0,FAILED_OR_BLOCKED,16,118,9,7,118,1
Performance Only,0.5,3,Low,0.5,20275129,357.48872178507827,0.0029820196265935126,0.40543311946187544,,21,3,14.285714285714285,5,3,3.80952380952381,3,FAILED_OR_BLOCKED,21,118,13,10,118,1
CEDAR-inspired,0.5,3,Low,0.5,20275129,357.48872178507827,0.0028313550785611197,0.3826281510799179,,21,4,19.047619047619047,4,3,3.928571428571429,2,FAILED_OR_BLOCKED,21,118,13,11,118,1
Proposed Failure-Aware Carbon,0.5,3,Low,0.5,20275129,357.48872178507827,0.002763518943351771,0.3470646554157589,,21,4,19.047619047619047,4,3,5.1190476190476195,2,FAILED_OR_BLOCKED,21,118,13,10,118,1
Round Robin,0.5,3,Low,0.5,20275130,357.8131460717859,0.004247467475661223,0.9423362205889365,,18,2,11.11111111111111,4,2,8.459230136428872,1,FAILED_OR_BLOCKED,18,102,12,10,102,2
Least Loaded,0.5,3,Low,0.5,20275130,357.8131460717859,0.004063398213290929,0.8805261542720806,,17,2,11.76470588235294,4,2,7.5,1,FAILED_OR_BLOCKED,17,102,11,9,102,2
Performance Only,0.5,3,Low,0.5,20275130,357.8131460717859,0.003632444994429079,0.7356368441774145,,17,5,29.411764705882355,3,2,6.089369076075157,3,FAILED_OR_BLOCKED,17,102,9,7,102,2
CEDAR-inspired,0.5,3,Low,0.5,20275130,357.8131460717859,0.006314571200331874,1.1965116825304902,,30,2,6.666666666666667,7,2,7.622472211071579,2,FAILED_OR_BLOCKED,30,102,21,19,102,2
Proposed Failure-Aware Carbon,0.5,3,Low,0.5,20275130,357.8131460717859,0.005793615349721281,1.1313929396887514,,28,1,3.571428571428571,7,2,3.5714285714285716,1,FAILED_OR_BLOCKED,28,102,20,18,102,2
Round Robin,0.5,3,Low,0.5,20275131,359.7874592762916,0.004761260438283011,0.6106448052057911,,25,8,32.0,7,2,7.370066899129309,2,FAILED_OR_BLOCKED,25,107,10,9,107,3
Least Loaded,0.5,3,Low,0.5,20275131,359.7874592762916,0.004921925859340786,0.6193125423030049,,25,7,28.000000000000004,8,1,10.051140641973648,2,FAILED_OR_BLOCKED,25,107,10,10,107,3
Performance Only,0.5,3,Low,0.5,20275131,359.7874592762916,0.00210893805056098,0.21458948989443796,,15,2,13.333333333333334,5,1,4.2321673443248535,1,FAILED_OR_BLOCKED,15,107,8,7,107,3
CEDAR-inspired,0.5,3,Low,0.5,20275131,359.7874592762916,0.003696626012128547,0.39690583277028496,,22,6,27.27272727272727,8,1,5.833333333333335,3,FAILED_OR_BLOCKED,22,107,8,8,107,3
Proposed Failure-Aware Carbon,0.5,3,Low,0.5,20275131,359.7874592762916,0.002208467126902522,0.19183248027247923,,12,4,33.33333333333333,5,1,5.083333333333334,2,FAILED_OR_BLOCKED,12,107,3,3,107,3
Round Robin,0.5,3,Medium,1.0,20275229,360.5973599440066,0.0015521061721684856,0.6224895304791244,,9,2,22.22222222222222,1,2,0.0,0,FAILED_OR_BLOCKED,9,120,6,4,120,1
Least Loaded,0.5,3,Medium,1.0,20275229,360.5973599440066,0.0012902182370127856,0.5006253698804707,,9,2,22.22222222222222,1,2,0.0,0,FAILED_OR_BLOCKED,9,120,6,4,120,1
Performance Only,0.5,3,Medium,1.0,20275229,360.5973599440066,0.0008676530973064368,0.2538890735615475,,9,2,22.22222222222222,1,2,0.0,0,FAILED_OR_BLOCKED,9,120,6,4,120,1
CEDAR-inspired,0.5,3,Medium,1.0,20275229,360.5973599440066,0.0013945398877061343,0.45079048647685854,,9,1,11.11111111111111,1,2,0.0,0,FAILED_OR_BLOCKED,9,120,7,5,120,1
Proposed Failure-Aware Carbon,0.5,3,Medium,1.0,20275229,360.5973599440066,0.0011864124848414213,0.3554855872553957,,9,1,11.11111111111111,1,2,0.0,0,FAILED_OR_BLOCKED,9,120,7,5,120,1
Round Robin,0.5,3,Medium,1.0,20275230,359.8831959818577,0.0014849085992318647,0.48574831885395203,,12,3,25.0,0,3,0.0,0,FAILED_OR_BLOCKED,12,108,9,6,108,2
Least Loaded,0.5,3,Medium,1.0,20275230,359.8831959818577,0.001814458379962831,0.578993752918136,,12,2,16.666666666666664,0,3,0.0,0,FAILED_OR_BLOCKED,12,108,10,7,108,2
Performance Only,0.5,3,Medium,1.0,20275230,359.8831959818577,0.0012532690178216777,0.3992909186800841,,9,3,33.33333333333333,1,2,0.0,0,FAILED_OR_BLOCKED,9,108,5,3,108,2
CEDAR-inspired,0.5,3,Medium,1.0,20275230,359.8831959818577,0.001145927540936429,0.32291068796397293,,9,2,22.22222222222222,1,2,0.0,0,FAILED_OR_BLOCKED,9,108,6,4,108,2
Proposed Failure-Aware Carbon,0.5,3,Medium,1.0,20275230,359.8831959818577,0.001154613917517258,0.29778655365017725,,9,2,22.22222222222222,1,2,0.0,0,FAILED_OR_BLOCKED,9,108,6,4,108,2
Round Robin,0.5,3,Medium,1.0,20275231,356.62131891706747,0.0024953481636612773,0.6981500270498469,,12,3,25.0,5,1,5.833333333333332,1,FAILED_OR_BLOCKED,12,114,4,3,114,3
Least Loaded,0.5,3,Medium,1.0,20275231,356.62131891706747,0.005399684917331847,1.3914028540368644,,28,11,39.285714285714285,7,3,7.611602627510607,3,FAILED_OR_BLOCKED,28,114,10,9,114,3
Performance Only,0.5,3,Medium,1.0,20275231,356.62131891706747,0.004201361750253266,1.1981863028537572,,20,9,45.0,8,2,4.920634920634921,3,FAILED_OR_BLOCKED,20,114,3,2,114,3
CEDAR-inspired,0.5,3,Medium,1.0,20275231,356.62131891706747,0.003914770874944211,0.9983685073270664,,19,8,42.10526315789473,9,1,5.678519614777212,4,FAILED_OR_BLOCKED,19,114,2,2,114,3
Proposed Failure-Aware Carbon,0.5,3,Medium,1.0,20275231,356.62131891706747,0.004392617366000482,0.9057296083318995,,22,9,40.909090909090914,9,1,6.606041072261462,5,FAILED_OR_BLOCKED,22,114,4,4,114,3
Round Robin,0.5,3,High,1.5,20275329,359.0230606682577,0.0031870375702498462,1.8374175682992273,,18,4,22.22222222222222,2,3,6.666666666666664,1,FAILED_OR_BLOCKED,18,101,12,9,101,1
Least Loaded,0.5,3,High,1.5,20275329,359.0230606682577,0.0032587968295091055,1.839431457188116,,18,4,22.22222222222222,2,3,3.333333333333332,1,FAILED_OR_BLOCKED,18,101,12,10,101,1
Performance Only,0.5,3,High,1.5,20275329,359.0230606682577,0.004068953737441448,2.141082298140266,,22,4,18.181818181818183,3,3,3.333333333333332,1,FAILED_OR_BLOCKED,22,101,15,13,101,1
CEDAR-inspired,0.5,3,High,1.5,20275329,359.0230606682577,0.0024249944409994425,1.5764273785442928,,12,3,25.0,0,3,0.0,0,FAILED_OR_BLOCKED,12,101,9,7,101,1
Proposed Failure-Aware Carbon,0.5,3,High,1.5,20275329,359.0230606682577,0.0023531790735650264,1.4787964400361924,,12,3,25.0,0,3,0.0,0,FAILED_OR_BLOCKED,12,101,9,7,101,1
Round Robin,0.5,3,High,1.5,20275330,355.65539437745446,0.001760239692639882,0.9728784003821467,,12,1,8.333333333333332,0,3,0.0,0,FAILED_OR_BLOCKED,12,119,11,9,119,2
Least Loaded,0.5,3,High,1.5,20275330,355.65539437745446,0.001760239692639882,0.9728784003821467,,12,1,8.333333333333332,0,3,0.0,0,FAILED_OR_BLOCKED,12,119,11,9,119,2
Performance Only,0.5,3,High,1.5,20275330,355.65539437745446,0.0017159613443492514,0.9954834436796677,,12,0,0.0,0,3,0.0,0,FAILED_OR_BLOCKED,12,119,12,9,119,2
CEDAR-inspired,0.5,3,High,1.5,20275330,355.65539437745446,0.0025983827110880615,1.2493052867853698,,16,0,0.0,1,3,0.0,0,FAILED_OR_BLOCKED,16,119,15,12,119,2
Proposed Failure-Aware Carbon,0.5,3,High,1.5,20275330,355.65539437745446,0.0030636477795137063,1.332794340025614,,19,1,5.263157894736842,2,3,0.0,0,FAILED_OR_BLOCKED,19,119,16,13,119,2
Round Robin,0.5,3,High,1.5,20275331,357.8275718473879,0.0032017347683158124,1.1705778137846414,,18,5,27.77777777777778,4,2,7.0,1,FAILED_OR_BLOCKED,18,108,9,8,108,3
Least Loaded,0.5,3,High,1.5,20275331,357.8275718473879,0.004042291373738999,1.7479064782939386,,20,2,10.0,8,1,6.203618200843197,2,FAILED_OR_BLOCKED,20,108,10,9,108,3
Performance Only,0.5,3,High,1.5,20275331,357.8275718473879,0.004183388646043565,1.574316638526064,,21,6,28.57142857142857,6,2,5.0,3,FAILED_OR_BLOCKED,21,108,9,8,108,3
CEDAR-inspired,0.5,3,High,1.5,20275331,357.8275718473879,0.00450060841127594,1.7988600082188204,,22,5,22.727272727272727,8,1,6.724401799208474,3,FAILED_OR_BLOCKED,22,108,9,8,108,3
Proposed Failure-Aware Carbon,0.5,3,High,1.5,20275331,357.8275718473879,0.003699739581090041,1.208270075444777,,21,3,14.285714285714285,7,2,5.0,1,FAILED_OR_BLOCKED,21,108,11,10,108,3
